station_id,date,precip_mm,air_temp_c,ndvi,sand_frac,clay_frac,elevation_m,sm_target
ST000,2016-01-01,0.0,-4.93,0.216,0.228,0.251,1321.6,0.2677
ST000,2016-01-08,0.0,-6.06,0.092,0.228,0.251,1321.6,0.1346
ST000,2016-01-15,0.0,-8.06,0.12,0.228,0.251,1321.6,0.1201
ST000,2016-01-22,0.0,-11.72,0.128,0.228,0.251,1321.6,0.0729
ST000,2016-01-29,0.0,-7.3,0.12,0.228,0.251,1321.6,0.0894
ST000,2016-02-05,0.0,-6.31,0.13,0.228,0.251,1321.6,0.0648
ST000,2016-02-12,0.0,-3.01,0.137,0.228,0.251,1321.6,0.1195
ST000,2016-02-19,2.15,-6.24,0.135,0.228,0.251,1321.6,0.1217
ST000,2016-02-26,0.0,-4.18,0.115,0.228,0.251,1321.6,0.0811
ST000,2016-03-04,0.0,-5.33,0.104,0.228,0.251,1321.6,0.0913
ST000,2016-03-11,0.0,-2.36,0.154,0.228,0.251,1321.6,0.0566
ST000,2016-03-18,0.0,-2.53,0.151,0.228,0.251,1321.6,0.1328
ST000,2016-03-25,0.0,-2.88,0.213,0.228,0.251,1321.6,0.1327
ST000,2016-04-01,0.0,2.17,0.198,0.228,0.251,1321.6,0.0632
ST000,2016-04-08,0.0,0.96,0.244,0.228,0.251,1321.6,0.1839
ST000,2016-04-15,0.0,3.39,0.205,0.228,0.251,1321.6,0.0924
ST000,2016-04-22,0.0,8.23,0.269,0.228,0.251,1321.6,0.2781
ST000,2016-04-29,0.0,8.15,0.312,0.228,0.251,1321.6,0.2315
ST000,2016-05-06,0.0,8.23,0.312,0.228,0.251,1321.6,0.1112
ST000,2016-05-13,0.0,13.6,0.341,0.228,0.251,1321.6,0.1738
ST000,2016-05-20,0.0,9.2,0.472,0.228,0.251,1321.6,0.124
ST000,2016-05-27,4.29,12.6,0.462,0.228,0.251,1321.6,0.1144
ST000,2016-06-03,0.0,14.53,0.479,0.228,0.251,1321.6,0.0693
ST000,2016-06-10,1.32,15.41,0.453,0.228,0.251,1321.6,0.382
ST000,2016-06-17,0.0,16.63,0.5,0.228,0.251,1321.6,0.3088
ST000,2016-06-24,31.25,12.26,0.552,0.228,0.251,1321.6,0.3523
ST000,2016-07-01,23.93,14.52,0.552,0.228,0.251,1321.6,0.3477
ST000,2016-07-08,0.0,12.1,0.536,0.228,0.251,1321.6,0.2472
ST000,2016-07-15,0.0,17.88,0.575,0.228,0.251,1321.6,0.1043
ST000,2016-07-22,13.04,17.61,0.582,0.228,0.251,1321.6,0.1312
ST000,2016-07-29,0.0,16.52,0.618,0.228,0.251,1321.6,0.1903
ST000,2016-08-05,0.0,12.06,0.527,0.228,0.251,1321.6,0.0587
ST000,2016-08-12,0.0,12.14,0.559,0.228,0.251,1321.6,0.1011
ST000,2016-08-19,0.0,12.57,0.618,0.228,0.251,1321.6,0.0492
ST000,2016-08-26,0.0,11.01,0.563,0.228,0.251,1321.6,0.0731
ST000,2016-09-02,0.0,11.68,0.481,0.228,0.251,1321.6,0.0388
ST000,2016-09-09,3.13,13.57,0.536,0.228,0.251,1321.6,0.0676
ST000,2016-09-16,0.0,14.25,0.527,0.228,0.251,1321.6,0.1159
ST000,2016-09-23,0.0,7.51,0.54,0.228,0.251,1321.6,0.0484
ST000,2016-09-30,0.0,6.52,0.464,0.228,0.251,1321.6,0.083
ST000,2016-10-07,0.0,5.14,0.478,0.228,0.251,1321.6,0.05
ST000,2016-10-14,0.0,6.25,0.494,0.228,0.251,1321.6,0.1042
ST000,2016-10-21,0.0,3.95,0.435,0.228,0.251,1321.6,0.0475
ST000,2016-10-28,0.0,2.1,0.412,0.228,0.251,1321.6,0.0464
ST000,2016-11-04,0.0,1.78,0.354,0.228,0.251,1321.6,0.1438
ST000,2016-11-11,0.0,-0.65,0.339,0.228,0.251,1321.6,0.1168
ST000,2016-11-18,0.0,-2.3,0.324,0.228,0.251,1321.6,0.0767
ST000,2016-11-25,0.0,0.41,0.327,0.228,0.251,1321.6,0.1705
ST000,2016-12-02,0.0,-8.04,0.239,0.228,0.251,1321.6,0.0893
ST000,2016-12-09,0.0,-3.27,0.25,0.228,0.251,1321.6,0.0681
ST000,2016-12-16,0.0,-3.91,0.205,0.228,0.251,1321.6,0.0866
ST000,2016-12-23,0.0,-4.22,0.178,0.228,0.251,1321.6,0.0532
ST000,2016-12-30,0.0,-6.99,0.146,0.228,0.251,1321.6,0.0406
ST000,2017-01-06,0.0,-7.33,0.122,0.228,0.251,1321.6,0.097
ST000,2017-01-13,0.0,-10.46,0.161,0.228,0.251,1321.6,0.0532
ST000,2017-01-20,0.0,-4.77,0.121,0.228,0.251,1321.6,0.0711
ST000,2017-01-27,0.0,-6.04,0.176,0.228,0.251,1321.6,0.0648
ST000,2017-02-03,0.0,-2.39,0.058,0.228,0.251,1321.6,0.0664
ST000,2017-02-10,0.0,-6.62,0.097,0.228,0.251,1321.6,0.048
ST000,2017-02-17,0.0,-2.81,0.092,0.228,0.251,1321.6,0.1374
ST000,2017-02-24,0.0,-3.59,0.085,0.228,0.251,1321.6,0.2406
ST000,2017-03-03,4.65,-3.01,0.113,0.228,0.251,1321.6,0.3056
ST000,2017-03-10,0.0,-1.84,0.149,0.228,0.251,1321.6,0.1478
ST000,2017-03-17,0.28,-2.67,0.152,0.228,0.251,1321.6,0.1021
ST000,2017-03-24,1.84,-1.5,0.194,0.228,0.251,1321.6,0.0795
ST000,2017-03-31,7.44,2.95,0.179,0.228,0.251,1321.6,0.3881
ST000,2017-04-07,30.49,5.25,0.265,0.228,0.251,1321.6,0.3587
ST000,2017-04-14,0.0,6.98,0.268,0.228,0.251,1321.6,0.3405
ST000,2017-04-21,0.0,5.23,0.256,0.228,0.251,1321.6,0.2747
ST000,2017-04-28,0.11,7.58,0.275,0.228,0.251,1321.6,0.27
ST000,2017-05-05,0.0,7.89,0.339,0.228,0.251,1321.6,0.3603
ST000,2017-05-12,0.0,8.67,0.351,0.228,0.251,1321.6,0.3304
ST000,2017-05-19,4.22,12.24,0.387,0.228,0.251,1321.6,0.2232
ST000,2017-05-26,0.0,11.74,0.462,0.228,0.251,1321.6,0.2484
ST000,2017-06-02,0.0,13.09,0.404,0.228,0.251,1321.6,0.1491
ST000,2017-06-09,34.21,11.53,0.486,0.228,0.251,1321.6,0.3303
ST000,2017-06-16,11.31,13.68,0.47,0.228,0.251,1321.6,0.2925
ST000,2017-06-23,28.33,16.13,0.458,0.228,0.251,1321.6,0.25
ST000,2017-06-30,17.03,14.44,0.523,0.228,0.251,1321.6,0.4011
ST000,2017-07-07,12.08,14.44,0.581,0.228,0.251,1321.6,0.2352
ST000,2017-07-14,0.0,13.84,0.548,0.228,0.251,1321.6,0.1804
ST000,2017-07-21,0.0,15.51,0.592,0.228,0.251,1321.6,0.2066
ST000,2017-07-28,0.0,14.78,0.582,0.228,0.251,1321.6,0.1015
ST000,2017-08-04,0.0,14.51,0.562,0.228,0.251,1321.6,0.0471
ST000,2017-08-11,0.0,16.21,0.543,0.228,0.251,1321.6,0.0347
ST000,2017-08-18,0.0,18.42,0.591,0.228,0.251,1321.6,0.0562
ST000,2017-08-25,0.0,14.19,0.555,0.228,0.251,1321.6,0.0416
ST000,2017-09-01,0.0,10.62,0.584,0.228,0.251,1321.6,0.0463
ST000,2017-09-08,0.0,7.26,0.599,0.228,0.251,1321.6,0.0687
ST000,2017-09-15,0.0,8.34,0.595,0.228,0.251,1321.6,0.0703
ST000,2017-09-22,0.0,8.33,0.489,0.228,0.251,1321.6,0.0449
ST000,2017-09-29,0.0,11.86,0.405,0.228,0.251,1321.6,0.049
ST000,2017-10-06,0.0,5.01,0.475,0.228,0.251,1321.6,0.0622
ST000,2017-10-13,0.0,5.4,0.496,0.228,0.251,1321.6,0.0472
ST000,2017-10-20,0.0,3.6,0.499,0.228,0.251,1321.6,0.0496
ST000,2017-10-27,0.0,8.99,0.406,0.228,0.251,1321.6,0.0523
ST000,2017-11-03,0.0,0.35,0.343,0.228,0.251,1321.6,0.0436
ST000,2017-11-10,0.0,4.31,0.356,0.228,0.251,1321.6,0.0411
ST000,2017-11-17,5.25,-1.18,0.346,0.228,0.251,1321.6,0.0764
ST000,2017-11-24,0.0,-6.23,0.273,0.228,0.251,1321.6,0.0431
ST000,2017-12-01,0.0,-6.58,0.258,0.228,0.251,1321.6,0.0746
ST000,2017-12-08,0.0,-6.63,0.252,0.228,0.251,1321.6,0.0667
ST000,2017-12-15,0.0,-5.51,0.199,0.228,0.251,1321.6,0.1306
ST000,2017-12-22,0.0,-7.14,0.163,0.228,0.251,1321.6,0.0847
ST000,2017-12-29,0.0,-2.67,0.221,0.228,0.251,1321.6,0.0631
ST000,2018-01-05,0.0,-5.13,0.127,0.228,0.251,1321.6,0.0838
ST000,2018-01-12,0.0,-6.86,0.115,0.228,0.251,1321.6,0.0538
ST000,2018-01-19,0.0,-4.75,0.143,0.228,0.251,1321.6,0.0569
ST000,2018-01-26,0.0,-2.86,0.087,0.228,0.251,1321.6,0.0442
ST000,2018-02-02,0.0,-7.34,0.134,0.228,0.251,1321.6,0.0667
ST000,2018-02-09,0.0,-4.91,0.111,0.228,0.251,1321.6,0.0591
ST000,2018-02-16,0.0,-5.46,0.084,0.228,0.251,1321.6,0.0727
ST000,2018-02-23,0.0,-7.6,0.14,0.228,0.251,1321.6,0.0747
ST000,2018-03-02,3.43,-6.1,0.123,0.228,0.251,1321.6,0.0646
ST000,2018-03-09,0.0,-0.24,0.184,0.228,0.251,1321.6,0.1283
ST000,2018-03-16,0.0,-1.3,0.138,0.228,0.251,1321.6,0.0789
ST000,2018-03-23,0.0,2.69,0.195,0.228,0.251,1321.6,0.2304
ST000,2018-03-30,0.0,2.14,0.24,0.228,0.251,1321.6,0.2065
ST000,2018-04-06,0.0,0.21,0.259,0.228,0.251,1321.6,0.2838
ST000,2018-04-13,0.0,5.82,0.283,0.228,0.251,1321.6,0.2484
ST000,2018-04-20,1.07,8.84,0.243,0.228,0.251,1321.6,0.1818
ST000,2018-04-27,0.0,7.15,0.323,0.228,0.251,1321.6,0.1612
ST000,2018-05-04,0.0,11.45,0.324,0.228,0.251,1321.6,0.1111
ST000,2018-05-11,0.0,10.02,0.43,0.228,0.251,1321.6,0.0498
ST000,2018-05-18,1.72,8.97,0.342,0.228,0.251,1321.6,0.1356
ST000,2018-05-25,0.0,11.92,0.372,0.228,0.251,1321.6,0.1886
ST000,2018-06-01,0.0,11.72,0.393,0.228,0.251,1321.6,0.1299
ST000,2018-06-08,0.0,12.28,0.466,0.228,0.251,1321.6,0.173
ST000,2018-06-15,9.44,14.33,0.532,0.228,0.251,1321.6,0.1975
ST000,2018-06-22,0.0,14.77,0.509,0.228,0.251,1321.6,0.061
ST000,2018-06-29,0.0,16.74,0.538,0.228,0.251,1321.6,0.0645
ST000,2018-07-06,0.0,11.82,0.519,0.228,0.251,1321.6,0.1347
ST000,2018-07-13,0.0,13.42,0.574,0.228,0.251,1321.6,0.0497
ST000,2018-07-20,0.0,14.81,0.564,0.228,0.251,1321.6,0.0451
ST000,2018-07-27,2.61,16.4,0.634,0.228,0.251,1321.6,0.0423
ST000,2018-08-03,0.0,12.56,0.556,0.228,0.251,1321.6,0.0545
ST000,2018-08-10,0.0,17.52,0.581,0.228,0.251,1321.6,0.1297
ST000,2018-08-17,4.05,13.2,0.567,0.228,0.251,1321.6,0.2533
ST000,2018-08-24,9.16,17.2,0.508,0.228,0.251,1321.6,0.1603
ST000,2018-08-31,2.33,12.72,0.576,0.228,0.251,1321.6,0.0746
ST000,2018-09-07,17.08,10.7,0.585,0.228,0.251,1321.6,0.1532
ST000,2018-09-14,0.0,8.26,0.601,0.228,0.251,1321.6,0.0427
ST000,2018-09-21,0.0,7.32,0.56,0.228,0.251,1321.6,0.0907
ST000,2018-09-28,0.0,4.55,0.544,0.228,0.251,1321.6,0.1221
ST000,2018-10-05,0.0,6.39,0.472,0.228,0.251,1321.6,0.0453
ST000,2018-10-12,0.0,-0.19,0.44,0.228,0.251,1321.6,0.0821
ST000,2018-10-19,0.0,4.74,0.449,0.228,0.251,1321.6,0.1813
ST000,2018-10-26,0.0,6.23,0.39,0.228,0.251,1321.6,0.0754
ST000,2018-11-02,0.0,1.17,0.351,0.228,0.251,1321.6,0.1063
ST000,2018-11-09,0.0,3.53,0.332,0.228,0.251,1321.6,0.0746
ST000,2018-11-16,3.14,-0.02,0.282,0.228,0.251,1321.6,0.0694
ST000,2018-11-23,0.0,-1.42,0.297,0.228,0.251,1321.6,0.0531
ST000,2018-11-30,0.0,-1.41,0.302,0.228,0.251,1321.6,0.0344
ST000,2018-12-07,0.0,-4.82,0.233,0.228,0.251,1321.6,0.0303
ST000,2018-12-14,0.0,-3.6,0.204,0.228,0.251,1321.6,0.0441
ST000,2018-12-21,0.0,-8.81,0.222,0.228,0.251,1321.6,0.051
ST000,2018-12-28,0.0,-5.89,0.153,0.228,0.251,1321.6,0.0422
ST000,2019-01-04,0.0,-9.72,0.146,0.228,0.251,1321.6,0.0535
ST000,2019-01-11,1.01,-5.52,0.129,0.228,0.251,1321.6,0.0525
ST000,2019-01-18,0.0,-6.38,0.143,0.228,0.251,1321.6,0.0789
ST000,2019-01-25,0.0,-4.3,0.066,0.228,0.251,1321.6,0.0557
ST000,2019-02-01,0.0,-5.64,0.115,0.228,0.251,1321.6,0.0598
ST000,2019-02-08,0.0,-6.51,0.145,0.228,0.251,1321.6,0.0456
ST000,2019-02-15,1.67,-3.84,0.075,0.228,0.251,1321.6,0.0485
ST000,2019-02-22,0.0,-4.59,0.098,0.228,0.251,1321.6,0.1318
ST000,2019-03-01,0.0,-3.59,0.113,0.228,0.251,1321.6,0.0763
ST000,2019-03-08,1.78,1.31,0.123,0.228,0.251,1321.6,0.0765
ST000,2019-03-15,0.7,-4.64,0.18,0.228,0.251,1321.6,0.08
ST000,2019-03-22,0.0,1.79,0.188,0.228,0.251,1321.6,0.0449
ST000,2019-03-29,0.0,4.78,0.195,0.228,0.251,1321.6,0.0789
ST000,2019-04-05,0.0,1.13,0.214,0.228,0.251,1321.6,0.1827
ST000,2019-04-12,10.77,-0.13,0.222,0.228,0.251,1321.6,0.1792
ST000,2019-04-19,0.0,4.77,0.308,0.228,0.251,1321.6,0.142
ST000,2019-04-26,0.0,9.98,0.237,0.228,0.251,1321.6,0.1745
ST000,2019-05-03,0.0,6.72,0.353,0.228,0.251,1321.6,0.1415
ST000,2019-05-10,28.6,8.54,0.363,0.228,0.251,1321.6,0.2886
ST000,2019-05-17,0.0,10.34,0.408,0.228,0.251,1321.6,0.3562
ST000,2019-05-24,0.0,7.98,0.414,0.228,0.251,1321.6,0.2607
ST000,2019-05-31,3.63,11.99,0.374,0.228,0.251,1321.6,0.1937
ST000,2019-06-07,0.0,12.02,0.488,0.228,0.251,1321.6,0.1323
ST000,2019-06-14,13.0,15.08,0.499,0.228,0.251,1321.6,0.0936
ST000,2019-06-21,0.0,9.43,0.503,0.228,0.251,1321.6,0.2116
ST000,2019-06-28,0.0,13.82,0.542,0.228,0.251,1321.6,0.1604
ST000,2019-07-05,0.0,13.36,0.53,0.228,0.251,1321.6,0.1698
ST000,2019-07-12,3.73,14.89,0.551,0.228,0.251,1321.6,0.2258
ST000,2019-07-19,1.12,16.98,0.592,0.228,0.251,1321.6,0.2095
ST000,2019-07-26,15.1,15.97,0.546,0.228,0.251,1321.6,0.2216
ST000,2019-08-02,0.0,15.63,0.586,0.228,0.251,1321.6,0.232
ST000,2019-08-09,0.0,14.59,0.601,0.228,0.251,1321.6,0.1512
ST000,2019-08-16,0.0,15.11,0.594,0.228,0.251,1321.6,0.0506
ST000,2019-08-23,0.0,11.58,0.591,0.228,0.251,1321.6,0.0525
ST000,2019-08-30,18.56,17.12,0.544,0.228,0.251,1321.6,0.1057
ST000,2019-09-06,0.0,7.25,0.495,0.228,0.251,1321.6,0.0354
ST000,2019-09-13,0.0,11.05,0.507,0.228,0.251,1321.6,0.0477
ST000,2019-09-20,0.0,12.08,0.582,0.228,0.251,1321.6,0.0304
ST000,2019-09-27,0.0,7.26,0.503,0.228,0.251,1321.6,0.2047
ST000,2019-10-04,0.0,6.4,0.482,0.228,0.251,1321.6,0.0956
ST000,2019-10-11,0.0,5.9,0.405,0.228,0.251,1321.6,0.0869
ST000,2019-10-18,0.0,1.92,0.418,0.228,0.251,1321.6,0.061
ST000,2019-10-25,0.0,-1.02,0.442,0.228,0.251,1321.6,0.0426
ST000,2019-11-01,6.62,3.69,0.384,0.228,0.251,1321.6,0.0904
ST000,2019-11-08,0.0,0.7,0.341,0.228,0.251,1321.6,0.0691
ST000,2019-11-15,0.0,-0.78,0.356,0.228,0.251,1321.6,0.0385
ST000,2019-11-22,18.03,-1.65,0.256,0.228,0.251,1321.6,0.1158
ST000,2019-11-29,0.0,0.72,0.3,0.228,0.251,1321.6,0.1008
ST000,2019-12-06,0.0,-0.34,0.242,0.228,0.251,1321.6,0.062
ST000,2019-12-13,0.0,-7.39,0.223,0.228,0.251,1321.6,0.0576
ST000,2019-12-20,0.0,-4.13,0.24,0.228,0.251,1321.6,0.1531
ST000,2019-12-27,0.0,-5.52,0.175,0.228,0.251,1321.6,0.0842
ST000,2020-01-03,0.0,-5.97,0.213,0.228,0.251,1321.6,0.0793
ST000,2020-01-10,14.26,-4.47,0.169,0.228,0.251,1321.6,0.1349
ST000,2020-01-17,0.0,-9.32,0.114,0.228,0.251,1321.6,0.0735
ST000,2020-01-24,0.0,-7.03,0.163,0.228,0.251,1321.6,0.1134
ST000,2020-01-31,0.0,-7.77,0.147,0.228,0.251,1321.6,0.0667
ST000,2020-02-07,0.0,-3.79,0.182,0.228,0.251,1321.6,0.0708
ST000,2020-02-14,0.0,-9.02,0.078,0.228,0.251,1321.6,0.0981
ST000,2020-02-21,15.1,-2.84,0.095,0.228,0.251,1321.6,0.1818
ST000,2020-02-28,26.18,-0.71,0.156,0.228,0.251,1321.6,0.2143
ST000,2020-03-06,0.0,-0.91,0.103,0.228,0.251,1321.6,0.2138
ST000,2020-03-13,0.0,-3.14,0.211,0.228,0.251,1321.6,0.2038
ST000,2020-03-20,9.24,5.05,0.141,0.228,0.251,1321.6,0.1308
ST000,2020-03-27,0.0,-1.07,0.196,0.228,0.251,1321.6,0.1676
ST000,2020-04-03,9.69,0.55,0.184,0.228,0.251,1321.6,0.2341
ST000,2020-04-10,0.0,2.44,0.284,0.228,0.251,1321.6,0.1854
ST000,2020-04-17,0.07,4.34,0.238,0.228,0.251,1321.6,0.1342
ST000,2020-04-24,0.0,8.43,0.201,0.228,0.251,1321.6,0.097
ST000,2020-05-01,0.0,7.59,0.314,0.228,0.251,1321.6,0.047
ST000,2020-05-08,4.26,7.97,0.341,0.228,0.251,1321.6,0.1717
ST000,2020-05-15,4.07,10.19,0.385,0.228,0.251,1321.6,0.3288
ST000,2020-05-22,1.11,12.03,0.382,0.228,0.251,1321.6,0.1676
ST000,2020-05-29,0.0,12.24,0.442,0.228,0.251,1321.6,0.0627
ST000,2020-06-05,0.0,13.22,0.486,0.228,0.251,1321.6,0.2945
ST000,2020-06-12,0.0,12.24,0.465,0.228,0.251,1321.6,0.2994
ST000,2020-06-19,0.0,13.21,0.537,0.228,0.251,1321.6,0.4247
ST000,2020-06-26,0.0,17.16,0.557,0.228,0.251,1321.6,0.3506
ST000,2020-07-03,26.25,11.51,0.519,0.228,0.251,1321.6,0.3763
ST000,2020-07-10,0.0,11.39,0.57,0.228,0.251,1321.6,0.258
ST000,2020-07-17,0.95,16.69,0.569,0.228,0.251,1321.6,0.1101
ST000,2020-07-24,0.0,16.16,0.624,0.228,0.251,1321.6,0.0574
ST000,2020-07-31,0.0,14.77,0.573,0.228,0.251,1321.6,0.0404
ST000,2020-08-07,5.96,15.12,0.594,0.228,0.251,1321.6,0.0605
ST000,2020-08-14,0.0,15.17,0.561,0.228,0.251,1321.6,0.0347
ST000,2020-08-21,0.0,15.05,0.623,0.228,0.251,1321.6,0.0819
ST000,2020-08-28,0.0,14.77,0.552,0.228,0.251,1321.6,0.0372
ST000,2020-09-04,0.0,10.12,0.555,0.228,0.251,1321.6,0.0538
ST000,2020-09-11,6.44,9.26,0.55,0.228,0.251,1321.6,0.0714
ST000,2020-09-18,7.22,8.71,0.539,0.228,0.251,1321.6,0.0869
ST000,2020-09-25,5.88,4.68,0.565,0.228,0.251,1321.6,0.1059
ST000,2020-10-02,0.0,2.43,0.527,0.228,0.251,1321.6,0.0511
ST000,2020-10-09,0.0,3.99,0.504,0.228,0.251,1321.6,0.0395
ST000,2020-10-16,0.0,5.74,0.393,0.228,0.251,1321.6,0.0389
ST000,2020-10-23,0.0,3.33,0.414,0.228,0.251,1321.6,0.0557
ST000,2020-10-30,0.0,1.24,0.481,0.228,0.251,1321.6,0.0976
ST000,2020-11-06,0.0,0.24,0.359,0.228,0.251,1321.6,0.051
ST000,2020-11-13,0.0,0.79,0.354,0.228,0.251,1321.6,0.0302
ST000,2020-11-20,0.0,-0.41,0.282,0.228,0.251,1321.6,0.0478
ST000,2020-11-27,0.0,-3.5,0.262,0.228,0.251,1321.6,0.0557
ST000,2020-12-04,0.0,-6.28,0.297,0.228,0.251,1321.6,0.0497
ST000,2020-12-11,0.0,-5.86,0.239,0.228,0.251,1321.6,0.0451
ST000,2020-12-18,0.0,-5.91,0.244,0.228,0.251,1321.6,0.0439
ST000,2020-12-25,0.0,-6.35,0.205,0.228,0.251,1321.6,0.0309
ST001,2016-01-01,0.0,-1.17,0.209,0.629,0.211,1177.6,0.2232
ST001,2016-01-08,0.0,-5.1,0.169,0.629,0.211,1177.6,0.0975
ST001,2016-01-15,0.0,-6.9,0.097,0.629,0.211,1177.6,0.1001
ST001,2016-01-22,0.0,-6.87,0.137,0.629,0.211,1177.6,0.1108
ST001,2016-01-29,0.0,-3.0,0.093,0.629,0.211,1177.6,0.0798
ST001,2016-02-05,0.0,-3.29,0.125,0.629,0.211,1177.6,0.062
ST001,2016-02-12,5.42,-4.26,0.11,0.629,0.211,1177.6,0.1401
ST001,2016-02-19,0.0,-4.43,0.081,0.629,0.211,1177.6,0.1425
ST001,2016-02-26,1.8,-4.71,0.159,0.629,0.211,1177.6,0.0972
ST001,2016-03-04,2.68,-3.86,0.115,0.629,0.211,1177.6,0.0778
ST001,2016-03-11,0.0,-0.01,0.153,0.629,0.211,1177.6,0.1856
ST001,2016-03-18,5.06,0.15,0.146,0.629,0.211,1177.6,0.2256
ST001,2016-03-25,0.0,0.24,0.182,0.629,0.211,1177.6,0.1447
ST001,2016-04-01,17.85,6.97,0.248,0.629,0.211,1177.6,0.2116
ST001,2016-04-08,0.0,3.86,0.245,0.629,0.211,1177.6,0.2151
ST001,2016-04-15,0.0,-1.13,0.253,0.629,0.211,1177.6,0.1104
ST001,2016-04-22,6.88,5.62,0.279,0.629,0.211,1177.6,0.1204
ST001,2016-04-29,13.34,9.33,0.302,0.629,0.211,1177.6,0.1384
ST001,2016-05-06,11.16,11.36,0.352,0.629,0.211,1177.6,0.0861
ST001,2016-05-13,0.0,10.15,0.338,0.629,0.211,1177.6,0.2607
ST001,2016-05-20,52.36,10.25,0.358,0.629,0.211,1177.6,0.5021
ST001,2016-05-27,28.4,16.56,0.422,0.629,0.211,1177.6,0.3218
ST001,2016-06-03,0.0,15.57,0.458,0.629,0.211,1177.6,0.1306
ST001,2016-06-10,11.69,14.57,0.487,0.629,0.211,1177.6,0.1024
ST001,2016-06-17,0.99,13.7,0.494,0.629,0.211,1177.6,0.2737
ST001,2016-06-24,1.93,15.89,0.545,0.629,0.211,1177.6,0.1591
ST001,2016-07-01,0.0,18.98,0.473,0.629,0.211,1177.6,0.2119
ST001,2016-07-08,0.0,16.24,0.514,0.629,0.211,1177.6,0.083
ST001,2016-07-15,0.01,14.06,0.557,0.629,0.211,1177.6,0.0402
ST001,2016-07-22,0.0,15.25,0.594,0.629,0.211,1177.6,0.0718
ST001,2016-07-29,0.0,14.37,0.616,0.629,0.211,1177.6,0.0991
ST001,2016-08-05,0.0,15.22,0.631,0.629,0.211,1177.6,0.1715
ST001,2016-08-12,0.0,16.64,0.636,0.629,0.211,1177.6,0.0577
ST001,2016-08-19,1.86,12.05,0.612,0.629,0.211,1177.6,0.0494
ST001,2016-08-26,0.0,8.85,0.576,0.629,0.211,1177.6,0.1014
ST001,2016-09-02,0.0,14.52,0.571,0.629,0.211,1177.6,0.0333
ST001,2016-09-09,7.41,8.84,0.574,0.629,0.211,1177.6,0.061
ST001,2016-09-16,13.09,9.12,0.487,0.629,0.211,1177.6,0.0852
ST001,2016-09-23,0.0,6.37,0.506,0.629,0.211,1177.6,0.0311
ST001,2016-09-30,0.0,9.49,0.479,0.629,0.211,1177.6,0.0321
ST001,2016-10-07,0.0,9.12,0.482,0.629,0.211,1177.6,0.0362
ST001,2016-10-14,0.0,5.07,0.425,0.629,0.211,1177.6,0.0413
ST001,2016-10-21,0.0,3.78,0.447,0.629,0.211,1177.6,0.024
ST001,2016-10-28,0.0,3.82,0.402,0.629,0.211,1177.6,0.0959
ST001,2016-11-04,0.0,2.78,0.345,0.629,0.211,1177.6,0.0558
ST001,2016-11-11,0.0,-3.27,0.338,0.629,0.211,1177.6,0.0392
ST001,2016-11-18,0.0,-1.62,0.328,0.629,0.211,1177.6,0.1605
ST001,2016-11-25,0.0,-2.65,0.267,0.629,0.211,1177.6,0.0826
ST001,2016-12-02,0.0,-3.3,0.246,0.629,0.211,1177.6,0.0623
ST001,2016-12-09,0.0,-1.45,0.244,0.629,0.211,1177.6,0.0544
ST001,2016-12-16,0.0,-2.59,0.204,0.629,0.211,1177.6,0.0507
ST001,2016-12-23,0.0,-7.1,0.186,0.629,0.211,1177.6,0.0521
ST001,2016-12-30,0.0,-1.19,0.196,0.629,0.211,1177.6,0.0429
ST001,2017-01-06,0.0,-5.19,0.064,0.629,0.211,1177.6,0.0283
ST001,2017-01-13,0.0,-4.74,0.136,0.629,0.211,1177.6,0.042
ST001,2017-01-20,0.0,-6.5,0.146,0.629,0.211,1177.6,0.0991
ST001,2017-01-27,0.0,-5.35,0.087,0.629,0.211,1177.6,0.063
ST001,2017-02-03,4.86,-5.48,0.128,0.629,0.211,1177.6,0.0711
ST001,2017-02-10,0.0,-2.77,0.158,0.629,0.211,1177.6,0.0599
ST001,2017-02-17,0.0,-5.22,0.124,0.629,0.211,1177.6,0.0534
ST001,2017-02-24,0.0,-1.28,0.114,0.629,0.211,1177.6,0.0591
ST001,2017-03-03,0.0,0.42,0.075,0.629,0.211,1177.6,0.1423
ST001,2017-03-10,0.0,0.1,0.154,0.629,0.211,1177.6,0.0879
ST001,2017-03-17,0.0,-2.36,0.203,0.629,0.211,1177.6,0.0429
ST001,2017-03-24,0.0,2.3,0.205,0.629,0.211,1177.6,0.0372
ST001,2017-03-31,0.0,-1.08,0.216,0.629,0.211,1177.6,0.1035
ST001,2017-04-07,0.0,0.52,0.219,0.629,0.211,1177.6,0.1206
ST001,2017-04-14,0.0,4.07,0.247,0.629,0.211,1177.6,0.1292
ST001,2017-04-21,0.0,7.4,0.251,0.629,0.211,1177.6,0.0911
ST001,2017-04-28,19.44,13.02,0.295,0.629,0.211,1177.6,0.1742
ST001,2017-05-05,0.0,8.37,0.317,0.629,0.211,1177.6,0.118
ST001,2017-05-12,0.0,7.73,0.324,0.629,0.211,1177.6,0.1495
ST001,2017-05-19,0.0,12.93,0.398,0.629,0.211,1177.6,0.1219
ST001,2017-05-26,6.75,10.07,0.436,0.629,0.211,1177.6,0.0587
ST001,2017-06-02,0.0,14.35,0.416,0.629,0.211,1177.6,0.1623
ST001,2017-06-09,0.0,14.36,0.454,0.629,0.211,1177.6,0.0578
ST001,2017-06-16,0.0,16.95,0.477,0.629,0.211,1177.6,0.2875
ST001,2017-06-23,0.0,14.67,0.532,0.629,0.211,1177.6,0.0913
ST001,2017-06-30,0.0,19.92,0.624,0.629,0.211,1177.6,0.088
ST001,2017-07-07,0.06,17.8,0.582,0.629,0.211,1177.6,0.0316
ST001,2017-07-14,0.0,13.25,0.547,0.629,0.211,1177.6,0.0445
ST001,2017-07-21,0.0,15.39,0.577,0.629,0.211,1177.6,0.0357
ST001,2017-07-28,0.0,15.12,0.615,0.629,0.211,1177.6,0.0333
ST001,2017-08-04,0.0,18.48,0.597,0.629,0.211,1177.6,0.0324
ST001,2017-08-11,8.08,15.95,0.59,0.629,0.211,1177.6,0.0763
ST001,2017-08-18,0.0,15.83,0.609,0.629,0.211,1177.6,0.1392
ST001,2017-08-25,0.0,11.91,0.548,0.629,0.211,1177.6,0.0451
ST001,2017-09-01,0.0,13.48,0.581,0.629,0.211,1177.6,0.0442
ST001,2017-09-08,0.0,12.5,0.512,0.629,0.211,1177.6,0.0545
ST001,2017-09-15,0.0,9.14,0.553,0.629,0.211,1177.6,0.0316
ST001,2017-09-22,2.47,7.84,0.53,0.629,0.211,1177.6,0.0482
ST001,2017-09-29,0.0,10.46,0.54,0.629,0.211,1177.6,0.0412
ST001,2017-10-06,0.0,7.74,0.471,0.629,0.211,1177.6,0.0339
ST001,2017-10-13,0.0,1.69,0.425,0.629,0.211,1177.6,0.042
ST001,2017-10-20,0.0,3.16,0.494,0.629,0.211,1177.6,0.0435
ST001,2017-10-27,0.0,3.63,0.391,0.629,0.211,1177.6,0.0215
ST001,2017-11-03,0.0,1.12,0.399,0.629,0.211,1177.6,0.0372
ST001,2017-11-10,0.0,2.64,0.319,0.629,0.211,1177.6,0.0494
ST001,2017-11-17,0.0,-4.53,0.297,0.629,0.211,1177.6,0.042
ST001,2017-11-24,0.0,-4.12,0.283,0.629,0.211,1177.6,0.0303
ST001,2017-12-01,0.0,-6.71,0.275,0.629,0.211,1177.6,0.0409
ST001,2017-12-08,0.0,-0.72,0.233,0.629,0.211,1177.6,0.0402
ST001,2017-12-15,0.0,-2.34,0.227,0.629,0.211,1177.6,0.0925
ST001,2017-12-22,0.0,-0.46,0.227,0.629,0.211,1177.6,0.0395
ST001,2017-12-29,0.0,-6.28,0.125,0.629,0.211,1177.6,0.0526
ST001,2018-01-05,0.0,-3.14,0.122,0.629,0.211,1177.6,0.0457
ST001,2018-01-12,0.0,-5.49,0.153,0.629,0.211,1177.6,0.0461
ST001,2018-01-19,0.0,-6.21,0.165,0.629,0.211,1177.6,0.0667
ST001,2018-01-26,0.0,-8.85,0.167,0.629,0.211,1177.6,0.0416
ST001,2018-02-02,0.0,-9.19,0.081,0.629,0.211,1177.6,0.1008
ST001,2018-02-09,0.0,-4.97,0.131,0.629,0.211,1177.6,0.0746
ST001,2018-02-16,0.0,-2.74,0.104,0.629,0.211,1177.6,0.043
ST001,2018-02-23,10.07,-2.3,0.063,0.629,0.211,1177.6,0.1625
ST001,2018-03-02,6.84,-0.33,0.128,0.629,0.211,1177.6,0.1392
ST001,2018-03-09,0.0,0.96,0.176,0.629,0.211,1177.6,0.0619
ST001,2018-03-16,0.0,-1.18,0.166,0.629,0.211,1177.6,0.0648
ST001,2018-03-23,0.0,-0.98,0.179,0.629,0.211,1177.6,0.0931
ST001,2018-03-30,0.0,1.29,0.182,0.629,0.211,1177.6,0.187
ST001,2018-04-06,0.0,-0.93,0.176,0.629,0.211,1177.6,0.1613
ST001,2018-04-13,0.0,2.41,0.207,0.629,0.211,1177.6,0.0802
ST001,2018-04-20,0.0,6.99,0.277,0.629,0.211,1177.6,0.1556
ST001,2018-04-27,0.0,8.3,0.267,0.629,0.211,1177.6,0.0907
ST001,2018-05-04,0.0,9.57,0.269,0.629,0.211,1177.6,0.1249
ST001,2018-05-11,0.0,12.17,0.376,0.629,0.211,1177.6,0.0499
ST001,2018-05-18,0.0,10.74,0.319,0.629,0.211,1177.6,0.0762
ST001,2018-05-25,8.47,16.34,0.431,0.629,0.211,1177.6,0.1623
ST001,2018-06-01,92.24,14.34,0.45,0.629,0.211,1177.6,0.3221
ST001,2018-06-08,0.0,13.78,0.469,0.629,0.211,1177.6,0.2446
ST001,2018-06-15,0.0,11.64,0.482,0.629,0.211,1177.6,0.0822
ST001,2018-06-22,0.0,17.97,0.493,0.629,0.211,1177.6,0.0556
ST001,2018-06-29,0.0,13.26,0.527,0.629,0.211,1177.6,0.1168
ST001,2018-07-06,0.0,16.45,0.545,0.629,0.211,1177.6,0.0369
ST001,2018-07-13,0.0,18.48,0.485,0.629,0.211,1177.6,0.0498
ST001,2018-07-20,0.0,15.84,0.522,0.629,0.211,1177.6,0.0462
ST001,2018-07-27,0.0,17.59,0.65,0.629,0.211,1177.6,0.0408
ST001,2018-08-03,17.32,18.8,0.648,0.629,0.211,1177.6,0.1582
ST001,2018-08-10,4.27,15.29,0.59,0.629,0.211,1177.6,0.0519
ST001,2018-08-17,0.0,13.14,0.563,0.629,0.211,1177.6,0.0464
ST001,2018-08-24,0.0,16.44,0.54,0.629,0.211,1177.6,0.0574
ST001,2018-08-31,0.0,9.54,0.589,0.629,0.211,1177.6,0.0361
ST001,2018-09-07,0.0,14.15,0.589,0.629,0.211,1177.6,0.0429
ST001,2018-09-14,0.0,14.42,0.51,0.629,0.211,1177.6,0.0471
ST001,2018-09-21,0.0,10.61,0.533,0.629,0.211,1177.6,0.0574
ST001,2018-09-28,0.0,8.16,0.497,0.629,0.211,1177.6,0.056
ST001,2018-10-05,0.0,5.84,0.447,0.629,0.211,1177.6,0.0405
ST001,2018-10-12,0.0,10.25,0.474,0.629,0.211,1177.6,0.0385
ST001,2018-10-19,0.0,5.5,0.374,0.629,0.211,1177.6,0.037
ST001,2018-10-26,0.0,2.01,0.419,0.629,0.211,1177.6,0.0292
ST001,2018-11-02,0.0,0.55,0.334,0.629,0.211,1177.6,0.0506
ST001,2018-11-09,0.0,2.86,0.373,0.629,0.211,1177.6,0.0387
ST001,2018-11-16,0.0,-1.5,0.3,0.629,0.211,1177.6,0.0317
ST001,2018-11-23,0.0,-2.63,0.332,0.629,0.211,1177.6,0.0367
ST001,2018-11-30,22.79,-5.39,0.195,0.629,0.211,1177.6,0.1757
ST001,2018-12-07,0.0,-2.44,0.258,0.629,0.211,1177.6,0.097
ST001,2018-12-14,0.0,-3.9,0.222,0.629,0.211,1177.6,0.0756
ST001,2018-12-21,0.0,-6.76,0.202,0.629,0.211,1177.6,0.0542
ST001,2018-12-28,0.0,-6.92,0.192,0.629,0.211,1177.6,0.0646
ST001,2019-01-04,0.0,-4.53,0.171,0.629,0.211,1177.6,0.043
ST001,2019-01-11,0.0,-5.79,0.17,0.629,0.211,1177.6,0.034
ST001,2019-01-18,0.0,-2.86,0.102,0.629,0.211,1177.6,0.0333
ST001,2019-01-25,0.0,-2.39,0.104,0.629,0.211,1177.6,0.073
ST001,2019-02-01,0.0,-4.1,0.128,0.629,0.211,1177.6,0.0414
ST001,2019-02-08,0.0,-6.21,0.115,0.629,0.211,1177.6,0.0582
ST001,2019-02-15,0.0,-4.03,0.098,0.629,0.211,1177.6,0.064
ST001,2019-02-22,1.24,-2.98,0.094,0.629,0.211,1177.6,0.1169
ST001,2019-03-01,0.0,-2.42,0.12,0.629,0.211,1177.6,0.0715
ST001,2019-03-08,0.0,-5.79,0.152,0.629,0.211,1177.6,0.0463
ST001,2019-03-15,10.41,-2.69,0.151,0.629,0.211,1177.6,0.0906
ST001,2019-03-22,0.0,2.7,0.164,0.629,0.211,1177.6,0.086
ST001,2019-03-29,0.0,0.91,0.18,0.629,0.211,1177.6,0.1574
ST001,2019-04-05,3.96,9.51,0.171,0.629,0.211,1177.6,0.15
ST001,2019-04-12,0.0,7.36,0.192,0.629,0.211,1177.6,0.2556
ST001,2019-04-19,5.92,7.15,0.289,0.629,0.211,1177.6,0.2238
ST001,2019-04-26,14.63,4.44,0.298,0.629,0.211,1177.6,0.3717
ST001,2019-05-03,0.0,8.89,0.348,0.629,0.211,1177.6,0.1541
ST001,2019-05-10,0.0,9.25,0.37,0.629,0.211,1177.6,0.0826
ST001,2019-05-17,0.0,7.37,0.413,0.629,0.211,1177.6,0.2154
ST001,2019-05-24,0.0,10.84,0.46,0.629,0.211,1177.6,0.0727
ST001,2019-05-31,0.0,15.4,0.425,0.629,0.211,1177.6,0.2243
ST001,2019-06-07,0.0,10.82,0.459,0.629,0.211,1177.6,0.0885
ST001,2019-06-14,0.0,13.16,0.486,0.629,0.211,1177.6,0.0326
ST001,2019-06-21,6.79,15.63,0.484,0.629,0.211,1177.6,0.0793
ST001,2019-06-28,15.89,16.11,0.544,0.629,0.211,1177.6,0.2564
ST001,2019-07-05,3.52,17.17,0.57,0.629,0.211,1177.6,0.2869
ST001,2019-07-12,21.54,17.73,0.56,0.629,0.211,1177.6,0.2513
ST001,2019-07-19,0.0,16.44,0.571,0.629,0.211,1177.6,0.0476
ST001,2019-07-26,30.11,13.12,0.583,0.629,0.211,1177.6,0.1697
ST001,2019-08-02,0.0,14.42,0.62,0.629,0.211,1177.6,0.0348
ST001,2019-08-09,0.0,15.28,0.574,0.629,0.211,1177.6,0.127
ST001,2019-08-16,2.34,14.86,0.541,0.629,0.211,1177.6,0.0512
ST001,2019-08-23,6.42,14.47,0.612,0.629,0.211,1177.6,0.061
ST001,2019-08-30,0.0,15.72,0.589,0.629,0.211,1177.6,0.0369
ST001,2019-09-06,16.38,9.36,0.608,0.629,0.211,1177.6,0.1365
ST001,2019-09-13,0.0,9.8,0.568,0.629,0.211,1177.6,0.0365
ST001,2019-09-20,0.0,13.72,0.479,0.629,0.211,1177.6,0.0441
ST001,2019-09-27,0.0,9.88,0.475,0.629,0.211,1177.6,0.0431
ST001,2019-10-04,0.0,6.71,0.47,0.629,0.211,1177.6,0.0332
ST001,2019-10-11,0.0,5.93,0.446,0.629,0.211,1177.6,0.0338
ST001,2019-10-18,0.0,8.06,0.497,0.629,0.211,1177.6,0.0452
ST001,2019-10-25,0.0,5.59,0.445,0.629,0.211,1177.6,0.0579
ST001,2019-11-01,0.0,6.19,0.4,0.629,0.211,1177.6,0.0522
ST001,2019-11-08,0.0,3.89,0.387,0.629,0.211,1177.6,0.0404
ST001,2019-11-15,0.0,1.45,0.345,0.629,0.211,1177.6,0.0385
ST001,2019-11-22,0.0,-2.34,0.305,0.629,0.211,1177.6,0.0586
ST001,2019-11-29,0.0,-3.18,0.252,0.629,0.211,1177.6,0.0482
ST001,2019-12-06,5.77,-7.52,0.239,0.629,0.211,1177.6,0.0721
ST001,2019-12-13,0.0,-5.15,0.176,0.629,0.211,1177.6,0.0568
ST001,2019-12-20,0.0,-5.25,0.241,0.629,0.211,1177.6,0.0496
ST001,2019-12-27,0.0,-2.62,0.143,0.629,0.211,1177.6,0.0335
ST001,2020-01-03,0.0,-7.01,0.146,0.629,0.211,1177.6,0.1236
ST001,2020-01-10,0.0,-5.04,0.148,0.629,0.211,1177.6,0.0829
ST001,2020-01-17,0.0,-6.42,0.135,0.629,0.211,1177.6,0.0398
ST001,2020-01-24,0.0,-6.09,0.071,0.629,0.211,1177.6,0.1315
ST001,2020-01-31,0.0,-6.25,0.154,0.629,0.211,1177.6,0.0987
ST001,2020-02-07,0.0,-1.3,0.175,0.629,0.211,1177.6,0.0709
ST001,2020-02-14,0.0,-1.79,0.129,0.629,0.211,1177.6,0.0591
ST001,2020-02-21,0.0,-7.03,0.142,0.629,0.211,1177.6,0.0536
ST001,2020-02-28,0.0,0.02,0.124,0.629,0.211,1177.6,0.0432
ST001,2020-03-06,0.0,-0.8,0.159,0.629,0.211,1177.6,0.031
ST001,2020-03-13,0.0,-2.66,0.141,0.629,0.211,1177.6,0.0351
ST001,2020-03-20,0.0,0.02,0.158,0.629,0.211,1177.6,0.0469
ST001,2020-03-27,4.93,3.57,0.193,0.629,0.211,1177.6,0.0782
ST001,2020-04-03,0.0,2.6,0.257,0.629,0.211,1177.6,0.0512
ST001,2020-04-10,12.99,7.73,0.229,0.629,0.211,1177.6,0.0959
ST001,2020-04-17,0.0,5.13,0.288,0.629,0.211,1177.6,0.0474
ST001,2020-04-24,0.0,6.11,0.31,0.629,0.211,1177.6,0.0986
ST001,2020-05-01,0.0,8.15,0.329,0.629,0.211,1177.6,0.2494
ST001,2020-05-08,0.0,12.14,0.343,0.629,0.211,1177.6,0.222
ST001,2020-05-15,0.56,11.01,0.344,0.629,0.211,1177.6,0.1702
ST001,2020-05-22,0.0,11.17,0.356,0.629,0.211,1177.6,0.0396
ST001,2020-05-29,0.0,19.22,0.43,0.629,0.211,1177.6,0.0611
ST001,2020-06-05,19.76,14.68,0.434,0.629,0.211,1177.6,0.1391
ST001,2020-06-12,0.0,16.96,0.535,0.629,0.211,1177.6,0.0402
ST001,2020-06-19,0.0,15.05,0.549,0.629,0.211,1177.6,0.1006
ST001,2020-06-26,0.0,16.11,0.497,0.629,0.211,1177.6,0.1956
ST001,2020-07-03,12.28,19.46,0.535,0.629,0.211,1177.6,0.1455
ST001,2020-07-10,0.0,14.53,0.556,0.629,0.211,1177.6,0.1582
ST001,2020-07-17,0.0,17.81,0.58,0.629,0.211,1177.6,0.2478
ST001,2020-07-24,2.41,15.81,0.607,0.629,0.211,1177.6,0.1196
ST001,2020-07-31,0.0,16.12,0.644,0.629,0.211,1177.6,0.0343
ST001,2020-08-07,1.73,9.01,0.566,0.629,0.211,1177.6,0.0789
ST001,2020-08-14,0.0,14.21,0.593,0.629,0.211,1177.6,0.0402
ST001,2020-08-21,0.0,14.61,0.608,0.629,0.211,1177.6,0.0949
ST001,2020-08-28,0.0,15.18,0.597,0.629,0.211,1177.6,0.0357
ST001,2020-09-04,0.0,11.52,0.573,0.629,0.211,1177.6,0.0571
ST001,2020-09-11,4.08,12.16,0.563,0.629,0.211,1177.6,0.0488
ST001,2020-09-18,0.0,7.7,0.547,0.629,0.211,1177.6,0.0403
ST001,2020-09-25,0.0,10.35,0.548,0.629,0.211,1177.6,0.045
ST001,2020-10-02,0.0,3.03,0.471,0.629,0.211,1177.6,0.0524
ST001,2020-10-09,0.0,6.9,0.452,0.629,0.211,1177.6,0.0398
ST001,2020-10-16,0.0,6.01,0.412,0.629,0.211,1177.6,0.1268
ST001,2020-10-23,0.0,6.2,0.379,0.629,0.211,1177.6,0.077
ST001,2020-10-30,0.0,-1.4,0.4,0.629,0.211,1177.6,0.044
ST001,2020-11-06,0.0,-0.77,0.338,0.629,0.211,1177.6,0.0386
ST001,2020-11-13,0.08,-1.46,0.283,0.629,0.211,1177.6,0.0396
ST001,2020-11-20,0.0,-1.42,0.249,0.629,0.211,1177.6,0.0699
ST001,2020-11-27,0.0,-1.91,0.277,0.629,0.211,1177.6,0.0804
ST001,2020-12-04,0.0,-3.42,0.211,0.629,0.211,1177.6,0.0553
ST001,2020-12-11,0.0,-0.64,0.231,0.629,0.211,1177.6,0.0456
ST001,2020-12-18,0.0,-4.73,0.195,0.629,0.211,1177.6,0.0368
ST001,2020-12-25,0.0,-4.03,0.15,0.629,0.211,1177.6,0.0351
ST002,2016-01-01,0.0,-0.88,0.128,0.182,0.051,164.1,0.2361
ST002,2016-01-08,0.0,0.58,0.117,0.182,0.051,164.1,0.0807
ST002,2016-01-15,0.0,1.97,0.072,0.182,0.051,164.1,0.0353
ST002,2016-01-22,0.0,0.27,0.066,0.182,0.051,164.1,0.02
ST002,2016-01-29,5.83,-4.3,0.125,0.182,0.051,164.1,0.0846
ST002,2016-02-05,0.0,2.85,0.05,0.182,0.051,164.1,0.0519
ST002,2016-02-12,0.0,4.82,0.083,0.182,0.051,164.1,0.0427
ST002,2016-02-19,0.0,0.68,0.121,0.182,0.051,164.1,0.2392
ST002,2016-02-26,0.0,3.76,0.069,0.182,0.051,164.1,0.0638
ST002,2016-03-04,0.0,1.7,0.061,0.182,0.051,164.1,0.063
ST002,2016-03-11,0.0,7.17,0.097,0.182,0.051,164.1,0.0211
ST002,2016-03-18,0.0,4.28,0.163,0.182,0.051,164.1,0.0314
ST002,2016-03-25,0.0,8.21,0.166,0.182,0.051,164.1,0.0432
ST002,2016-04-01,0.0,13.55,0.156,0.182,0.051,164.1,0.1118
ST002,2016-04-08,0.0,9.73,0.182,0.182,0.051,164.1,0.0497
ST002,2016-04-15,0.0,12.25,0.214,0.182,0.051,164.1,0.0286
ST002,2016-04-22,11.1,15.85,0.276,0.182,0.051,164.1,0.1128
ST002,2016-04-29,0.0,15.7,0.304,0.182,0.051,164.1,0.0201
ST002,2016-05-06,0.0,14.8,0.327,0.182,0.051,164.1,0.02
ST002,2016-05-13,0.0,16.2,0.4,0.182,0.051,164.1,0.1057
ST002,2016-05-20,2.8,17.88,0.394,0.182,0.051,164.1,0.0412
ST002,2016-05-27,0.19,18.26,0.469,0.182,0.051,164.1,0.0279
ST002,2016-06-03,0.0,16.13,0.456,0.182,0.051,164.1,0.1252
ST002,2016-06-10,0.0,21.52,0.518,0.182,0.051,164.1,0.0265
ST002,2016-06-17,0.0,22.41,0.571,0.182,0.051,164.1,0.0374
ST002,2016-06-24,0.0,21.28,0.594,0.182,0.051,164.1,0.0742
ST002,2016-07-01,0.0,24.89,0.569,0.182,0.051,164.1,0.02
ST002,2016-07-08,0.0,21.61,0.575,0.182,0.051,164.1,0.0687
ST002,2016-07-15,0.0,23.46,0.534,0.182,0.051,164.1,0.0216
ST002,2016-07-22,1.01,20.46,0.6,0.182,0.051,164.1,0.0221
ST002,2016-07-29,0.0,23.26,0.613,0.182,0.051,164.1,0.0321
ST002,2016-08-05,0.0,19.87,0.655,0.182,0.051,164.1,0.0932
ST002,2016-08-12,0.0,15.69,0.659,0.182,0.051,164.1,0.0282
ST002,2016-08-19,14.98,20.51,0.589,0.182,0.051,164.1,0.0998
ST002,2016-08-26,5.58,20.44,0.602,0.182,0.051,164.1,0.0493
ST002,2016-09-02,0.0,18.85,0.657,0.182,0.051,164.1,0.0823
ST002,2016-09-09,0.0,16.23,0.6,0.182,0.051,164.1,0.0323
ST002,2016-09-16,0.0,16.54,0.581,0.182,0.051,164.1,0.0226
ST002,2016-09-23,0.0,16.62,0.55,0.182,0.051,164.1,0.0241
ST002,2016-09-30,0.0,15.61,0.508,0.182,0.051,164.1,0.0287
ST002,2016-10-07,0.0,11.06,0.549,0.182,0.051,164.1,0.0259
ST002,2016-10-14,9.58,11.74,0.459,0.182,0.051,164.1,0.1324
ST002,2016-10-21,2.13,11.53,0.433,0.182,0.051,164.1,0.02
ST002,2016-10-28,0.0,10.85,0.362,0.182,0.051,164.1,0.02
ST002,2016-11-04,0.0,6.97,0.293,0.182,0.051,164.1,0.0255
ST002,2016-11-11,0.0,6.47,0.31,0.182,0.051,164.1,0.0203
ST002,2016-11-18,0.0,8.87,0.336,0.182,0.051,164.1,0.0283
ST002,2016-11-25,0.0,3.49,0.284,0.182,0.051,164.1,0.0206
ST002,2016-12-02,0.0,6.4,0.199,0.182,0.051,164.1,0.1028
ST002,2016-12-09,0.0,1.45,0.243,0.182,0.051,164.1,0.0264
ST002,2016-12-16,0.0,2.44,0.187,0.182,0.051,164.1,0.1289
ST002,2016-12-23,0.0,-0.37,0.12,0.182,0.051,164.1,0.0237
ST002,2016-12-30,0.0,1.41,0.12,0.182,0.051,164.1,0.0336
ST002,2017-01-06,0.0,4.5,0.074,0.182,0.051,164.1,0.02
ST002,2017-01-13,0.0,1.69,0.075,0.182,0.051,164.1,0.0363
ST002,2017-01-20,0.0,3.92,0.05,0.182,0.051,164.1,0.035
ST002,2017-01-27,0.0,-0.71,0.072,0.182,0.051,164.1,0.02
ST002,2017-02-03,0.0,2.35,0.076,0.182,0.051,164.1,0.0328
ST002,2017-02-10,0.0,1.34,0.06,0.182,0.051,164.1,0.0553
ST002,2017-02-17,0.0,4.68,0.099,0.182,0.051,164.1,0.0318
ST002,2017-02-24,0.0,2.18,0.073,0.182,0.051,164.1,0.1277
ST002,2017-03-03,0.0,4.23,0.081,0.182,0.051,164.1,0.0258
ST002,2017-03-10,0.0,10.23,0.108,0.182,0.051,164.1,0.0209
ST002,2017-03-17,0.0,6.14,0.129,0.182,0.051,164.1,0.0207
ST002,2017-03-24,0.0,3.53,0.138,0.182,0.051,164.1,0.1063
ST002,2017-03-31,5.9,7.56,0.176,0.182,0.051,164.1,0.1162
ST002,2017-04-07,0.0,11.67,0.158,0.182,0.051,164.1,0.0314
ST002,2017-04-14,18.93,10.49,0.242,0.182,0.051,164.1,0.1219
ST002,2017-04-21,1.36,15.04,0.285,0.182,0.051,164.1,0.0824
ST002,2017-04-28,0.0,16.09,0.288,0.182,0.051,164.1,0.0325
ST002,2017-05-05,0.0,17.32,0.301,0.182,0.051,164.1,0.0332
ST002,2017-05-12,0.0,15.89,0.311,0.182,0.051,164.1,0.039
ST002,2017-05-19,0.0,18.16,0.426,0.182,0.051,164.1,0.0371
ST002,2017-05-26,0.0,18.32,0.423,0.182,0.051,164.1,0.0751
ST002,2017-06-02,0.0,20.52,0.489,0.182,0.051,164.1,0.0309
ST002,2017-06-09,0.0,20.31,0.516,0.182,0.051,164.1,0.0441
ST002,2017-06-16,0.0,20.62,0.539,0.182,0.051,164.1,0.0306
ST002,2017-06-23,0.11,25.44,0.552,0.182,0.051,164.1,0.2718
ST002,2017-06-30,0.0,20.1,0.579,0.182,0.051,164.1,0.3538
ST002,2017-07-07,0.0,19.17,0.571,0.182,0.051,164.1,0.111
ST002,2017-07-14,0.0,25.23,0.669,0.182,0.051,164.1,0.0251
ST002,2017-07-21,0.0,19.15,0.676,0.182,0.051,164.1,0.0609
ST002,2017-07-28,3.53,20.21,0.637,0.182,0.051,164.1,0.0532
ST002,2017-08-04,0.0,23.09,0.592,0.182,0.051,164.1,0.0286
ST002,2017-08-11,0.0,26.33,0.628,0.182,0.051,164.1,0.0355
ST002,2017-08-18,0.0,19.47,0.642,0.182,0.051,164.1,0.0205
ST002,2017-08-25,0.0,23.14,0.659,0.182,0.051,164.1,0.0321
ST002,2017-09-01,0.0,22.48,0.693,0.182,0.051,164.1,0.032
ST002,2017-09-08,0.0,21.44,0.611,0.182,0.051,164.1,0.0327
ST002,2017-09-15,0.0,19.84,0.617,0.182,0.051,164.1,0.02
ST002,2017-09-22,0.0,11.68,0.597,0.182,0.051,164.1,0.0367
ST002,2017-09-29,0.0,14.48,0.556,0.182,0.051,164.1,0.025
ST002,2017-10-06,7.13,13.7,0.537,0.182,0.051,164.1,0.0725
ST002,2017-10-13,0.0,10.19,0.479,0.182,0.051,164.1,0.0358
ST002,2017-10-20,0.0,11.27,0.475,0.182,0.051,164.1,0.0834
ST002,2017-10-27,0.0,9.77,0.405,0.182,0.051,164.1,0.0231
ST002,2017-11-03,0.0,7.56,0.381,0.182,0.051,164.1,0.0203
ST002,2017-11-10,2.3,5.89,0.297,0.182,0.051,164.1,0.164
ST002,2017-11-17,0.0,6.04,0.288,0.182,0.051,164.1,0.0406
ST002,2017-11-24,0.0,2.88,0.3,0.182,0.051,164.1,0.0258
ST002,2017-12-01,0.0,4.54,0.223,0.182,0.051,164.1,0.0325
ST002,2017-12-08,0.0,0.27,0.148,0.182,0.051,164.1,0.0271
ST002,2017-12-15,0.0,3.52,0.177,0.182,0.051,164.1,0.0779
ST002,2017-12-22,0.0,3.5,0.088,0.182,0.051,164.1,0.0273
ST002,2017-12-29,0.0,4.86,0.166,0.182,0.051,164.1,0.02
ST002,2018-01-05,0.0,3.07,0.05,0.182,0.051,164.1,0.0387
ST002,2018-01-12,0.0,2.91,0.06,0.182,0.051,164.1,0.0386
ST002,2018-01-19,5.65,2.76,0.05,0.182,0.051,164.1,0.1369
ST002,2018-01-26,0.0,-2.69,0.058,0.182,0.051,164.1,0.0659
ST002,2018-02-02,0.0,2.06,0.072,0.182,0.051,164.1,0.02
ST002,2018-02-09,15.35,0.99,0.051,0.182,0.051,164.1,0.122
ST002,2018-02-16,0.0,3.1,0.05,0.182,0.051,164.1,0.0407
ST002,2018-02-23,0.0,1.35,0.05,0.182,0.051,164.1,0.0251
ST002,2018-03-02,0.0,2.1,0.103,0.182,0.051,164.1,0.0477
ST002,2018-03-09,0.0,6.28,0.085,0.182,0.051,164.1,0.02
ST002,2018-03-16,0.0,1.28,0.066,0.182,0.051,164.1,0.02
ST002,2018-03-23,4.95,8.26,0.119,0.182,0.051,164.1,0.1563
ST002,2018-03-30,0.0,4.43,0.153,0.182,0.051,164.1,0.0573
ST002,2018-04-06,0.0,14.52,0.168,0.182,0.051,164.1,0.0301
ST002,2018-04-13,5.03,10.09,0.269,0.182,0.051,164.1,0.0434
ST002,2018-04-20,0.0,12.83,0.265,0.182,0.051,164.1,0.0316
ST002,2018-04-27,7.7,10.98,0.309,0.182,0.051,164.1,0.2207
ST002,2018-05-04,20.59,15.79,0.318,0.182,0.051,164.1,0.191
ST002,2018-05-11,9.39,14.55,0.344,0.182,0.051,164.1,0.1243
ST002,2018-05-18,0.0,14.62,0.433,0.182,0.051,164.1,0.0379
ST002,2018-05-25,17.14,20.8,0.452,0.182,0.051,164.1,0.1879
ST002,2018-06-01,0.0,19.9,0.457,0.182,0.051,164.1,0.0243
ST002,2018-06-08,0.0,21.03,0.504,0.182,0.051,164.1,0.0303
ST002,2018-06-15,2.38,23.38,0.559,0.182,0.051,164.1,0.1819
ST002,2018-06-22,0.0,24.13,0.47,0.182,0.051,164.1,0.1555
ST002,2018-06-29,0.0,18.18,0.557,0.182,0.051,164.1,0.0376
ST002,2018-07-06,0.0,25.22,0.568,0.182,0.051,164.1,0.0311
ST002,2018-07-13,0.0,22.74,0.593,0.182,0.051,164.1,0.0303
ST002,2018-07-20,11.25,24.73,0.619,0.182,0.051,164.1,0.0697
ST002,2018-07-27,0.0,23.2,0.645,0.182,0.051,164.1,0.1793
ST002,2018-08-03,0.0,23.26,0.629,0.182,0.051,164.1,0.02
ST002,2018-08-10,11.59,22.86,0.609,0.182,0.051,164.1,0.0393
ST002,2018-08-17,0.0,22.6,0.604,0.182,0.051,164.1,0.0486
ST002,2018-08-24,0.0,19.6,0.569,0.182,0.051,164.1,0.0357
ST002,2018-08-31,0.0,21.04,0.606,0.182,0.051,164.1,0.0333
ST002,2018-09-07,5.35,15.54,0.652,0.182,0.051,164.1,0.0394
ST002,2018-09-14,0.0,19.08,0.565,0.182,0.051,164.1,0.0634
ST002,2018-09-21,0.0,14.7,0.572,0.182,0.051,164.1,0.0377
ST002,2018-09-28,0.0,16.78,0.494,0.182,0.051,164.1,0.02
ST002,2018-10-05,0.0,10.51,0.513,0.182,0.051,164.1,0.026
ST002,2018-10-12,0.0,16.49,0.487,0.182,0.051,164.1,0.0357
ST002,2018-10-19,0.0,11.28,0.408,0.182,0.051,164.1,0.0242
ST002,2018-10-26,0.0,12.23,0.421,0.182,0.051,164.1,0.026
ST002,2018-11-02,0.0,10.15,0.327,0.182,0.051,164.1,0.02
ST002,2018-11-09,0.0,7.54,0.329,0.182,0.051,164.1,0.02
ST002,2018-11-16,0.0,5.76,0.331,0.182,0.051,164.1,0.02
ST002,2018-11-23,0.0,9.62,0.273,0.182,0.051,164.1,0.0218
ST002,2018-11-30,0.0,5.05,0.225,0.182,0.051,164.1,0.0466
ST002,2018-12-07,0.0,3.98,0.229,0.182,0.051,164.1,0.02
ST002,2018-12-14,5.87,6.47,0.171,0.182,0.051,164.1,0.0608
ST002,2018-12-21,0.0,-0.36,0.139,0.182,0.051,164.1,0.0215
ST002,2018-12-28,0.0,2.68,0.152,0.182,0.051,164.1,0.0349
ST002,2019-01-04,0.0,0.64,0.138,0.182,0.051,164.1,0.0265
ST002,2019-01-11,0.0,-1.18,0.05,0.182,0.051,164.1,0.0498
ST002,2019-01-18,32.96,-3.11,0.103,0.182,0.051,164.1,0.2502
ST002,2019-01-25,0.0,-0.16,0.05,0.182,0.051,164.1,0.0804
ST002,2019-02-01,0.0,0.28,0.05,0.182,0.051,164.1,0.0414
ST002,2019-02-08,0.0,3.41,0.05,0.182,0.051,164.1,0.02
ST002,2019-02-15,0.0,2.9,0.053,0.182,0.051,164.1,0.0299
ST002,2019-02-22,0.0,0.81,0.05,0.182,0.051,164.1,0.0204
ST002,2019-03-01,20.55,4.32,0.058,0.182,0.051,164.1,0.1363
ST002,2019-03-08,45.72,4.5,0.111,0.182,0.051,164.1,0.4413
ST002,2019-03-15,12.21,9.92,0.163,0.182,0.051,164.1,0.3229
ST002,2019-03-22,47.51,10.22,0.123,0.182,0.051,164.1,0.4752
ST002,2019-03-29,0.0,7.58,0.128,0.182,0.051,164.1,0.097
ST002,2019-04-05,0.0,12.63,0.197,0.182,0.051,164.1,0.1052
ST002,2019-04-12,0.0,13.85,0.252,0.182,0.051,164.1,0.0459
ST002,2019-04-19,0.0,13.38,0.22,0.182,0.051,164.1,0.028
ST002,2019-04-26,0.0,11.96,0.297,0.182,0.051,164.1,0.1664
ST002,2019-05-03,1.12,11.51,0.344,0.182,0.051,164.1,0.0204
ST002,2019-05-10,0.0,14.25,0.368,0.182,0.051,164.1,0.0318
ST002,2019-05-17,0.0,16.06,0.372,0.182,0.051,164.1,0.0303
ST002,2019-05-24,0.0,16.71,0.421,0.182,0.051,164.1,0.0322
ST002,2019-05-31,0.0,21.2,0.505,0.182,0.051,164.1,0.0224
ST002,2019-06-07,0.0,21.57,0.469,0.182,0.051,164.1,0.0916
ST002,2019-06-14,0.0,18.05,0.468,0.182,0.051,164.1,0.0415
ST002,2019-06-21,0.0,22.68,0.485,0.182,0.051,164.1,0.2873
ST002,2019-06-28,13.98,21.06,0.546,0.182,0.051,164.1,0.174
ST002,2019-07-05,0.0,17.17,0.56,0.182,0.051,164.1,0.02
ST002,2019-07-12,0.0,24.56,0.642,0.182,0.051,164.1,0.02
ST002,2019-07-19,4.63,23.47,0.612,0.182,0.051,164.1,0.0261
ST002,2019-07-26,15.96,22.45,0.602,0.182,0.051,164.1,0.1101
ST002,2019-08-02,0.15,20.94,0.638,0.182,0.051,164.1,0.0236
ST002,2019-08-09,4.64,19.95,0.614,0.182,0.051,164.1,0.0339
ST002,2019-08-16,0.0,19.74,0.687,0.182,0.051,164.1,0.0339
ST002,2019-08-23,0.0,15.77,0.7,0.182,0.051,164.1,0.0806
ST002,2019-08-30,0.0,21.69,0.633,0.182,0.051,164.1,0.0275
ST002,2019-09-06,1.88,15.25,0.577,0.182,0.051,164.1,0.023
ST002,2019-09-13,3.36,17.58,0.617,0.182,0.051,164.1,0.02
ST002,2019-09-20,0.0,15.81,0.558,0.182,0.051,164.1,0.0218
ST002,2019-09-27,0.0,18.31,0.57,0.182,0.051,164.1,0.0244
ST002,2019-10-04,0.0,12.66,0.483,0.182,0.051,164.1,0.0353
ST002,2019-10-11,0.0,10.39,0.483,0.182,0.051,164.1,0.02
ST002,2019-10-18,0.0,14.83,0.472,0.182,0.051,164.1,0.02
ST002,2019-10-25,2.59,12.46,0.428,0.182,0.051,164.1,0.0306
ST002,2019-11-01,0.0,8.97,0.402,0.182,0.051,164.1,0.02
ST002,2019-11-08,0.0,3.33,0.312,0.182,0.051,164.1,0.02
ST002,2019-11-15,0.0,7.65,0.353,0.182,0.051,164.1,0.0796
ST002,2019-11-22,0.0,6.44,0.275,0.182,0.051,164.1,0.0386
ST002,2019-11-29,0.0,5.32,0.287,0.182,0.051,164.1,0.0226
ST002,2019-12-06,0.0,6.45,0.266,0.182,0.051,164.1,0.0255
ST002,2019-12-13,0.0,3.36,0.106,0.182,0.051,164.1,0.0245
ST002,2019-12-20,0.0,0.41,0.184,0.182,0.051,164.1,0.0302
ST002,2019-12-27,0.0,-0.4,0.119,0.182,0.051,164.1,0.022
ST002,2020-01-03,0.0,-2.82,0.092,0.182,0.051,164.1,0.0311
ST002,2020-01-10,0.0,3.62,0.126,0.182,0.051,164.1,0.0295
ST002,2020-01-17,0.0,1.94,0.142,0.182,0.051,164.1,0.0252
ST002,2020-01-24,0.0,1.06,0.05,0.182,0.051,164.1,0.0306
ST002,2020-01-31,0.0,-1.33,0.05,0.182,0.051,164.1,0.0411
ST002,2020-02-07,0.0,1.34,0.05,0.182,0.051,164.1,0.0404
ST002,2020-02-14,0.0,-0.25,0.058,0.182,0.051,164.1,0.0357
ST002,2020-02-21,0.0,5.48,0.127,0.182,0.051,164.1,0.1639
ST002,2020-02-28,5.79,3.89,0.076,0.182,0.051,164.1,0.0788
ST002,2020-03-06,0.0,4.79,0.134,0.182,0.051,164.1,0.0243
ST002,2020-03-13,0.0,5.79,0.153,0.182,0.051,164.1,0.0583
ST002,2020-03-20,0.0,6.31,0.142,0.182,0.051,164.1,0.1047
ST002,2020-03-27,0.0,8.23,0.173,0.182,0.051,164.1,0.0304
ST002,2020-04-03,0.0,10.05,0.168,0.182,0.051,164.1,0.0404
ST002,2020-04-10,0.0,14.86,0.132,0.182,0.051,164.1,0.0234
ST002,2020-04-17,0.0,11.35,0.23,0.182,0.051,164.1,0.0556
ST002,2020-04-24,0.0,17.48,0.293,0.182,0.051,164.1,0.02
ST002,2020-05-01,0.0,14.0,0.356,0.182,0.051,164.1,0.0339
ST002,2020-05-08,0.0,19.47,0.343,0.182,0.051,164.1,0.02
ST002,2020-05-15,0.0,21.13,0.337,0.182,0.051,164.1,0.0285
ST002,2020-05-22,7.19,18.99,0.429,0.182,0.051,164.1,0.2285
ST002,2020-05-29,0.0,16.44,0.421,0.182,0.051,164.1,0.224
ST002,2020-06-05,1.77,18.54,0.455,0.182,0.051,164.1,0.0927
ST002,2020-06-12,0.0,18.57,0.481,0.182,0.051,164.1,0.1605
ST002,2020-06-19,0.0,22.51,0.585,0.182,0.051,164.1,0.1856
ST002,2020-06-26,0.0,21.96,0.579,0.182,0.051,164.1,0.271
ST002,2020-07-03,32.84,22.41,0.555,0.182,0.051,164.1,0.2863
ST002,2020-07-10,0.0,23.08,0.586,0.182,0.051,164.1,0.0236
ST002,2020-07-17,16.55,25.02,0.62,0.182,0.051,164.1,0.114
ST002,2020-07-24,0.0,24.62,0.686,0.182,0.051,164.1,0.0746
ST002,2020-07-31,11.45,26.68,0.649,0.182,0.051,164.1,0.1781
ST002,2020-08-07,0.0,22.94,0.677,0.182,0.051,164.1,0.02
ST002,2020-08-14,0.0,18.91,0.567,0.182,0.051,164.1,0.029
ST002,2020-08-21,0.0,18.78,0.656,0.182,0.051,164.1,0.02
ST002,2020-08-28,0.0,19.02,0.61,0.182,0.051,164.1,0.0281
ST002,2020-09-04,0.52,20.06,0.576,0.182,0.051,164.1,0.0275
ST002,2020-09-11,0.0,20.37,0.575,0.182,0.051,164.1,0.0273
ST002,2020-09-18,0.0,15.16,0.515,0.182,0.051,164.1,0.0227
ST002,2020-09-25,0.0,10.91,0.508,0.182,0.051,164.1,0.0213
ST002,2020-10-02,0.0,14.12,0.566,0.182,0.051,164.1,0.1781
ST002,2020-10-09,0.0,15.04,0.466,0.182,0.051,164.1,0.0727
ST002,2020-10-16,0.0,8.67,0.481,0.182,0.051,164.1,0.0229
ST002,2020-10-23,0.0,12.75,0.415,0.182,0.051,164.1,0.02
ST002,2020-10-30,0.0,8.18,0.411,0.182,0.051,164.1,0.0258
ST002,2020-11-06,0.0,4.14,0.375,0.182,0.051,164.1,0.02
ST002,2020-11-13,0.0,6.42,0.311,0.182,0.051,164.1,0.0655
ST002,2020-11-20,0.0,6.41,0.3,0.182,0.051,164.1,0.02
ST002,2020-11-27,0.0,4.04,0.201,0.182,0.051,164.1,0.0309
ST002,2020-12-04,0.0,2.81,0.198,0.182,0.051,164.1,0.0427
ST002,2020-12-11,0.0,-1.39,0.213,0.182,0.051,164.1,0.02
ST002,2020-12-18,0.0,3.51,0.211,0.182,0.051,164.1,0.0288
ST002,2020-12-25,0.0,-1.9,0.105,0.182,0.051,164.1,0.0462
ST003,2016-01-01,0.0,-8.69,0.209,0.274,0.372,1312.6,0.2469
ST003,2016-01-08,0.0,-5.54,0.148,0.274,0.372,1312.6,0.1475
ST003,2016-01-15,0.0,-6.17,0.153,0.274,0.372,1312.6,0.1322
ST003,2016-01-22,0.0,-6.68,0.1,0.274,0.372,1312.6,0.1078
ST003,2016-01-29,0.0,-3.68,0.115,0.274,0.372,1312.6,0.2186
ST003,2016-02-05,0.0,-9.26,0.082,0.274,0.372,1312.6,0.1174
ST003,2016-02-12,0.0,-4.59,0.116,0.274,0.372,1312.6,0.1209
ST003,2016-02-19,0.0,-3.93,0.166,0.274,0.372,1312.6,0.0957
ST003,2016-02-26,0.0,-4.94,0.124,0.274,0.372,1312.6,0.0738
ST003,2016-03-04,0.0,0.55,0.102,0.274,0.372,1312.6,0.0608
ST003,2016-03-11,0.0,-3.96,0.184,0.274,0.372,1312.6,0.0552
ST003,2016-03-18,0.0,-2.72,0.183,0.274,0.372,1312.6,0.0537
ST003,2016-03-25,0.0,-2.12,0.202,0.274,0.372,1312.6,0.0753
ST003,2016-04-01,18.29,3.06,0.145,0.274,0.372,1312.6,0.2314
ST003,2016-04-08,12.51,6.22,0.221,0.274,0.372,1312.6,0.2095
ST003,2016-04-15,3.68,3.74,0.248,0.274,0.372,1312.6,0.1991
ST003,2016-04-22,0.0,3.08,0.258,0.274,0.372,1312.6,0.1676
ST003,2016-04-29,0.0,7.01,0.33,0.274,0.372,1312.6,0.1535
ST003,2016-05-06,1.6,7.87,0.393,0.274,0.372,1312.6,0.2151
ST003,2016-05-13,0.0,11.5,0.307,0.274,0.372,1312.6,0.3176
ST003,2016-05-20,0.0,10.51,0.422,0.274,0.372,1312.6,0.1633
ST003,2016-05-27,10.97,10.56,0.399,0.274,0.372,1312.6,0.184
ST003,2016-06-03,0.0,14.71,0.417,0.274,0.372,1312.6,0.1159
ST003,2016-06-10,0.0,12.84,0.495,0.274,0.372,1312.6,0.1584
ST003,2016-06-17,0.0,15.17,0.545,0.274,0.372,1312.6,0.066
ST003,2016-06-24,16.42,18.24,0.527,0.274,0.372,1312.6,0.22
ST003,2016-07-01,0.0,13.45,0.51,0.274,0.372,1312.6,0.0837
ST003,2016-07-08,0.0,15.17,0.518,0.274,0.372,1312.6,0.154
ST003,2016-07-15,0.0,15.94,0.549,0.274,0.372,1312.6,0.0948
ST003,2016-07-22,0.0,14.41,0.567,0.274,0.372,1312.6,0.0541
ST003,2016-07-29,0.0,11.92,0.589,0.274,0.372,1312.6,0.0702
ST003,2016-08-05,5.79,13.98,0.583,0.274,0.372,1312.6,0.0852
ST003,2016-08-12,0.0,18.22,0.545,0.274,0.372,1312.6,0.0821
ST003,2016-08-19,0.0,15.66,0.614,0.274,0.372,1312.6,0.0415
ST003,2016-08-26,0.83,13.7,0.596,0.274,0.372,1312.6,0.0526
ST003,2016-09-02,2.3,10.99,0.592,0.274,0.372,1312.6,0.0785
ST003,2016-09-09,0.0,8.83,0.519,0.274,0.372,1312.6,0.0685
ST003,2016-09-16,0.0,7.3,0.524,0.274,0.372,1312.6,0.0575
ST003,2016-09-23,0.0,6.13,0.534,0.274,0.372,1312.6,0.0503
ST003,2016-09-30,0.0,8.19,0.55,0.274,0.372,1312.6,0.0595
ST003,2016-10-07,0.0,5.24,0.351,0.274,0.372,1312.6,0.0545
ST003,2016-10-14,0.0,1.39,0.458,0.274,0.372,1312.6,0.071
ST003,2016-10-21,0.0,6.52,0.417,0.274,0.372,1312.6,0.064
ST003,2016-10-28,0.0,-1.31,0.378,0.274,0.372,1312.6,0.0577
ST003,2016-11-04,0.0,-0.9,0.426,0.274,0.372,1312.6,0.0597
ST003,2016-11-11,0.0,1.56,0.337,0.274,0.372,1312.6,0.059
ST003,2016-11-18,0.0,-1.62,0.338,0.274,0.372,1312.6,0.0513
ST003,2016-11-25,0.0,-4.37,0.272,0.274,0.372,1312.6,0.0704
ST003,2016-12-02,0.0,-2.26,0.295,0.274,0.372,1312.6,0.0535
ST003,2016-12-09,0.0,-6.61,0.22,0.274,0.372,1312.6,0.0778
ST003,2016-12-16,0.0,-6.52,0.231,0.274,0.372,1312.6,0.0895
ST003,2016-12-23,0.0,-10.59,0.239,0.274,0.372,1312.6,0.0621
ST003,2016-12-30,0.0,-9.84,0.155,0.274,0.372,1312.6,0.0653
ST003,2017-01-06,0.0,-2.67,0.096,0.274,0.372,1312.6,0.0704
ST003,2017-01-13,0.0,-6.36,0.116,0.274,0.372,1312.6,0.0827
ST003,2017-01-20,0.0,-5.81,0.13,0.274,0.372,1312.6,0.0705
ST003,2017-01-27,28.51,-6.7,0.133,0.274,0.372,1312.6,0.2524
ST003,2017-02-03,0.0,-3.99,0.133,0.274,0.372,1312.6,0.1964
ST003,2017-02-10,0.0,-9.51,0.126,0.274,0.372,1312.6,0.1063
ST003,2017-02-17,0.0,-4.39,0.11,0.274,0.372,1312.6,0.0968
ST003,2017-02-24,0.0,-0.93,0.102,0.274,0.372,1312.6,0.106
ST003,2017-03-03,0.0,-3.61,0.106,0.274,0.372,1312.6,0.0927
ST003,2017-03-10,0.0,-2.9,0.165,0.274,0.372,1312.6,0.0678
ST003,2017-03-17,0.0,0.27,0.077,0.274,0.372,1312.6,0.05
ST003,2017-03-24,0.0,-2.8,0.202,0.274,0.372,1312.6,0.2536
ST003,2017-03-31,0.0,-2.22,0.238,0.274,0.372,1312.6,0.1437
ST003,2017-04-07,13.93,2.97,0.183,0.274,0.372,1312.6,0.16
ST003,2017-04-14,0.0,2.7,0.226,0.274,0.372,1312.6,0.0683
ST003,2017-04-21,0.0,8.09,0.279,0.274,0.372,1312.6,0.0691
ST003,2017-04-28,0.11,8.63,0.351,0.274,0.372,1312.6,0.1252
ST003,2017-05-05,52.42,9.11,0.305,0.274,0.372,1312.6,0.3658
ST003,2017-05-12,5.46,5.79,0.35,0.274,0.372,1312.6,0.1557
ST003,2017-05-19,3.47,8.49,0.343,0.274,0.372,1312.6,0.1794
ST003,2017-05-26,0.0,8.43,0.452,0.274,0.372,1312.6,0.1466
ST003,2017-06-02,5.23,10.05,0.368,0.274,0.372,1312.6,0.1654
ST003,2017-06-09,0.0,15.45,0.451,0.274,0.372,1312.6,0.1165
ST003,2017-06-16,0.0,9.74,0.466,0.274,0.372,1312.6,0.1399
ST003,2017-06-23,0.0,13.12,0.536,0.274,0.372,1312.6,0.3633
ST003,2017-06-30,0.0,15.67,0.552,0.274,0.372,1312.6,0.1818
ST003,2017-07-07,0.0,10.15,0.514,0.274,0.372,1312.6,0.0778
ST003,2017-07-14,0.0,13.6,0.496,0.274,0.372,1312.6,0.0513
ST003,2017-07-21,31.25,12.41,0.529,0.274,0.372,1312.6,0.165
ST003,2017-07-28,0.0,12.33,0.576,0.274,0.372,1312.6,0.1154
ST003,2017-08-04,0.0,15.15,0.542,0.274,0.372,1312.6,0.0585
ST003,2017-08-11,1.62,13.3,0.559,0.274,0.372,1312.6,0.0665
ST003,2017-08-18,0.0,14.26,0.575,0.274,0.372,1312.6,0.0784
ST003,2017-08-25,0.12,14.77,0.556,0.274,0.372,1312.6,0.0639
ST003,2017-09-01,0.0,13.52,0.593,0.274,0.372,1312.6,0.0466
ST003,2017-09-08,0.0,13.43,0.62,0.274,0.372,1312.6,0.0669
ST003,2017-09-15,0.87,11.69,0.539,0.274,0.372,1312.6,0.0845
ST003,2017-09-22,0.0,7.22,0.48,0.274,0.372,1312.6,0.0786
ST003,2017-09-29,0.0,6.0,0.514,0.274,0.372,1312.6,0.0535
ST003,2017-10-06,0.0,6.89,0.454,0.274,0.372,1312.6,0.0568
ST003,2017-10-13,0.0,2.87,0.467,0.274,0.372,1312.6,0.0506
ST003,2017-10-20,0.0,5.56,0.424,0.274,0.372,1312.6,0.0576
ST003,2017-10-27,0.0,5.71,0.356,0.274,0.372,1312.6,0.0532
ST003,2017-11-03,0.0,2.21,0.377,0.274,0.372,1312.6,0.0712
ST003,2017-11-10,0.0,0.88,0.322,0.274,0.372,1312.6,0.0581
ST003,2017-11-17,0.0,-1.03,0.324,0.274,0.372,1312.6,0.0545
ST003,2017-11-24,0.0,-0.16,0.254,0.274,0.372,1312.6,0.0634
ST003,2017-12-01,0.0,1.49,0.31,0.274,0.372,1312.6,0.0942
ST003,2017-12-08,0.0,-8.96,0.26,0.274,0.372,1312.6,0.079
ST003,2017-12-15,0.0,-5.64,0.204,0.274,0.372,1312.6,0.0772
ST003,2017-12-22,0.0,-4.44,0.167,0.274,0.372,1312.6,0.0701
ST003,2017-12-29,11.57,-3.85,0.174,0.274,0.372,1312.6,0.1088
ST003,2018-01-05,0.0,-5.88,0.166,0.274,0.372,1312.6,0.087
ST003,2018-01-12,0.0,-6.28,0.127,0.274,0.372,1312.6,0.0787
ST003,2018-01-19,0.0,-9.62,0.068,0.274,0.372,1312.6,0.0616
ST003,2018-01-26,0.0,-7.81,0.142,0.274,0.372,1312.6,0.071
ST003,2018-02-02,0.0,-3.61,0.157,0.274,0.372,1312.6,0.0578
ST003,2018-02-09,0.0,-5.43,0.116,0.274,0.372,1312.6,0.1033
ST003,2018-02-16,0.0,-5.64,0.087,0.274,0.372,1312.6,0.0807
ST003,2018-02-23,0.0,-4.2,0.129,0.274,0.372,1312.6,0.0551
ST003,2018-03-02,0.0,-4.58,0.13,0.274,0.372,1312.6,0.0727
ST003,2018-03-09,0.0,-0.19,0.145,0.274,0.372,1312.6,0.0702
ST003,2018-03-16,16.49,2.42,0.183,0.274,0.372,1312.6,0.1582
ST003,2018-03-23,0.0,-2.66,0.202,0.274,0.372,1312.6,0.1029
ST003,2018-03-30,0.0,1.16,0.207,0.274,0.372,1312.6,0.0643
ST003,2018-04-06,0.0,2.48,0.209,0.274,0.372,1312.6,0.0483
ST003,2018-04-13,0.0,3.1,0.285,0.274,0.372,1312.6,0.0868
ST003,2018-04-20,0.0,5.73,0.227,0.274,0.372,1312.6,0.174
ST003,2018-04-27,21.47,6.74,0.273,0.274,0.372,1312.6,0.2379
ST003,2018-05-04,0.0,4.48,0.306,0.274,0.372,1312.6,0.1976
ST003,2018-05-11,0.0,9.17,0.371,0.274,0.372,1312.6,0.2367
ST003,2018-05-18,0.0,10.42,0.406,0.274,0.372,1312.6,0.1229
ST003,2018-05-25,0.0,9.62,0.397,0.274,0.372,1312.6,0.2246
ST003,2018-06-01,0.0,12.77,0.467,0.274,0.372,1312.6,0.1611
ST003,2018-06-08,0.0,12.92,0.4,0.274,0.372,1312.6,0.1162
ST003,2018-06-15,0.0,13.06,0.533,0.274,0.372,1312.6,0.1614
ST003,2018-06-22,0.0,14.31,0.582,0.274,0.372,1312.6,0.0743
ST003,2018-06-29,0.0,10.32,0.513,0.274,0.372,1312.6,0.0415
ST003,2018-07-06,0.0,17.01,0.516,0.274,0.372,1312.6,0.062
ST003,2018-07-13,0.0,13.48,0.598,0.274,0.372,1312.6,0.0923
ST003,2018-07-20,1.26,15.67,0.545,0.274,0.372,1312.6,0.0737
ST003,2018-07-27,0.0,14.07,0.524,0.274,0.372,1312.6,0.0441
ST003,2018-08-03,0.0,13.66,0.589,0.274,0.372,1312.6,0.0685
ST003,2018-08-10,1.82,12.72,0.601,0.274,0.372,1312.6,0.0872
ST003,2018-08-17,0.0,14.06,0.629,0.274,0.372,1312.6,0.1244
ST003,2018-08-24,0.0,10.64,0.555,0.274,0.372,1312.6,0.0609
ST003,2018-08-31,0.0,12.19,0.563,0.274,0.372,1312.6,0.0759
ST003,2018-09-07,0.0,10.48,0.581,0.274,0.372,1312.6,0.0587
ST003,2018-09-14,0.0,7.28,0.487,0.274,0.372,1312.6,0.0496
ST003,2018-09-21,0.0,11.25,0.492,0.274,0.372,1312.6,0.057
ST003,2018-09-28,0.0,10.76,0.505,0.274,0.372,1312.6,0.0595
ST003,2018-10-05,0.0,3.12,0.487,0.274,0.372,1312.6,0.0573
ST003,2018-10-12,0.0,4.52,0.447,0.274,0.372,1312.6,0.0527
ST003,2018-10-19,0.0,6.71,0.391,0.274,0.372,1312.6,0.0986
ST003,2018-10-26,0.0,4.77,0.4,0.274,0.372,1312.6,0.0739
ST003,2018-11-02,0.0,0.18,0.382,0.274,0.372,1312.6,0.0625
ST003,2018-11-09,0.0,2.28,0.385,0.274,0.372,1312.6,0.0668
ST003,2018-11-16,17.38,-1.23,0.366,0.274,0.372,1312.6,0.1194
ST003,2018-11-23,0.0,-3.6,0.322,0.274,0.372,1312.6,0.0769
ST003,2018-11-30,0.0,-1.51,0.27,0.274,0.372,1312.6,0.0928
ST003,2018-12-07,0.0,-4.48,0.215,0.274,0.372,1312.6,0.1016
ST003,2018-12-14,0.0,-4.6,0.231,0.274,0.372,1312.6,0.0856
ST003,2018-12-21,0.0,-10.53,0.157,0.274,0.372,1312.6,0.063
ST003,2018-12-28,0.0,-2.8,0.149,0.274,0.372,1312.6,0.0635
ST003,2019-01-04,0.0,-3.1,0.18,0.274,0.372,1312.6,0.0639
ST003,2019-01-11,0.0,-4.92,0.145,0.274,0.372,1312.6,0.0502
ST003,2019-01-18,0.0,-8.57,0.198,0.274,0.372,1312.6,0.0633
ST003,2019-01-25,0.0,-5.61,0.097,0.274,0.372,1312.6,0.0666
ST003,2019-02-01,0.0,-4.27,0.057,0.274,0.372,1312.6,0.065
ST003,2019-02-08,0.0,-4.57,0.183,0.274,0.372,1312.6,0.121
ST003,2019-02-15,0.0,-6.41,0.129,0.274,0.372,1312.6,0.0952
ST003,2019-02-22,0.0,-4.45,0.118,0.274,0.372,1312.6,0.0823
ST003,2019-03-01,0.0,-3.3,0.147,0.274,0.372,1312.6,0.0576
ST003,2019-03-08,0.0,-2.94,0.153,0.274,0.372,1312.6,0.068
ST003,2019-03-15,0.0,-0.12,0.169,0.274,0.372,1312.6,0.0598
ST003,2019-03-22,0.0,-3.0,0.177,0.274,0.372,1312.6,0.057
ST003,2019-03-29,0.0,2.99,0.206,0.274,0.372,1312.6,0.086
ST003,2019-04-05,0.0,3.06,0.227,0.274,0.372,1312.6,0.2299
ST003,2019-04-12,0.0,3.24,0.254,0.274,0.372,1312.6,0.2531
ST003,2019-04-19,11.8,7.65,0.276,0.274,0.372,1312.6,0.2671
ST003,2019-04-26,0.0,6.19,0.321,0.274,0.372,1312.6,0.1476
ST003,2019-05-03,0.0,6.74,0.33,0.274,0.372,1312.6,0.1821
ST003,2019-05-10,0.0,5.72,0.345,0.274,0.372,1312.6,0.3466
ST003,2019-05-17,0.0,9.75,0.427,0.274,0.372,1312.6,0.2052
ST003,2019-05-24,6.09,14.67,0.406,0.274,0.372,1312.6,0.2553
ST003,2019-05-31,0.0,13.77,0.45,0.274,0.372,1312.6,0.1712
ST003,2019-06-07,2.58,11.27,0.45,0.274,0.372,1312.6,0.0946
ST003,2019-06-14,0.0,12.56,0.51,0.274,0.372,1312.6,0.0944
ST003,2019-06-21,0.0,17.46,0.488,0.274,0.372,1312.6,0.2439
ST003,2019-06-28,0.0,18.58,0.539,0.274,0.372,1312.6,0.1441
ST003,2019-07-05,0.0,15.82,0.518,0.274,0.372,1312.6,0.1176
ST003,2019-07-12,0.0,19.61,0.571,0.274,0.372,1312.6,0.0651
ST003,2019-07-19,0.0,15.81,0.517,0.274,0.372,1312.6,0.1245
ST003,2019-07-26,0.0,14.7,0.6,0.274,0.372,1312.6,0.055
ST003,2019-08-02,0.0,15.18,0.596,0.274,0.372,1312.6,0.0575
ST003,2019-08-09,0.0,13.96,0.619,0.274,0.372,1312.6,0.0573
ST003,2019-08-16,0.0,13.39,0.625,0.274,0.372,1312.6,0.0671
ST003,2019-08-23,0.0,15.53,0.566,0.274,0.372,1312.6,0.0732
ST003,2019-08-30,0.0,14.47,0.584,0.274,0.372,1312.6,0.1026
ST003,2019-09-06,3.89,11.06,0.549,0.274,0.372,1312.6,0.0936
ST003,2019-09-13,0.0,3.93,0.549,0.274,0.372,1312.6,0.0657
ST003,2019-09-20,0.0,8.99,0.511,0.274,0.372,1312.6,0.058
ST003,2019-09-27,0.0,6.17,0.483,0.274,0.372,1312.6,0.0476
ST003,2019-10-04,0.0,6.32,0.471,0.274,0.372,1312.6,0.0544
ST003,2019-10-11,0.0,3.05,0.447,0.274,0.372,1312.6,0.0416
ST003,2019-10-18,0.0,2.32,0.461,0.274,0.372,1312.6,0.058
ST003,2019-10-25,0.0,-0.83,0.382,0.274,0.372,1312.6,0.0587
ST003,2019-11-01,0.0,-1.31,0.421,0.274,0.372,1312.6,0.0542
ST003,2019-11-08,0.0,1.94,0.357,0.274,0.372,1312.6,0.0504
ST003,2019-11-15,0.0,-4.18,0.337,0.274,0.372,1312.6,0.0702
ST003,2019-11-22,0.0,-5.61,0.314,0.274,0.372,1312.6,0.0962
ST003,2019-11-29,0.0,-4.03,0.251,0.274,0.372,1312.6,0.0594
ST003,2019-12-06,0.0,-4.41,0.238,0.274,0.372,1312.6,0.062
ST003,2019-12-13,0.0,-1.22,0.208,0.274,0.372,1312.6,0.0645
ST003,2019-12-20,0.0,-6.18,0.175,0.274,0.372,1312.6,0.0547
ST003,2019-12-27,0.0,-6.0,0.2,0.274,0.372,1312.6,0.0513
ST003,2020-01-03,0.0,-3.91,0.248,0.274,0.372,1312.6,0.1156
ST003,2020-01-10,0.0,-1.8,0.242,0.274,0.372,1312.6,0.0692
ST003,2020-01-17,0.0,-5.31,0.099,0.274,0.372,1312.6,0.0725
ST003,2020-01-24,0.0,-5.48,0.123,0.274,0.372,1312.6,0.0616
ST003,2020-01-31,2.91,-4.54,0.124,0.274,0.372,1312.6,0.0604
ST003,2020-02-07,0.0,-8.13,0.136,0.274,0.372,1312.6,0.0601
ST003,2020-02-14,0.0,-4.09,0.142,0.274,0.372,1312.6,0.0811
ST003,2020-02-21,1.57,-4.81,0.109,0.274,0.372,1312.6,0.0696
ST003,2020-02-28,8.55,-5.81,0.187,0.274,0.372,1312.6,0.0984
ST003,2020-03-06,0.0,-0.6,0.137,0.274,0.372,1312.6,0.1823
ST003,2020-03-13,0.0,-0.87,0.221,0.274,0.372,1312.6,0.1504
ST003,2020-03-20,0.0,1.25,0.156,0.274,0.372,1312.6,0.1128
ST003,2020-03-27,0.0,-0.89,0.191,0.274,0.372,1312.6,0.0778
ST003,2020-04-03,0.0,3.9,0.214,0.274,0.372,1312.6,0.1642
ST003,2020-04-10,5.19,2.8,0.266,0.274,0.372,1312.6,0.2302
ST003,2020-04-17,0.0,3.7,0.278,0.274,0.372,1312.6,0.1234
ST003,2020-04-24,0.0,11.82,0.299,0.274,0.372,1312.6,0.113
ST003,2020-05-01,0.0,6.96,0.296,0.274,0.372,1312.6,0.117
ST003,2020-05-08,0.0,10.9,0.278,0.274,0.372,1312.6,0.1676
ST003,2020-05-15,0.0,9.01,0.395,0.274,0.372,1312.6,0.1858
ST003,2020-05-22,19.17,12.58,0.348,0.274,0.372,1312.6,0.227
ST003,2020-05-29,0.3,12.21,0.42,0.274,0.372,1312.6,0.1514
ST003,2020-06-05,7.53,15.87,0.435,0.274,0.372,1312.6,0.1198
ST003,2020-06-12,0.0,14.55,0.547,0.274,0.372,1312.6,0.1327
ST003,2020-06-19,6.1,11.09,0.483,0.274,0.372,1312.6,0.2125
ST003,2020-06-26,0.0,14.89,0.53,0.274,0.372,1312.6,0.0999
ST003,2020-07-03,0.0,14.28,0.573,0.274,0.372,1312.6,0.0879
ST003,2020-07-10,0.0,15.1,0.544,0.274,0.372,1312.6,0.0839
ST003,2020-07-17,0.0,14.52,0.613,0.274,0.372,1312.6,0.0603
ST003,2020-07-24,1.52,17.03,0.633,0.274,0.372,1312.6,0.0601
ST003,2020-07-31,0.0,15.11,0.575,0.274,0.372,1312.6,0.0937
ST003,2020-08-07,0.0,12.56,0.536,0.274,0.372,1312.6,0.101
ST003,2020-08-14,0.0,7.17,0.572,0.274,0.372,1312.6,0.0864
ST003,2020-08-21,8.41,13.26,0.594,0.274,0.372,1312.6,0.0722
ST003,2020-08-28,4.11,11.27,0.576,0.274,0.372,1312.6,0.0755
ST003,2020-09-04,0.0,11.17,0.57,0.274,0.372,1312.6,0.0307
ST003,2020-09-11,0.0,9.3,0.536,0.274,0.372,1312.6,0.0632
ST003,2020-09-18,24.41,10.8,0.539,0.274,0.372,1312.6,0.148
ST003,2020-09-25,0.0,11.59,0.572,0.274,0.372,1312.6,0.0751
ST003,2020-10-02,0.0,6.33,0.47,0.274,0.372,1312.6,0.0531
ST003,2020-10-09,0.0,3.52,0.493,0.274,0.372,1312.6,0.0809
ST003,2020-10-16,0.0,6.05,0.452,0.274,0.372,1312.6,0.1441
ST003,2020-10-23,0.0,3.9,0.417,0.274,0.372,1312.6,0.089
ST003,2020-10-30,0.0,-0.97,0.345,0.274,0.372,1312.6,0.0745
ST003,2020-11-06,0.0,-1.36,0.41,0.274,0.372,1312.6,0.0622
ST003,2020-11-13,0.0,-1.42,0.381,0.274,0.372,1312.6,0.0423
ST003,2020-11-20,0.0,-2.87,0.296,0.274,0.372,1312.6,0.0642
ST003,2020-11-27,0.0,-1.53,0.256,0.274,0.372,1312.6,0.0551
ST003,2020-12-04,0.0,-3.49,0.282,0.274,0.372,1312.6,0.0661
ST003,2020-12-11,0.0,-2.91,0.207,0.274,0.372,1312.6,0.0642
ST003,2020-12-18,0.0,-4.48,0.188,0.274,0.372,1312.6,0.0524
ST003,2020-12-25,0.0,-4.82,0.203,0.274,0.372,1312.6,0.0383
ST004,2016-01-01,0.0,-1.89,0.109,0.341,0.19,193.4,0.2536
ST004,2016-01-08,0.0,0.68,0.189,0.341,0.19,193.4,0.1532
ST004,2016-01-15,0.0,2.44,0.06,0.341,0.19,193.4,0.1733
ST004,2016-01-22,0.0,-0.88,0.117,0.341,0.19,193.4,0.0971
ST004,2016-01-29,0.0,4.79,0.056,0.341,0.19,193.4,0.053
ST004,2016-02-05,0.0,1.33,0.059,0.341,0.19,193.4,0.034
ST004,2016-02-12,0.0,2.49,0.05,0.341,0.19,193.4,0.0306
ST004,2016-02-19,0.0,5.44,0.05,0.341,0.19,193.4,0.0552
ST004,2016-02-26,0.0,3.66,0.106,0.341,0.19,193.4,0.1405
ST004,2016-03-04,0.0,5.24,0.08,0.341,0.19,193.4,0.0494
ST004,2016-03-11,0.0,5.44,0.115,0.341,0.19,193.4,0.0986
ST004,2016-03-18,0.0,7.72,0.05,0.341,0.19,193.4,0.1771
ST004,2016-03-25,1.51,9.35,0.131,0.341,0.19,193.4,0.1575
ST004,2016-04-01,0.0,4.31,0.176,0.341,0.19,193.4,0.1565
ST004,2016-04-08,0.0,10.7,0.224,0.341,0.19,193.4,0.1537
ST004,2016-04-15,21.46,9.57,0.23,0.341,0.19,193.4,0.1604
ST004,2016-04-22,0.0,14.08,0.316,0.341,0.19,193.4,0.065
ST004,2016-04-29,9.25,12.5,0.298,0.341,0.19,193.4,0.1277
ST004,2016-05-06,0.0,13.95,0.33,0.341,0.19,193.4,0.1443
ST004,2016-05-13,1.51,13.19,0.376,0.341,0.19,193.4,0.24
ST004,2016-05-20,0.0,15.72,0.372,0.341,0.19,193.4,0.0887
ST004,2016-05-27,0.0,19.51,0.496,0.341,0.19,193.4,0.0263
ST004,2016-06-03,0.0,19.33,0.441,0.341,0.19,193.4,0.0389
ST004,2016-06-10,0.0,23.87,0.541,0.341,0.19,193.4,0.0326
ST004,2016-06-17,0.0,22.36,0.499,0.341,0.19,193.4,0.1748
ST004,2016-06-24,13.29,23.69,0.577,0.341,0.19,193.4,0.234
ST004,2016-07-01,3.73,19.99,0.558,0.341,0.19,193.4,0.1209
ST004,2016-07-08,15.98,23.97,0.599,0.341,0.19,193.4,0.1285
ST004,2016-07-15,0.0,23.99,0.645,0.341,0.19,193.4,0.0992
ST004,2016-07-22,0.0,18.92,0.663,0.341,0.19,193.4,0.0481
ST004,2016-07-29,0.0,21.92,0.601,0.341,0.19,193.4,0.0406
ST004,2016-08-05,0.0,22.32,0.652,0.341,0.19,193.4,0.0261
ST004,2016-08-12,0.0,18.86,0.732,0.341,0.19,193.4,0.0378
ST004,2016-08-19,0.0,16.35,0.649,0.341,0.19,193.4,0.0346
ST004,2016-08-26,11.76,19.11,0.592,0.341,0.19,193.4,0.083
ST004,2016-09-02,0.0,18.57,0.585,0.341,0.19,193.4,0.0316
ST004,2016-09-09,0.0,21.08,0.619,0.341,0.19,193.4,0.0248
ST004,2016-09-16,0.0,18.55,0.591,0.341,0.19,193.4,0.0454
ST004,2016-09-23,0.0,12.76,0.587,0.341,0.19,193.4,0.0362
ST004,2016-09-30,0.0,17.53,0.506,0.341,0.19,193.4,0.0431
ST004,2016-10-07,0.0,12.36,0.42,0.341,0.19,193.4,0.0418
ST004,2016-10-14,0.0,11.14,0.46,0.341,0.19,193.4,0.0287
ST004,2016-10-21,0.0,9.82,0.407,0.341,0.19,193.4,0.0407
ST004,2016-10-28,0.0,13.55,0.415,0.341,0.19,193.4,0.0528
ST004,2016-11-04,0.0,6.89,0.395,0.341,0.19,193.4,0.0509
ST004,2016-11-11,0.0,6.86,0.333,0.341,0.19,193.4,0.0319
ST004,2016-11-18,0.0,3.27,0.285,0.341,0.19,193.4,0.0419
ST004,2016-11-25,0.0,1.95,0.264,0.341,0.19,193.4,0.0415
ST004,2016-12-02,0.0,0.97,0.237,0.341,0.19,193.4,0.052
ST004,2016-12-09,0.0,6.5,0.2,0.341,0.19,193.4,0.0395
ST004,2016-12-16,0.0,3.48,0.15,0.341,0.19,193.4,0.0427
ST004,2016-12-23,0.0,2.06,0.15,0.341,0.19,193.4,0.0419
ST004,2016-12-30,0.0,-1.65,0.176,0.341,0.19,193.4,0.0587
ST004,2017-01-06,0.0,1.92,0.088,0.341,0.19,193.4,0.0416
ST004,2017-01-13,0.0,-2.43,0.09,0.341,0.19,193.4,0.0356
ST004,2017-01-20,0.0,-1.12,0.062,0.341,0.19,193.4,0.073
ST004,2017-01-27,0.0,1.97,0.117,0.341,0.19,193.4,0.1206
ST004,2017-02-03,0.0,-0.79,0.082,0.341,0.19,193.4,0.0562
ST004,2017-02-10,0.0,1.04,0.05,0.341,0.19,193.4,0.0412
ST004,2017-02-17,0.0,3.36,0.05,0.341,0.19,193.4,0.0441
ST004,2017-02-24,0.0,7.31,0.076,0.341,0.19,193.4,0.0372
ST004,2017-03-03,0.0,2.93,0.05,0.341,0.19,193.4,0.0441
ST004,2017-03-10,0.0,7.58,0.099,0.341,0.19,193.4,0.0572
ST004,2017-03-17,0.0,7.98,0.108,0.341,0.19,193.4,0.1087
ST004,2017-03-24,0.0,6.25,0.144,0.341,0.19,193.4,0.0618
ST004,2017-03-31,0.0,7.76,0.168,0.341,0.19,193.4,0.0853
ST004,2017-04-07,14.55,9.41,0.214,0.341,0.19,193.4,0.1057
ST004,2017-04-14,0.0,13.92,0.227,0.341,0.19,193.4,0.0861
ST004,2017-04-21,0.0,14.74,0.248,0.341,0.19,193.4,0.0373
ST004,2017-04-28,0.0,15.35,0.27,0.341,0.19,193.4,0.1289
ST004,2017-05-05,0.0,14.99,0.347,0.341,0.19,193.4,0.3496
ST004,2017-05-12,2.21,19.07,0.36,0.341,0.19,193.4,0.1348
ST004,2017-05-19,2.64,18.79,0.428,0.341,0.19,193.4,0.0362
ST004,2017-05-26,24.85,16.92,0.449,0.341,0.19,193.4,0.208
ST004,2017-06-02,0.0,22.43,0.466,0.341,0.19,193.4,0.2186
ST004,2017-06-09,0.0,17.71,0.451,0.341,0.19,193.4,0.2834
ST004,2017-06-16,1.75,21.5,0.538,0.341,0.19,193.4,0.052
ST004,2017-06-23,14.08,24.74,0.539,0.341,0.19,193.4,0.0885
ST004,2017-06-30,10.51,23.48,0.559,0.341,0.19,193.4,0.1034
ST004,2017-07-07,0.0,23.04,0.572,0.341,0.19,193.4,0.1302
ST004,2017-07-14,0.0,24.34,0.629,0.341,0.19,193.4,0.1555
ST004,2017-07-21,0.0,22.39,0.573,0.341,0.19,193.4,0.093
ST004,2017-07-28,0.86,19.18,0.629,0.341,0.19,193.4,0.0462
ST004,2017-08-04,0.0,23.57,0.652,0.341,0.19,193.4,0.0547
ST004,2017-08-11,0.0,21.3,0.64,0.341,0.19,193.4,0.0303
ST004,2017-08-18,0.0,20.37,0.631,0.341,0.19,193.4,0.0531
ST004,2017-08-25,0.26,22.12,0.658,0.341,0.19,193.4,0.0375
ST004,2017-09-01,0.0,22.64,0.673,0.341,0.19,193.4,0.0349
ST004,2017-09-08,0.0,22.24,0.583,0.341,0.19,193.4,0.0411
ST004,2017-09-15,0.0,17.1,0.613,0.341,0.19,193.4,0.0547
ST004,2017-09-22,0.0,19.06,0.572,0.341,0.19,193.4,0.0364
ST004,2017-09-29,0.0,17.82,0.581,0.341,0.19,193.4,0.0276
ST004,2017-10-06,0.0,15.17,0.531,0.341,0.19,193.4,0.0326
ST004,2017-10-13,0.0,13.82,0.473,0.341,0.19,193.4,0.0373
ST004,2017-10-20,0.0,10.16,0.463,0.341,0.19,193.4,0.035
ST004,2017-10-27,0.0,4.12,0.412,0.341,0.19,193.4,0.0462
ST004,2017-11-03,0.0,5.74,0.371,0.341,0.19,193.4,0.0352
ST004,2017-11-10,0.0,4.01,0.33,0.341,0.19,193.4,0.0366
ST004,2017-11-17,0.0,6.12,0.354,0.341,0.19,193.4,0.0553
ST004,2017-11-24,0.0,4.31,0.295,0.341,0.19,193.4,0.086
ST004,2017-12-01,0.0,7.39,0.316,0.341,0.19,193.4,0.0494
ST004,2017-12-08,0.0,5.54,0.169,0.341,0.19,193.4,0.044
ST004,2017-12-15,0.0,0.71,0.237,0.341,0.19,193.4,0.0381
ST004,2017-12-22,0.0,1.44,0.164,0.341,0.19,193.4,0.046
ST004,2017-12-29,0.0,-2.09,0.182,0.341,0.19,193.4,0.0327
ST004,2018-01-05,0.0,1.5,0.112,0.341,0.19,193.4,0.0392
ST004,2018-01-12,0.0,0.91,0.105,0.341,0.19,193.4,0.0346
ST004,2018-01-19,0.0,1.83,0.116,0.341,0.19,193.4,0.0288
ST004,2018-01-26,0.0,1.74,0.128,0.341,0.19,193.4,0.096
ST004,2018-02-02,0.0,1.89,0.05,0.341,0.19,193.4,0.052
ST004,2018-02-09,0.0,2.06,0.119,0.341,0.19,193.4,0.0751
ST004,2018-02-16,0.18,1.27,0.093,0.341,0.19,193.4,0.0359
ST004,2018-02-23,0.0,1.54,0.05,0.341,0.19,193.4,0.0604
ST004,2018-03-02,0.02,5.93,0.106,0.341,0.19,193.4,0.1002
ST004,2018-03-09,0.0,6.66,0.12,0.341,0.19,193.4,0.0778
ST004,2018-03-16,0.0,5.27,0.144,0.341,0.19,193.4,0.1431
ST004,2018-03-23,0.0,6.95,0.123,0.341,0.19,193.4,0.1184
ST004,2018-03-30,0.0,10.71,0.165,0.341,0.19,193.4,0.031
ST004,2018-04-06,4.61,11.55,0.238,0.341,0.19,193.4,0.0496
ST004,2018-04-13,0.0,10.04,0.23,0.341,0.19,193.4,0.0465
ST004,2018-04-20,0.0,12.91,0.319,0.341,0.19,193.4,0.1393
ST004,2018-04-27,0.0,15.48,0.286,0.341,0.19,193.4,0.1196
ST004,2018-05-04,0.0,15.64,0.297,0.341,0.19,193.4,0.0767
ST004,2018-05-11,0.0,18.3,0.351,0.341,0.19,193.4,0.1663
ST004,2018-05-18,8.1,16.98,0.373,0.341,0.19,193.4,0.0785
ST004,2018-05-25,2.34,20.78,0.391,0.341,0.19,193.4,0.221
ST004,2018-06-01,0.0,21.24,0.505,0.341,0.19,193.4,0.2067
ST004,2018-06-08,0.03,18.9,0.479,0.341,0.19,193.4,0.2703
ST004,2018-06-15,0.0,25.9,0.51,0.341,0.19,193.4,0.0793
ST004,2018-06-22,0.0,22.74,0.539,0.341,0.19,193.4,0.0411
ST004,2018-06-29,40.39,23.9,0.593,0.341,0.19,193.4,0.2563
ST004,2018-07-06,6.78,23.31,0.59,0.341,0.19,193.4,0.0901
ST004,2018-07-13,0.0,21.16,0.614,0.341,0.19,193.4,0.0481
ST004,2018-07-20,0.81,19.56,0.695,0.341,0.19,193.4,0.0558
ST004,2018-07-27,0.0,21.71,0.61,0.341,0.19,193.4,0.077
ST004,2018-08-03,0.0,24.18,0.655,0.341,0.19,193.4,0.0566
ST004,2018-08-10,0.41,20.34,0.631,0.341,0.19,193.4,0.0453
ST004,2018-08-17,6.55,20.61,0.585,0.341,0.19,193.4,0.0487
ST004,2018-08-24,0.0,21.34,0.644,0.341,0.19,193.4,0.0915
ST004,2018-08-31,0.0,19.2,0.614,0.341,0.19,193.4,0.0463
ST004,2018-09-07,0.0,19.21,0.635,0.341,0.19,193.4,0.1296
ST004,2018-09-14,0.0,18.63,0.603,0.341,0.19,193.4,0.0285
ST004,2018-09-21,0.0,13.89,0.545,0.341,0.19,193.4,0.0329
ST004,2018-09-28,0.0,15.14,0.527,0.341,0.19,193.4,0.0245
ST004,2018-10-05,0.0,14.58,0.498,0.341,0.19,193.4,0.0443
ST004,2018-10-12,0.0,13.09,0.476,0.341,0.19,193.4,0.0503
ST004,2018-10-19,0.0,15.27,0.435,0.341,0.19,193.4,0.0382
ST004,2018-10-26,0.0,7.67,0.377,0.341,0.19,193.4,0.04
ST004,2018-11-02,0.0,8.09,0.334,0.341,0.19,193.4,0.0605
ST004,2018-11-09,0.0,5.26,0.368,0.341,0.19,193.4,0.0493
ST004,2018-11-16,6.21,5.92,0.323,0.341,0.19,193.4,0.0565
ST004,2018-11-23,0.0,5.38,0.329,0.341,0.19,193.4,0.0385
ST004,2018-11-30,0.0,4.66,0.219,0.341,0.19,193.4,0.0499
ST004,2018-12-07,0.0,0.56,0.216,0.341,0.19,193.4,0.0422
ST004,2018-12-14,0.0,0.61,0.165,0.341,0.19,193.4,0.0394
ST004,2018-12-21,0.0,4.35,0.195,0.341,0.19,193.4,0.0331
ST004,2018-12-28,1.6,-0.24,0.122,0.341,0.19,193.4,0.0587
ST004,2019-01-04,0.0,2.64,0.082,0.341,0.19,193.4,0.0277
ST004,2019-01-11,6.41,4.29,0.102,0.341,0.19,193.4,0.0696
ST004,2019-01-18,0.0,1.36,0.106,0.341,0.19,193.4,0.0404
ST004,2019-01-25,1.77,-0.01,0.05,0.341,0.19,193.4,0.0508
ST004,2019-02-01,5.47,1.66,0.068,0.341,0.19,193.4,0.0979
ST004,2019-02-08,0.0,-0.82,0.05,0.341,0.19,193.4,0.0948
ST004,2019-02-15,0.0,3.4,0.05,0.341,0.19,193.4,0.0723
ST004,2019-02-22,1.14,1.8,0.05,0.341,0.19,193.4,0.054
ST004,2019-03-01,0.0,6.34,0.142,0.341,0.19,193.4,0.0441
ST004,2019-03-08,1.17,2.54,0.101,0.341,0.19,193.4,0.0399
ST004,2019-03-15,0.0,5.38,0.13,0.341,0.19,193.4,0.0606
ST004,2019-03-22,0.0,6.77,0.121,0.341,0.19,193.4,0.1663
ST004,2019-03-29,0.0,9.11,0.196,0.341,0.19,193.4,0.0736
ST004,2019-04-05,0.0,6.12,0.205,0.341,0.19,193.4,0.1212
ST004,2019-04-12,0.0,8.95,0.231,0.341,0.19,193.4,0.082
ST004,2019-04-19,0.0,13.69,0.278,0.341,0.19,193.4,0.0945
ST004,2019-04-26,0.0,11.17,0.304,0.341,0.19,193.4,0.0382
ST004,2019-05-03,0.0,13.18,0.302,0.341,0.19,193.4,0.1295
ST004,2019-05-10,36.29,16.02,0.302,0.341,0.19,193.4,0.303
ST004,2019-05-17,15.64,17.46,0.417,0.341,0.19,193.4,0.1832
ST004,2019-05-24,44.12,20.52,0.404,0.341,0.19,193.4,0.3816
ST004,2019-05-31,1.59,19.65,0.49,0.341,0.19,193.4,0.2988
ST004,2019-06-07,0.21,18.61,0.48,0.341,0.19,193.4,0.1328
ST004,2019-06-14,0.0,21.11,0.56,0.341,0.19,193.4,0.034
ST004,2019-06-21,3.12,22.72,0.537,0.341,0.19,193.4,0.1639
ST004,2019-06-28,0.0,21.21,0.587,0.341,0.19,193.4,0.2819
ST004,2019-07-05,0.0,26.1,0.601,0.341,0.19,193.4,0.0661
ST004,2019-07-12,11.66,25.18,0.61,0.341,0.19,193.4,0.0818
ST004,2019-07-19,2.27,25.11,0.673,0.341,0.19,193.4,0.0426
ST004,2019-07-26,0.0,24.21,0.635,0.341,0.19,193.4,0.0459
ST004,2019-08-02,0.0,22.3,0.63,0.341,0.19,193.4,0.0459
ST004,2019-08-09,0.0,21.3,0.632,0.341,0.19,193.4,0.0464
ST004,2019-08-16,0.0,21.23,0.634,0.341,0.19,193.4,0.0429
ST004,2019-08-23,0.0,20.82,0.654,0.341,0.19,193.4,0.1574
ST004,2019-08-30,22.9,20.67,0.64,0.341,0.19,193.4,0.1678
ST004,2019-09-06,0.0,16.26,0.611,0.341,0.19,193.4,0.0978
ST004,2019-09-13,9.24,19.19,0.593,0.341,0.19,193.4,0.0552
ST004,2019-09-20,0.0,17.83,0.562,0.341,0.19,193.4,0.0505
ST004,2019-09-27,0.0,17.1,0.561,0.341,0.19,193.4,0.0431
ST004,2019-10-04,0.0,10.8,0.506,0.341,0.19,193.4,0.1451
ST004,2019-10-11,0.0,8.37,0.461,0.341,0.19,193.4,0.0404
ST004,2019-10-18,0.0,14.59,0.459,0.341,0.19,193.4,0.0656
ST004,2019-10-25,0.0,8.26,0.403,0.341,0.19,193.4,0.0321
ST004,2019-11-01,0.0,6.45,0.349,0.341,0.19,193.4,0.0386
ST004,2019-11-08,0.0,5.17,0.334,0.341,0.19,193.4,0.0239
ST004,2019-11-15,0.0,4.66,0.267,0.341,0.19,193.4,0.0393
ST004,2019-11-22,0.0,4.49,0.28,0.341,0.19,193.4,0.0331
ST004,2019-11-29,0.0,3.86,0.252,0.341,0.19,193.4,0.0478
ST004,2019-12-06,3.51,4.17,0.196,0.341,0.19,193.4,0.0356
ST004,2019-12-13,0.0,-1.86,0.194,0.341,0.19,193.4,0.0449
ST004,2019-12-20,0.0,0.52,0.129,0.341,0.19,193.4,0.0428
ST004,2019-12-27,0.0,2.93,0.133,0.341,0.19,193.4,0.0284
ST004,2020-01-03,0.0,0.18,0.145,0.341,0.19,193.4,0.048
ST004,2020-01-10,0.0,0.99,0.074,0.341,0.19,193.4,0.0277
ST004,2020-01-17,0.0,1.8,0.077,0.341,0.19,193.4,0.0342
ST004,2020-01-24,0.0,0.13,0.06,0.341,0.19,193.4,0.0535
ST004,2020-01-31,0.0,-1.31,0.106,0.341,0.19,193.4,0.0394
ST004,2020-02-07,0.0,4.61,0.074,0.341,0.19,193.4,0.0389
ST004,2020-02-14,3.47,5.25,0.053,0.341,0.19,193.4,0.0425
ST004,2020-02-21,10.81,1.08,0.07,0.341,0.19,193.4,0.1397
ST004,2020-02-28,0.0,3.09,0.074,0.341,0.19,193.4,0.0789
ST004,2020-03-06,0.0,3.17,0.113,0.341,0.19,193.4,0.0592
ST004,2020-03-13,0.0,7.69,0.085,0.341,0.19,193.4,0.0294
ST004,2020-03-20,0.0,6.4,0.077,0.341,0.19,193.4,0.0784
ST004,2020-03-27,0.0,6.42,0.174,0.341,0.19,193.4,0.0668
ST004,2020-04-03,0.0,7.06,0.153,0.341,0.19,193.4,0.1041
ST004,2020-04-10,0.0,11.27,0.244,0.341,0.19,193.4,0.043
ST004,2020-04-17,0.0,14.39,0.229,0.341,0.19,193.4,0.2097
ST004,2020-04-24,0.0,16.55,0.304,0.341,0.19,193.4,0.0696
ST004,2020-05-01,5.41,14.65,0.333,0.341,0.19,193.4,0.0758
ST004,2020-05-08,0.0,15.44,0.373,0.341,0.19,193.4,0.301
ST004,2020-05-15,7.83,12.96,0.33,0.341,0.19,193.4,0.2109
ST004,2020-05-22,0.0,17.76,0.433,0.341,0.19,193.4,0.0539
ST004,2020-05-29,3.32,18.59,0.411,0.341,0.19,193.4,0.1615
ST004,2020-06-05,0.0,20.1,0.473,0.341,0.19,193.4,0.1312
ST004,2020-06-12,15.53,17.07,0.482,0.341,0.19,193.4,0.0897
ST004,2020-06-19,0.21,23.65,0.495,0.341,0.19,193.4,0.0485
ST004,2020-06-26,0.0,16.77,0.557,0.341,0.19,193.4,0.0427
ST004,2020-07-03,0.0,25.47,0.607,0.341,0.19,193.4,0.0364
ST004,2020-07-10,4.74,24.74,0.628,0.341,0.19,193.4,0.0513
ST004,2020-07-17,0.0,18.69,0.637,0.341,0.19,193.4,0.1585
ST004,2020-07-24,0.0,19.99,0.657,0.341,0.19,193.4,0.0423
ST004,2020-07-31,45.89,22.86,0.65,0.341,0.19,193.4,0.2743
ST004,2020-08-07,0.0,20.41,0.649,0.341,0.19,193.4,0.1325
ST004,2020-08-14,0.0,24.64,0.604,0.341,0.19,193.4,0.0463
ST004,2020-08-21,0.0,21.32,0.664,0.341,0.19,193.4,0.0443
ST004,2020-08-28,1.03,17.86,0.621,0.341,0.19,193.4,0.0937
ST004,2020-09-04,0.0,18.17,0.603,0.341,0.19,193.4,0.0664
ST004,2020-09-11,0.0,17.28,0.601,0.341,0.19,193.4,0.0758
ST004,2020-09-18,0.0,16.01,0.565,0.341,0.19,193.4,0.0475
ST004,2020-09-25,0.0,11.08,0.616,0.341,0.19,193.4,0.0362
ST004,2020-10-02,0.0,17.96,0.524,0.341,0.19,193.4,0.0519
ST004,2020-10-09,0.0,15.87,0.54,0.341,0.19,193.4,0.0779
ST004,2020-10-16,0.0,12.73,0.486,0.341,0.19,193.4,0.0331
ST004,2020-10-23,14.79,9.93,0.429,0.341,0.19,193.4,0.0851
ST004,2020-10-30,14.68,11.23,0.396,0.341,0.19,193.4,0.1022
ST004,2020-11-06,0.0,8.88,0.365,0.341,0.19,193.4,0.0473
ST004,2020-11-13,0.0,8.75,0.3,0.341,0.19,193.4,0.0427
ST004,2020-11-20,0.0,4.95,0.251,0.341,0.19,193.4,0.0325
ST004,2020-11-27,0.0,4.61,0.202,0.341,0.19,193.4,0.0346
ST004,2020-12-04,3.52,6.03,0.24,0.341,0.19,193.4,0.0679
ST004,2020-12-11,0.0,-0.45,0.183,0.341,0.19,193.4,0.0401
ST004,2020-12-18,0.0,0.23,0.165,0.341,0.19,193.4,0.0587
ST004,2020-12-25,0.0,-2.27,0.178,0.341,0.19,193.4,0.0506
ST005,2016-01-01,0.0,-3.22,0.095,0.692,0.098,423.9,0.1651
ST005,2016-01-08,0.0,2.09,0.108,0.692,0.098,423.9,0.1575
ST005,2016-01-15,0.0,-1.25,0.117,0.692,0.098,423.9,0.0615
ST005,2016-01-22,0.0,-0.68,0.063,0.692,0.098,423.9,0.0471
ST005,2016-01-29,0.0,-7.35,0.097,0.692,0.098,423.9,0.0331
ST005,2016-02-05,0.0,0.85,0.05,0.692,0.098,423.9,0.0262
ST005,2016-02-12,0.0,-0.31,0.076,0.692,0.098,423.9,0.0227
ST005,2016-02-19,0.0,-0.29,0.05,0.692,0.098,423.9,0.0244
ST005,2016-02-26,0.0,0.96,0.134,0.692,0.098,423.9,0.0328
ST005,2016-03-04,0.0,0.76,0.112,0.692,0.098,423.9,0.033
ST005,2016-03-11,0.0,2.9,0.064,0.692,0.098,423.9,0.0248
ST005,2016-03-18,13.7,8.49,0.098,0.692,0.098,423.9,0.1214
ST005,2016-03-25,0.0,6.48,0.196,0.692,0.098,423.9,0.0539
ST005,2016-04-01,0.0,6.59,0.188,0.692,0.098,423.9,0.026
ST005,2016-04-08,0.0,8.94,0.236,0.692,0.098,423.9,0.1583
ST005,2016-04-15,0.0,8.62,0.247,0.692,0.098,423.9,0.1615
ST005,2016-04-22,0.0,11.75,0.23,0.692,0.098,423.9,0.0432
ST005,2016-04-29,9.99,10.75,0.28,0.692,0.098,423.9,0.1095
ST005,2016-05-06,0.0,13.59,0.338,0.692,0.098,423.9,0.0516
ST005,2016-05-13,0.0,18.06,0.367,0.692,0.098,423.9,0.0818
ST005,2016-05-20,0.0,19.03,0.408,0.692,0.098,423.9,0.0327
ST005,2016-05-27,0.0,20.41,0.449,0.692,0.098,423.9,0.0339
ST005,2016-06-03,0.0,20.5,0.482,0.692,0.098,423.9,0.0404
ST005,2016-06-10,0.0,21.02,0.518,0.692,0.098,423.9,0.0378
ST005,2016-06-17,0.0,22.3,0.534,0.692,0.098,423.9,0.2667
ST005,2016-06-24,0.0,22.5,0.49,0.692,0.098,423.9,0.1017
ST005,2016-07-01,0.0,20.09,0.524,0.692,0.098,423.9,0.0565
ST005,2016-07-08,0.0,20.32,0.567,0.692,0.098,423.9,0.0238
ST005,2016-07-15,0.0,20.39,0.595,0.692,0.098,423.9,0.037
ST005,2016-07-22,0.0,20.05,0.679,0.692,0.098,423.9,0.0607
ST005,2016-07-29,0.0,23.53,0.653,0.692,0.098,423.9,0.0478
ST005,2016-08-05,0.0,20.74,0.58,0.692,0.098,423.9,0.0395
ST005,2016-08-12,0.0,20.84,0.619,0.692,0.098,423.9,0.0278
ST005,2016-08-19,0.0,21.96,0.658,0.692,0.098,423.9,0.038
ST005,2016-08-26,0.0,16.73,0.578,0.692,0.098,423.9,0.1617
ST005,2016-09-02,0.0,18.07,0.616,0.692,0.098,423.9,0.0372
ST005,2016-09-09,0.0,13.2,0.627,0.692,0.098,423.9,0.02
ST005,2016-09-16,0.0,16.07,0.544,0.692,0.098,423.9,0.0283
ST005,2016-09-23,0.0,11.64,0.544,0.692,0.098,423.9,0.0242
ST005,2016-09-30,0.0,13.17,0.534,0.692,0.098,423.9,0.0311
ST005,2016-10-07,0.0,3.85,0.438,0.692,0.098,423.9,0.0314
ST005,2016-10-14,0.0,9.03,0.502,0.692,0.098,423.9,0.0962
ST005,2016-10-21,0.0,8.87,0.49,0.692,0.098,423.9,0.0368
ST005,2016-10-28,0.0,9.31,0.38,0.692,0.098,423.9,0.1225
ST005,2016-11-04,0.0,6.85,0.336,0.692,0.098,423.9,0.0312
ST005,2016-11-11,0.0,7.08,0.351,0.692,0.098,423.9,0.0288
ST005,2016-11-18,0.0,6.0,0.351,0.692,0.098,423.9,0.0251
ST005,2016-11-25,0.0,-0.04,0.284,0.692,0.098,423.9,0.0402
ST005,2016-12-02,0.0,0.04,0.281,0.692,0.098,423.9,0.0355
ST005,2016-12-09,0.0,1.73,0.2,0.692,0.098,423.9,0.024
ST005,2016-12-16,0.0,0.55,0.202,0.692,0.098,423.9,0.0309
ST005,2016-12-23,0.0,-0.62,0.094,0.692,0.098,423.9,0.02
ST005,2016-12-30,0.0,2.3,0.133,0.692,0.098,423.9,0.0414
ST005,2017-01-06,0.0,-1.63,0.117,0.692,0.098,423.9,0.0488
ST005,2017-01-13,0.0,2.67,0.068,0.692,0.098,423.9,0.0381
ST005,2017-01-20,0.0,-1.81,0.117,0.692,0.098,423.9,0.035
ST005,2017-01-27,0.0,-1.3,0.077,0.692,0.098,423.9,0.101
ST005,2017-02-03,0.0,0.82,0.057,0.692,0.098,423.9,0.1695
ST005,2017-02-10,0.0,-1.53,0.093,0.692,0.098,423.9,0.0641
ST005,2017-02-17,0.0,-3.47,0.095,0.692,0.098,423.9,0.0668
ST005,2017-02-24,0.0,0.79,0.05,0.692,0.098,423.9,0.0278
ST005,2017-03-03,0.0,4.05,0.1,0.692,0.098,423.9,0.021
ST005,2017-03-10,0.0,4.17,0.139,0.692,0.098,423.9,0.0868
ST005,2017-03-17,0.0,6.6,0.136,0.692,0.098,423.9,0.0386
ST005,2017-03-24,0.0,6.0,0.118,0.692,0.098,423.9,0.0481
ST005,2017-03-31,0.0,9.21,0.187,0.692,0.098,423.9,0.118
ST005,2017-04-07,0.0,7.47,0.177,0.692,0.098,423.9,0.0695
ST005,2017-04-14,0.0,8.92,0.241,0.692,0.098,423.9,0.0314
ST005,2017-04-21,0.0,11.72,0.251,0.692,0.098,423.9,0.0367
ST005,2017-04-28,0.0,13.12,0.277,0.692,0.098,423.9,0.0206
ST005,2017-05-05,0.0,13.79,0.325,0.692,0.098,423.9,0.0459
ST005,2017-05-12,27.56,16.31,0.395,0.692,0.098,423.9,0.1453
ST005,2017-05-19,0.0,16.4,0.327,0.692,0.098,423.9,0.1211
ST005,2017-05-26,5.59,17.84,0.402,0.692,0.098,423.9,0.048
ST005,2017-06-02,0.0,16.93,0.455,0.692,0.098,423.9,0.0235
ST005,2017-06-09,0.0,21.11,0.491,0.692,0.098,423.9,0.0255
ST005,2017-06-16,20.79,23.02,0.569,0.692,0.098,423.9,0.1433
ST005,2017-06-23,0.0,18.8,0.605,0.692,0.098,423.9,0.0433
ST005,2017-06-30,0.0,20.18,0.523,0.692,0.098,423.9,0.0252
ST005,2017-07-07,0.0,16.23,0.572,0.692,0.098,423.9,0.2627
ST005,2017-07-14,0.0,21.21,0.633,0.692,0.098,423.9,0.02
ST005,2017-07-21,0.0,22.17,0.564,0.692,0.098,423.9,0.0411
ST005,2017-07-28,0.0,19.05,0.627,0.692,0.098,423.9,0.0427
ST005,2017-08-04,0.0,17.29,0.567,0.692,0.098,423.9,0.0344
ST005,2017-08-11,0.0,20.15,0.635,0.692,0.098,423.9,0.0367
ST005,2017-08-18,0.0,14.79,0.625,0.692,0.098,423.9,0.0318
ST005,2017-08-25,13.09,20.41,0.613,0.692,0.098,423.9,0.0876
ST005,2017-09-01,0.75,20.98,0.536,0.692,0.098,423.9,0.023
ST005,2017-09-08,39.19,20.41,0.561,0.692,0.098,423.9,0.2338
ST005,2017-09-15,2.21,9.95,0.56,0.692,0.098,423.9,0.0706
ST005,2017-09-22,0.0,19.2,0.542,0.692,0.098,423.9,0.0318
ST005,2017-09-29,0.0,12.61,0.525,0.692,0.098,423.9,0.0323
ST005,2017-10-06,0.0,14.14,0.585,0.692,0.098,423.9,0.0375
ST005,2017-10-13,0.0,7.59,0.498,0.692,0.098,423.9,0.0342
ST005,2017-10-20,0.0,9.36,0.397,0.692,0.098,423.9,0.0246
ST005,2017-10-27,0.0,10.47,0.394,0.692,0.098,423.9,0.0251
ST005,2017-11-03,0.0,4.69,0.443,0.692,0.098,423.9,0.0337
ST005,2017-11-10,0.0,3.21,0.33,0.692,0.098,423.9,0.0314
ST005,2017-11-17,6.51,7.48,0.281,0.692,0.098,423.9,0.0575
ST005,2017-11-24,0.0,7.83,0.259,0.692,0.098,423.9,0.0284
ST005,2017-12-01,0.0,2.2,0.205,0.692,0.098,423.9,0.0309
ST005,2017-12-08,0.0,4.36,0.261,0.692,0.098,423.9,0.0449
ST005,2017-12-15,0.0,3.44,0.201,0.692,0.098,423.9,0.0486
ST005,2017-12-22,0.0,-3.53,0.12,0.692,0.098,423.9,0.021
ST005,2017-12-29,0.0,0.61,0.116,0.692,0.098,423.9,0.0368
ST005,2018-01-05,0.0,-1.71,0.144,0.692,0.098,423.9,0.053
ST005,2018-01-12,0.0,0.58,0.128,0.692,0.098,423.9,0.0274
ST005,2018-01-19,0.0,2.12,0.086,0.692,0.098,423.9,0.0394
ST005,2018-01-26,0.0,-3.81,0.124,0.692,0.098,423.9,0.0913
ST005,2018-02-02,0.0,-2.03,0.068,0.692,0.098,423.9,0.0214
ST005,2018-02-09,0.0,2.36,0.081,0.692,0.098,423.9,0.0531
ST005,2018-02-16,0.0,0.07,0.05,0.692,0.098,423.9,0.0375
ST005,2018-02-23,0.0,1.7,0.075,0.692,0.098,423.9,0.0267
ST005,2018-03-02,0.0,4.92,0.078,0.692,0.098,423.9,0.1573
ST005,2018-03-09,0.0,6.06,0.124,0.692,0.098,423.9,0.4098
ST005,2018-03-16,0.0,1.71,0.123,0.692,0.098,423.9,0.1085
ST005,2018-03-23,0.0,2.31,0.154,0.692,0.098,423.9,0.0725
ST005,2018-03-30,0.0,11.51,0.238,0.692,0.098,423.9,0.0308
ST005,2018-04-06,0.0,7.17,0.218,0.692,0.098,423.9,0.0333
ST005,2018-04-13,0.0,10.09,0.215,0.692,0.098,423.9,0.0251
ST005,2018-04-20,0.0,7.93,0.272,0.692,0.098,423.9,0.0375
ST005,2018-04-27,0.0,12.36,0.249,0.692,0.098,423.9,0.2254
ST005,2018-05-04,4.62,12.0,0.311,0.692,0.098,423.9,0.0749
ST005,2018-05-11,0.0,14.67,0.309,0.692,0.098,423.9,0.0384
ST005,2018-05-18,0.0,15.73,0.356,0.692,0.098,423.9,0.0303
ST005,2018-05-25,0.0,15.22,0.409,0.692,0.098,423.9,0.0262
ST005,2018-06-01,0.0,19.17,0.466,0.692,0.098,423.9,0.0447
ST005,2018-06-08,0.64,19.5,0.477,0.692,0.098,423.9,0.1753
ST005,2018-06-15,0.0,17.86,0.522,0.692,0.098,423.9,0.1067
ST005,2018-06-22,11.81,21.65,0.509,0.692,0.098,423.9,0.0895
ST005,2018-06-29,31.18,21.16,0.552,0.692,0.098,423.9,0.1477
ST005,2018-07-06,0.0,21.4,0.59,0.692,0.098,423.9,0.1412
ST005,2018-07-13,0.0,26.83,0.63,0.692,0.098,423.9,0.0227
ST005,2018-07-20,31.96,21.96,0.655,0.692,0.098,423.9,0.1788
ST005,2018-07-27,0.0,16.54,0.619,0.692,0.098,423.9,0.2655
ST005,2018-08-03,0.0,22.35,0.665,0.692,0.098,423.9,0.0416
ST005,2018-08-10,0.0,18.58,0.609,0.692,0.098,423.9,0.0453
ST005,2018-08-17,2.5,20.41,0.635,0.692,0.098,423.9,0.0278
ST005,2018-08-24,0.0,17.74,0.584,0.692,0.098,423.9,0.0229
ST005,2018-08-31,0.0,19.22,0.597,0.692,0.098,423.9,0.02
ST005,2018-09-07,0.0,14.47,0.558,0.692,0.098,423.9,0.0967
ST005,2018-09-14,0.0,14.65,0.637,0.692,0.098,423.9,0.0294
ST005,2018-09-21,0.0,16.18,0.517,0.692,0.098,423.9,0.02
ST005,2018-09-28,0.0,12.57,0.512,0.692,0.098,423.9,0.103
ST005,2018-10-05,0.0,10.33,0.485,0.692,0.098,423.9,0.0291
ST005,2018-10-12,0.0,9.59,0.419,0.692,0.098,423.9,0.0291
ST005,2018-10-19,0.0,9.16,0.458,0.692,0.098,423.9,0.0228
ST005,2018-10-26,0.0,10.68,0.396,0.692,0.098,423.9,0.0333
ST005,2018-11-02,0.0,7.97,0.356,0.692,0.098,423.9,0.0224
ST005,2018-11-09,0.0,7.34,0.352,0.692,0.098,423.9,0.0389
ST005,2018-11-16,0.0,6.7,0.278,0.692,0.098,423.9,0.0476
ST005,2018-11-23,0.0,5.19,0.311,0.692,0.098,423.9,0.0315
ST005,2018-11-30,0.0,4.28,0.286,0.692,0.098,423.9,0.0314
ST005,2018-12-07,0.0,-0.94,0.253,0.692,0.098,423.9,0.0205
ST005,2018-12-14,0.0,-2.1,0.242,0.692,0.098,423.9,0.0313
ST005,2018-12-21,0.0,1.01,0.107,0.692,0.098,423.9,0.0203
ST005,2018-12-28,0.0,1.68,0.113,0.692,0.098,423.9,0.0228
ST005,2019-01-04,0.0,0.45,0.154,0.692,0.098,423.9,0.0332
ST005,2019-01-11,0.0,2.11,0.161,0.692,0.098,423.9,0.0232
ST005,2019-01-18,0.0,1.82,0.089,0.692,0.098,423.9,0.0323
ST005,2019-01-25,0.0,1.12,0.097,0.692,0.098,423.9,0.0247
ST005,2019-02-01,0.0,-1.49,0.096,0.692,0.098,423.9,0.0502
ST005,2019-02-08,0.0,4.04,0.12,0.692,0.098,423.9,0.0208
ST005,2019-02-15,0.0,2.55,0.067,0.692,0.098,423.9,0.0296
ST005,2019-02-22,0.0,0.95,0.077,0.692,0.098,423.9,0.0311
ST005,2019-03-01,0.0,3.29,0.072,0.692,0.098,423.9,0.0809
ST005,2019-03-08,0.0,1.26,0.121,0.692,0.098,423.9,0.0448
ST005,2019-03-15,0.0,2.87,0.118,0.692,0.098,423.9,0.029
ST005,2019-03-22,0.0,6.09,0.18,0.692,0.098,423.9,0.0236
ST005,2019-03-29,0.0,6.3,0.176,0.692,0.098,423.9,0.0289
ST005,2019-04-05,0.0,11.13,0.202,0.692,0.098,423.9,0.0405
ST005,2019-04-12,0.0,11.67,0.172,0.692,0.098,423.9,0.0234
ST005,2019-04-19,0.0,13.91,0.245,0.692,0.098,423.9,0.0295
ST005,2019-04-26,0.56,11.71,0.281,0.692,0.098,423.9,0.029
ST005,2019-05-03,8.47,17.7,0.345,0.692,0.098,423.9,0.0958
ST005,2019-05-10,0.0,18.32,0.34,0.692,0.098,423.9,0.0291
ST005,2019-05-17,0.0,17.89,0.383,0.692,0.098,423.9,0.0248
ST005,2019-05-24,15.89,19.58,0.425,0.692,0.098,423.9,0.1598
ST005,2019-05-31,0.0,13.82,0.486,0.692,0.098,423.9,0.0415
ST005,2019-06-07,24.65,20.06,0.506,0.692,0.098,423.9,0.1583
ST005,2019-06-14,0.0,20.99,0.486,0.692,0.098,423.9,0.0806
ST005,2019-06-21,0.0,20.51,0.561,0.692,0.098,423.9,0.0296
ST005,2019-06-28,0.0,20.05,0.593,0.692,0.098,423.9,0.0278
ST005,2019-07-05,0.0,22.42,0.573,0.692,0.098,423.9,0.0378
ST005,2019-07-12,0.0,23.49,0.677,0.692,0.098,423.9,0.034
ST005,2019-07-19,0.0,22.01,0.601,0.692,0.098,423.9,0.0322
ST005,2019-07-26,0.0,20.27,0.604,0.692,0.098,423.9,0.0356
ST005,2019-08-02,0.0,21.45,0.598,0.692,0.098,423.9,0.0342
ST005,2019-08-09,0.0,20.26,0.617,0.692,0.098,423.9,0.02
ST005,2019-08-16,0.0,18.0,0.604,0.692,0.098,423.9,0.0291
ST005,2019-08-23,0.0,21.95,0.645,0.692,0.098,423.9,0.0323
ST005,2019-08-30,0.0,14.32,0.656,0.692,0.098,423.9,0.0372
ST005,2019-09-06,0.0,18.66,0.616,0.692,0.098,423.9,0.0456
ST005,2019-09-13,0.0,12.07,0.558,0.692,0.098,423.9,0.0339
ST005,2019-09-20,0.0,14.63,0.604,0.692,0.098,423.9,0.02
ST005,2019-09-27,0.0,11.95,0.529,0.692,0.098,423.9,0.0373
ST005,2019-10-04,0.0,15.23,0.549,0.692,0.098,423.9,0.032
ST005,2019-10-11,0.0,11.61,0.493,0.692,0.098,423.9,0.0305
ST005,2019-10-18,0.0,8.04,0.483,0.692,0.098,423.9,0.0554
ST005,2019-10-25,0.0,3.54,0.422,0.692,0.098,423.9,0.0274
ST005,2019-11-01,0.0,8.62,0.436,0.692,0.098,423.9,0.0237
ST005,2019-11-08,0.0,6.72,0.333,0.692,0.098,423.9,0.0316
ST005,2019-11-15,0.0,6.48,0.263,0.692,0.098,423.9,0.0337
ST005,2019-11-22,0.0,3.35,0.292,0.692,0.098,423.9,0.0409
ST005,2019-11-29,0.0,4.68,0.252,0.692,0.098,423.9,0.0242
ST005,2019-12-06,0.0,3.05,0.224,0.692,0.098,423.9,0.0279
ST005,2019-12-13,0.0,-2.2,0.19,0.692,0.098,423.9,0.0306
ST005,2019-12-20,0.0,-3.76,0.131,0.692,0.098,423.9,0.0368
ST005,2019-12-27,0.0,-1.22,0.124,0.692,0.098,423.9,0.0251
ST005,2020-01-03,0.0,-1.29,0.136,0.692,0.098,423.9,0.0637
ST005,2020-01-10,0.0,-6.51,0.115,0.692,0.098,423.9,0.0467
ST005,2020-01-17,0.0,2.7,0.132,0.692,0.098,423.9,0.0292
ST005,2020-01-24,23.9,-1.95,0.05,0.692,0.098,423.9,0.1502
ST005,2020-01-31,0.0,-0.3,0.082,0.692,0.098,423.9,0.0485
ST005,2020-02-07,7.57,-0.06,0.136,0.692,0.098,423.9,0.0907
ST005,2020-02-14,0.0,1.46,0.06,0.692,0.098,423.9,0.0272
ST005,2020-02-21,0.0,-0.79,0.141,0.692,0.098,423.9,0.0371
ST005,2020-02-28,0.0,1.14,0.101,0.692,0.098,423.9,0.0273
ST005,2020-03-06,0.0,5.61,0.11,0.692,0.098,423.9,0.0633
ST005,2020-03-13,0.0,5.34,0.142,0.692,0.098,423.9,0.02
ST005,2020-03-20,0.0,4.66,0.115,0.692,0.098,423.9,0.0206
ST005,2020-03-27,0.0,9.32,0.16,0.692,0.098,423.9,0.0694
ST005,2020-04-03,0.0,8.98,0.205,0.692,0.098,423.9,0.1346
ST005,2020-04-10,0.0,9.85,0.223,0.692,0.098,423.9,0.02
ST005,2020-04-17,0.0,10.83,0.175,0.692,0.098,423.9,0.0357
ST005,2020-04-24,0.0,10.51,0.366,0.692,0.098,423.9,0.0537
ST005,2020-05-01,0.0,14.68,0.311,0.692,0.098,423.9,0.0761
ST005,2020-05-08,40.28,15.27,0.337,0.692,0.098,423.9,0.1967
ST005,2020-05-15,0.0,16.63,0.361,0.692,0.098,423.9,0.0575
ST005,2020-05-22,0.0,14.48,0.415,0.692,0.098,423.9,0.0305
ST005,2020-05-29,31.79,15.26,0.423,0.692,0.098,423.9,0.1771
ST005,2020-06-05,6.62,19.19,0.491,0.692,0.098,423.9,0.051
ST005,2020-06-12,0.0,15.38,0.543,0.692,0.098,423.9,0.0362
ST005,2020-06-19,0.0,19.48,0.521,0.692,0.098,423.9,0.0692
ST005,2020-06-26,0.0,23.61,0.525,0.692,0.098,423.9,0.0324
ST005,2020-07-03,34.12,23.09,0.6,0.692,0.098,423.9,0.1593
ST005,2020-07-10,0.73,20.82,0.562,0.692,0.098,423.9,0.0309
ST005,2020-07-17,0.0,21.77,0.607,0.692,0.098,423.9,0.0374
ST005,2020-07-24,0.0,20.27,0.575,0.692,0.098,423.9,0.0334
ST005,2020-07-31,0.0,19.82,0.636,0.692,0.098,423.9,0.05
ST005,2020-08-07,0.0,16.48,0.622,0.692,0.098,423.9,0.0308
ST005,2020-08-14,0.0,23.75,0.631,0.692,0.098,423.9,0.0332
ST005,2020-08-21,4.39,16.68,0.637,0.692,0.098,423.9,0.0306
ST005,2020-08-28,0.0,21.08,0.674,0.692,0.098,423.9,0.0803
ST005,2020-09-04,0.0,15.47,0.569,0.692,0.098,423.9,0.0241
ST005,2020-09-11,0.0,19.69,0.598,0.692,0.098,423.9,0.0344
ST005,2020-09-18,0.0,15.43,0.586,0.692,0.098,423.9,0.0329
ST005,2020-09-25,0.0,12.31,0.555,0.692,0.098,423.9,0.0317
ST005,2020-10-02,4.6,13.96,0.529,0.692,0.098,423.9,0.0609
ST005,2020-10-09,1.26,10.7,0.469,0.692,0.098,423.9,0.0966
ST005,2020-10-16,0.0,12.03,0.438,0.692,0.098,423.9,0.0278
ST005,2020-10-23,0.0,11.27,0.432,0.692,0.098,423.9,0.0409
ST005,2020-10-30,0.0,5.87,0.353,0.692,0.098,423.9,0.0234
ST005,2020-11-06,0.0,11.44,0.38,0.692,0.098,423.9,0.0411
ST005,2020-11-13,0.0,6.82,0.33,0.692,0.098,423.9,0.0443
ST005,2020-11-20,0.0,5.58,0.273,0.692,0.098,423.9,0.023
ST005,2020-11-27,0.0,8.66,0.239,0.692,0.098,423.9,0.0459
ST005,2020-12-04,0.0,2.81,0.202,0.692,0.098,423.9,0.0421
ST005,2020-12-11,0.0,0.58,0.176,0.692,0.098,423.9,0.02
ST005,2020-12-18,0.0,-1.24,0.178,0.692,0.098,423.9,0.0275
ST005,2020-12-25,0.0,-0.89,0.147,0.692,0.098,423.9,0.02
ST006,2016-01-01,0.0,-3.87,0.09,0.391,0.332,721.3,0.2675
ST006,2016-01-08,0.0,1.81,0.161,0.391,0.332,721.3,0.1677
ST006,2016-01-15,0.0,-1.29,0.104,0.391,0.332,721.3,0.1194
ST006,2016-01-22,0.0,-6.55,0.111,0.391,0.332,721.3,0.0795
ST006,2016-01-29,0.0,-0.15,0.124,0.391,0.332,721.3,0.1055
ST006,2016-02-05,0.0,0.09,0.05,0.391,0.332,721.3,0.063
ST006,2016-02-12,0.0,-3.69,0.102,0.391,0.332,721.3,0.2157
ST006,2016-02-19,10.92,-0.66,0.119,0.391,0.332,721.3,0.2203
ST006,2016-02-26,0.0,-2.85,0.137,0.391,0.332,721.3,0.1638
ST006,2016-03-04,7.95,-0.8,0.163,0.391,0.332,721.3,0.1595
ST006,2016-03-11,0.0,0.92,0.121,0.391,0.332,721.3,0.1299
ST006,2016-03-18,0.0,5.32,0.139,0.391,0.332,721.3,0.1631
ST006,2016-03-25,2.77,5.09,0.121,0.391,0.332,721.3,0.1652
ST006,2016-04-01,2.41,5.12,0.234,0.391,0.332,721.3,0.1893
ST006,2016-04-08,0.0,9.36,0.236,0.391,0.332,721.3,0.2147
ST006,2016-04-15,4.57,4.91,0.27,0.391,0.332,721.3,0.125
ST006,2016-04-22,11.6,13.84,0.259,0.391,0.332,721.3,0.1258
ST006,2016-04-29,52.07,13.46,0.214,0.391,0.332,721.3,0.3964
ST006,2016-05-06,24.49,15.61,0.327,0.391,0.332,721.3,0.4148
ST006,2016-05-13,4.38,14.27,0.366,0.391,0.332,721.3,0.3419
ST006,2016-05-20,5.2,10.94,0.439,0.391,0.332,721.3,0.3214
ST006,2016-05-27,0.0,15.93,0.484,0.391,0.332,721.3,0.2785
ST006,2016-06-03,4.3,16.93,0.477,0.391,0.332,721.3,0.2338
ST006,2016-06-10,28.36,17.51,0.472,0.391,0.332,721.3,0.494
ST006,2016-06-17,24.68,12.82,0.535,0.391,0.332,721.3,0.4615
ST006,2016-06-24,0.0,14.86,0.533,0.391,0.332,721.3,0.2298
ST006,2016-07-01,0.0,17.26,0.585,0.391,0.332,721.3,0.1178
ST006,2016-07-08,0.0,17.45,0.591,0.391,0.332,721.3,0.3724
ST006,2016-07-15,0.0,14.61,0.623,0.391,0.332,721.3,0.2876
ST006,2016-07-22,0.0,21.88,0.583,0.391,0.332,721.3,0.1906
ST006,2016-07-29,0.0,20.39,0.601,0.391,0.332,721.3,0.2067
ST006,2016-08-05,0.0,15.96,0.581,0.391,0.332,721.3,0.0803
ST006,2016-08-12,0.0,20.15,0.593,0.391,0.332,721.3,0.1324
ST006,2016-08-19,0.0,17.99,0.641,0.391,0.332,721.3,0.0868
ST006,2016-08-26,0.0,16.52,0.633,0.391,0.332,721.3,0.0637
ST006,2016-09-02,1.63,15.48,0.554,0.391,0.332,721.3,0.0661
ST006,2016-09-09,0.0,14.79,0.556,0.391,0.332,721.3,0.0672
ST006,2016-09-16,0.0,10.38,0.541,0.391,0.332,721.3,0.0435
ST006,2016-09-23,0.04,14.08,0.538,0.391,0.332,721.3,0.0629
ST006,2016-09-30,0.0,8.85,0.512,0.391,0.332,721.3,0.0977
ST006,2016-10-07,1.63,10.09,0.499,0.391,0.332,721.3,0.0558
ST006,2016-10-14,20.82,10.18,0.473,0.391,0.332,721.3,0.1489
ST006,2016-10-21,0.0,8.51,0.422,0.391,0.332,721.3,0.0574
ST006,2016-10-28,0.0,5.14,0.432,0.391,0.332,721.3,0.0554
ST006,2016-11-04,0.0,7.14,0.358,0.391,0.332,721.3,0.049
ST006,2016-11-11,0.0,3.88,0.342,0.391,0.332,721.3,0.0545
ST006,2016-11-18,0.0,6.52,0.273,0.391,0.332,721.3,0.0419
ST006,2016-11-25,0.0,-1.2,0.296,0.391,0.332,721.3,0.0536
ST006,2016-12-02,0.0,-1.47,0.269,0.391,0.332,721.3,0.0571
ST006,2016-12-09,0.0,2.29,0.167,0.391,0.332,721.3,0.1611
ST006,2016-12-16,0.0,-4.39,0.185,0.391,0.332,721.3,0.0826
ST006,2016-12-23,0.0,-3.52,0.175,0.391,0.332,721.3,0.0914
ST006,2016-12-30,0.0,-5.65,0.103,0.391,0.332,721.3,0.066
ST006,2017-01-06,0.0,-3.85,0.132,0.391,0.332,721.3,0.0648
ST006,2017-01-13,0.0,-4.48,0.146,0.391,0.332,721.3,0.0582
ST006,2017-01-20,0.0,-3.53,0.108,0.391,0.332,721.3,0.0551
ST006,2017-01-27,0.0,-2.23,0.05,0.391,0.332,721.3,0.0659
ST006,2017-02-03,0.0,-0.05,0.143,0.391,0.332,721.3,0.0559
ST006,2017-02-10,0.0,0.78,0.08,0.391,0.332,721.3,0.0713
ST006,2017-02-17,1.0,-2.15,0.108,0.391,0.332,721.3,0.0679
ST006,2017-02-24,0.0,-0.06,0.104,0.391,0.332,721.3,0.0804
ST006,2017-03-03,0.0,1.15,0.103,0.391,0.332,721.3,0.1477
ST006,2017-03-10,0.0,1.89,0.106,0.391,0.332,721.3,0.2722
ST006,2017-03-17,0.0,1.32,0.145,0.391,0.332,721.3,0.193
ST006,2017-03-24,4.36,1.94,0.122,0.391,0.332,721.3,0.2552
ST006,2017-03-31,0.0,7.65,0.195,0.391,0.332,721.3,0.1737
ST006,2017-04-07,0.0,5.42,0.228,0.391,0.332,721.3,0.1497
ST006,2017-04-14,0.0,6.68,0.218,0.391,0.332,721.3,0.1692
ST006,2017-04-21,0.0,10.51,0.249,0.391,0.332,721.3,0.1297
ST006,2017-04-28,2.32,14.28,0.25,0.391,0.332,721.3,0.2627
ST006,2017-05-05,0.0,12.43,0.348,0.391,0.332,721.3,0.2144
ST006,2017-05-12,0.0,15.58,0.41,0.391,0.332,721.3,0.1643
ST006,2017-05-19,12.43,12.67,0.357,0.391,0.332,721.3,0.1546
ST006,2017-05-26,0.0,14.63,0.428,0.391,0.332,721.3,0.0841
ST006,2017-06-02,12.82,17.87,0.456,0.391,0.332,721.3,0.1021
ST006,2017-06-09,47.13,16.91,0.45,0.391,0.332,721.3,0.2211
ST006,2017-06-16,6.58,19.36,0.474,0.391,0.332,721.3,0.3407
ST006,2017-06-23,60.63,16.92,0.527,0.391,0.332,721.3,0.458
ST006,2017-06-30,0.0,18.93,0.598,0.391,0.332,721.3,0.1767
ST006,2017-07-07,0.0,17.21,0.584,0.391,0.332,721.3,0.196
ST006,2017-07-14,1.82,18.96,0.626,0.391,0.332,721.3,0.0986
ST006,2017-07-21,0.0,17.59,0.589,0.391,0.332,721.3,0.1978
ST006,2017-07-28,0.0,18.61,0.648,0.391,0.332,721.3,0.1292
ST006,2017-08-04,0.0,16.38,0.592,0.391,0.332,721.3,0.2363
ST006,2017-08-11,0.0,20.05,0.626,0.391,0.332,721.3,0.0665
ST006,2017-08-18,0.0,20.52,0.566,0.391,0.332,721.3,0.134
ST006,2017-08-25,0.0,16.64,0.616,0.391,0.332,721.3,0.0493
ST006,2017-09-01,0.0,14.86,0.611,0.391,0.332,721.3,0.054
ST006,2017-09-08,0.0,15.78,0.534,0.391,0.332,721.3,0.09
ST006,2017-09-15,0.0,17.43,0.587,0.391,0.332,721.3,0.0612
ST006,2017-09-22,0.0,9.52,0.501,0.391,0.332,721.3,0.067
ST006,2017-09-29,0.0,14.87,0.517,0.391,0.332,721.3,0.0369
ST006,2017-10-06,0.0,8.46,0.498,0.391,0.332,721.3,0.065
ST006,2017-10-13,0.0,6.33,0.46,0.391,0.332,721.3,0.0524
ST006,2017-10-20,0.0,2.43,0.494,0.391,0.332,721.3,0.2161
ST006,2017-10-27,0.0,8.28,0.399,0.391,0.332,721.3,0.1464
ST006,2017-11-03,0.0,4.67,0.363,0.391,0.332,721.3,0.1671
ST006,2017-11-10,0.0,3.47,0.351,0.391,0.332,721.3,0.1
ST006,2017-11-17,0.0,3.6,0.308,0.391,0.332,721.3,0.0667
ST006,2017-11-24,0.0,-2.73,0.31,0.391,0.332,721.3,0.0535
ST006,2017-12-01,0.0,1.95,0.268,0.391,0.332,721.3,0.0536
ST006,2017-12-08,0.0,-1.77,0.218,0.391,0.332,721.3,0.0534
ST006,2017-12-15,0.0,-5.97,0.213,0.391,0.332,721.3,0.0901
ST006,2017-12-22,0.0,-3.13,0.22,0.391,0.332,721.3,0.0801
ST006,2017-12-29,0.0,-2.05,0.145,0.391,0.332,721.3,0.0757
ST006,2018-01-05,7.48,-0.39,0.086,0.391,0.332,721.3,0.0663
ST006,2018-01-12,11.34,-0.67,0.156,0.391,0.332,721.3,0.1471
ST006,2018-01-19,0.0,-3.87,0.113,0.391,0.332,721.3,0.1192
ST006,2018-01-26,0.0,4.75,0.084,0.391,0.332,721.3,0.115
ST006,2018-02-02,0.0,-1.98,0.06,0.391,0.332,721.3,0.1183
ST006,2018-02-09,1.53,-2.33,0.064,0.391,0.332,721.3,0.1005
ST006,2018-02-16,0.0,-1.52,0.098,0.391,0.332,721.3,0.1643
ST006,2018-02-23,0.0,-1.73,0.075,0.391,0.332,721.3,0.12
ST006,2018-03-02,0.0,2.79,0.058,0.391,0.332,721.3,0.0693
ST006,2018-03-09,0.0,7.41,0.089,0.391,0.332,721.3,0.058
ST006,2018-03-16,0.0,3.58,0.157,0.391,0.332,721.3,0.054
ST006,2018-03-23,5.41,2.56,0.123,0.391,0.332,721.3,0.0704
ST006,2018-03-30,23.56,4.15,0.185,0.391,0.332,721.3,0.1797
ST006,2018-04-06,0.0,7.82,0.2,0.391,0.332,721.3,0.1292
ST006,2018-04-13,0.0,9.8,0.209,0.391,0.332,721.3,0.1569
ST006,2018-04-20,0.0,8.82,0.211,0.391,0.332,721.3,0.0914
ST006,2018-04-27,0.0,11.78,0.32,0.391,0.332,721.3,0.0546
ST006,2018-05-04,0.0,12.78,0.366,0.391,0.332,721.3,0.1778
ST006,2018-05-11,0.0,11.12,0.365,0.391,0.332,721.3,0.1498
ST006,2018-05-18,11.12,13.83,0.418,0.391,0.332,721.3,0.125
ST006,2018-05-25,26.02,13.01,0.441,0.391,0.332,721.3,0.2743
ST006,2018-06-01,24.82,15.98,0.414,0.391,0.332,721.3,0.3881
ST006,2018-06-08,12.95,18.96,0.49,0.391,0.332,721.3,0.3713
ST006,2018-06-15,0.0,17.9,0.478,0.391,0.332,721.3,0.1674
ST006,2018-06-22,22.61,22.12,0.585,0.391,0.332,721.3,0.2752
ST006,2018-06-29,4.49,19.45,0.543,0.391,0.332,721.3,0.3577
ST006,2018-07-06,2.54,22.13,0.56,0.391,0.332,721.3,0.4181
ST006,2018-07-13,0.0,19.03,0.602,0.391,0.332,721.3,0.1841
ST006,2018-07-20,19.28,20.67,0.572,0.391,0.332,721.3,0.2676
ST006,2018-07-27,19.18,17.62,0.631,0.391,0.332,721.3,0.4235
ST006,2018-08-03,0.0,13.83,0.646,0.391,0.332,721.3,0.2384
ST006,2018-08-10,0.0,18.44,0.571,0.391,0.332,721.3,0.0959
ST006,2018-08-17,2.9,14.39,0.664,0.391,0.332,721.3,0.2402
ST006,2018-08-24,0.42,20.29,0.569,0.391,0.332,721.3,0.0839
ST006,2018-08-31,0.0,11.95,0.617,0.391,0.332,721.3,0.1555
ST006,2018-09-07,0.0,14.39,0.615,0.391,0.332,721.3,0.0732
ST006,2018-09-14,0.0,13.09,0.613,0.391,0.332,721.3,0.0557
ST006,2018-09-21,8.8,13.35,0.496,0.391,0.332,721.3,0.082
ST006,2018-09-28,0.0,10.6,0.539,0.391,0.332,721.3,0.0538
ST006,2018-10-05,0.0,6.25,0.494,0.391,0.332,721.3,0.0664
ST006,2018-10-12,0.0,8.25,0.497,0.391,0.332,721.3,0.0478
ST006,2018-10-19,0.0,7.55,0.458,0.391,0.332,721.3,0.066
ST006,2018-10-26,0.0,3.54,0.416,0.391,0.332,721.3,0.0479
ST006,2018-11-02,0.0,5.47,0.372,0.391,0.332,721.3,0.0524
ST006,2018-11-09,0.0,0.58,0.387,0.391,0.332,721.3,0.0388
ST006,2018-11-16,0.0,0.55,0.323,0.391,0.332,721.3,0.0584
ST006,2018-11-23,0.0,1.83,0.277,0.391,0.332,721.3,0.1452
ST006,2018-11-30,11.39,0.15,0.193,0.391,0.332,721.3,0.1037
ST006,2018-12-07,5.22,0.24,0.215,0.391,0.332,721.3,0.0922
ST006,2018-12-14,0.0,-1.5,0.163,0.391,0.332,721.3,0.0736
ST006,2018-12-21,0.0,1.21,0.177,0.391,0.332,721.3,0.0586
ST006,2018-12-28,0.0,-4.29,0.11,0.391,0.332,721.3,0.0775
ST006,2019-01-04,0.0,-2.58,0.096,0.391,0.332,721.3,0.0667
ST006,2019-01-11,0.0,-2.4,0.081,0.391,0.332,721.3,0.0621
ST006,2019-01-18,0.0,-0.43,0.093,0.391,0.332,721.3,0.0471
ST006,2019-01-25,0.0,-2.95,0.066,0.391,0.332,721.3,0.0608
ST006,2019-02-01,0.0,-0.81,0.055,0.391,0.332,721.3,0.0807
ST006,2019-02-08,0.0,0.87,0.072,0.391,0.332,721.3,0.1657
ST006,2019-02-15,0.0,1.52,0.056,0.391,0.332,721.3,0.1582
ST006,2019-02-22,0.0,-0.2,0.144,0.391,0.332,721.3,0.1248
ST006,2019-03-01,0.0,-2.41,0.138,0.391,0.332,721.3,0.0783
ST006,2019-03-08,0.0,0.53,0.137,0.391,0.332,721.3,0.0841
ST006,2019-03-15,0.0,2.68,0.124,0.391,0.332,721.3,0.2788
ST006,2019-03-22,0.0,3.78,0.145,0.391,0.332,721.3,0.1498
ST006,2019-03-29,0.0,4.9,0.182,0.391,0.332,721.3,0.0985
ST006,2019-04-05,11.17,5.7,0.193,0.391,0.332,721.3,0.1458
ST006,2019-04-12,29.08,7.69,0.236,0.391,0.332,721.3,0.2327
ST006,2019-04-19,0.0,7.08,0.283,0.391,0.332,721.3,0.1559
ST006,2019-04-26,32.42,10.54,0.293,0.391,0.332,721.3,0.4392
ST006,2019-05-03,20.11,10.18,0.353,0.391,0.332,721.3,0.3456
ST006,2019-05-10,0.0,6.98,0.376,0.391,0.332,721.3,0.211
ST006,2019-05-17,6.29,12.48,0.373,0.391,0.332,721.3,0.1088
ST006,2019-05-24,0.0,10.21,0.435,0.391,0.332,721.3,0.1224
ST006,2019-05-31,12.53,15.87,0.445,0.391,0.332,721.3,0.1612
ST006,2019-06-07,0.0,16.33,0.403,0.391,0.332,721.3,0.0757
ST006,2019-06-14,13.39,18.78,0.514,0.391,0.332,721.3,0.0667
ST006,2019-06-21,12.94,19.82,0.507,0.391,0.332,721.3,0.1512
ST006,2019-06-28,0.0,17.57,0.578,0.391,0.332,721.3,0.2833
ST006,2019-07-05,14.38,20.59,0.537,0.391,0.332,721.3,0.298
ST006,2019-07-12,0.0,22.78,0.59,0.391,0.332,721.3,0.1475
ST006,2019-07-19,0.0,18.59,0.557,0.391,0.332,721.3,0.066
ST006,2019-07-26,0.0,19.35,0.61,0.391,0.332,721.3,0.0538
ST006,2019-08-02,14.45,21.88,0.631,0.391,0.332,721.3,0.1764
ST006,2019-08-09,0.0,21.3,0.625,0.391,0.332,721.3,0.1941
ST006,2019-08-16,0.86,17.84,0.603,0.391,0.332,721.3,0.1168
ST006,2019-08-23,0.0,13.44,0.665,0.391,0.332,721.3,0.1022
ST006,2019-08-30,0.0,15.96,0.568,0.391,0.332,721.3,0.0469
ST006,2019-09-06,11.54,13.25,0.583,0.391,0.332,721.3,0.1041
ST006,2019-09-13,0.0,9.52,0.584,0.391,0.332,721.3,0.0667
ST006,2019-09-20,0.0,14.24,0.514,0.391,0.332,721.3,0.121
ST006,2019-09-27,0.0,10.96,0.553,0.391,0.332,721.3,0.0419
ST006,2019-10-04,0.0,12.82,0.461,0.391,0.332,721.3,0.2339
ST006,2019-10-11,0.0,10.15,0.51,0.391,0.332,721.3,0.1492
ST006,2019-10-18,0.0,5.24,0.411,0.391,0.332,721.3,0.2042
ST006,2019-10-25,0.0,5.47,0.422,0.391,0.332,721.3,0.1201
ST006,2019-11-01,0.0,5.7,0.394,0.391,0.332,721.3,0.1174
ST006,2019-11-08,0.0,5.71,0.323,0.391,0.332,721.3,0.0608
ST006,2019-11-15,0.0,4.82,0.293,0.391,0.332,721.3,0.0537
ST006,2019-11-22,0.0,1.3,0.307,0.391,0.332,721.3,0.0929
ST006,2019-11-29,0.0,3.06,0.292,0.391,0.332,721.3,0.0641
ST006,2019-12-06,0.0,-2.36,0.198,0.391,0.332,721.3,0.0546
ST006,2019-12-13,0.0,-2.2,0.205,0.391,0.332,721.3,0.0624
ST006,2019-12-20,0.0,-3.37,0.208,0.391,0.332,721.3,0.0496
ST006,2019-12-27,0.0,-2.53,0.14,0.391,0.332,721.3,0.0605
ST006,2020-01-03,0.0,-1.03,0.176,0.391,0.332,721.3,0.0991
ST006,2020-01-10,0.0,-1.77,0.129,0.391,0.332,721.3,0.0604
ST006,2020-01-17,0.0,-6.07,0.104,0.391,0.332,721.3,0.07
ST006,2020-01-24,0.0,-1.7,0.058,0.391,0.332,721.3,0.1165
ST006,2020-01-31,2.76,-3.32,0.098,0.391,0.332,721.3,0.0944
ST006,2020-02-07,0.0,-4.53,0.05,0.391,0.332,721.3,0.0643
ST006,2020-02-14,0.96,3.06,0.107,0.391,0.332,721.3,0.1662
ST006,2020-02-21,0.0,-2.34,0.151,0.391,0.332,721.3,0.1679
ST006,2020-02-28,0.0,1.87,0.107,0.391,0.332,721.3,0.1391
ST006,2020-03-06,0.0,4.8,0.133,0.391,0.332,721.3,0.1
ST006,2020-03-13,7.78,1.27,0.117,0.391,0.332,721.3,0.0787
ST006,2020-03-20,5.66,1.44,0.114,0.391,0.332,721.3,0.0803
ST006,2020-03-27,0.0,6.58,0.14,0.391,0.332,721.3,0.1076
ST006,2020-04-03,0.0,5.62,0.174,0.391,0.332,721.3,0.0777
ST006,2020-04-10,0.0,6.92,0.218,0.391,0.332,721.3,0.1019
ST006,2020-04-17,0.0,8.71,0.244,0.391,0.332,721.3,0.1075
ST006,2020-04-24,0.0,7.04,0.247,0.391,0.332,721.3,0.06
ST006,2020-05-01,0.0,13.69,0.301,0.391,0.332,721.3,0.0426
ST006,2020-05-08,0.0,8.75,0.332,0.391,0.332,721.3,0.1187
ST006,2020-05-15,0.0,12.14,0.308,0.391,0.332,721.3,0.1477
ST006,2020-05-22,0.0,17.02,0.41,0.391,0.332,721.3,0.3792
ST006,2020-05-29,2.55,16.0,0.467,0.391,0.332,721.3,0.3007
ST006,2020-06-05,21.49,14.85,0.486,0.391,0.332,721.3,0.2653
ST006,2020-06-12,0.0,19.38,0.489,0.391,0.332,721.3,0.1606
ST006,2020-06-19,4.53,16.84,0.483,0.391,0.332,721.3,0.0797
ST006,2020-06-26,0.0,15.2,0.59,0.391,0.332,721.3,0.0495
ST006,2020-07-03,0.0,17.16,0.58,0.391,0.332,721.3,0.0589
ST006,2020-07-10,0.0,16.35,0.597,0.391,0.332,721.3,0.0973
ST006,2020-07-17,9.78,19.67,0.605,0.391,0.332,721.3,0.2038
ST006,2020-07-24,0.0,19.43,0.608,0.391,0.332,721.3,0.2067
ST006,2020-07-31,10.65,18.85,0.629,0.391,0.332,721.3,0.1418
ST006,2020-08-07,13.91,20.02,0.666,0.391,0.332,721.3,0.2137
ST006,2020-08-14,0.0,17.87,0.635,0.391,0.332,721.3,0.2918
ST006,2020-08-21,0.0,15.92,0.579,0.391,0.332,721.3,0.1139
ST006,2020-08-28,32.33,18.75,0.608,0.391,0.332,721.3,0.1671
ST006,2020-09-04,0.0,12.9,0.585,0.391,0.332,721.3,0.1157
ST006,2020-09-11,0.0,11.39,0.574,0.391,0.332,721.3,0.063
ST006,2020-09-18,0.0,11.66,0.517,0.391,0.332,721.3,0.0588
ST006,2020-09-25,0.0,10.0,0.589,0.391,0.332,721.3,0.0617
ST006,2020-10-02,0.0,14.06,0.468,0.391,0.332,721.3,0.0412
ST006,2020-10-09,0.0,8.17,0.484,0.391,0.332,721.3,0.0542
ST006,2020-10-16,0.0,8.62,0.408,0.391,0.332,721.3,0.0544
ST006,2020-10-23,0.99,6.12,0.407,0.391,0.332,721.3,0.0358
ST006,2020-10-30,0.0,5.61,0.409,0.391,0.332,721.3,0.0575
ST006,2020-11-06,0.0,2.1,0.374,0.391,0.332,721.3,0.0592
ST006,2020-11-13,0.0,4.74,0.304,0.391,0.332,721.3,0.0474
ST006,2020-11-20,0.0,7.05,0.284,0.391,0.332,721.3,0.0631
ST006,2020-11-27,0.0,1.02,0.253,0.391,0.332,721.3,0.0529
ST006,2020-12-04,0.0,-5.75,0.292,0.391,0.332,721.3,0.0441
ST006,2020-12-11,0.0,0.41,0.211,0.391,0.332,721.3,0.049
ST006,2020-12-18,0.0,-2.92,0.227,0.391,0.332,721.3,0.0575
ST006,2020-12-25,0.0,-2.44,0.175,0.391,0.332,721.3,0.05
ST007,2016-01-01,0.0,-1.38,0.131,0.206,0.123,682.6,0.2828
ST007,2016-01-08,0.0,2.36,0.154,0.206,0.123,682.6,0.1022
ST007,2016-01-15,0.0,-5.59,0.142,0.206,0.123,682.6,0.0617
ST007,2016-01-22,0.0,-4.9,0.053,0.206,0.123,682.6,0.0314
ST007,2016-01-29,0.0,-3.61,0.072,0.206,0.123,682.6,0.0394
ST007,2016-02-05,0.0,-2.81,0.068,0.206,0.123,682.6,0.0445
ST007,2016-02-12,0.0,-1.1,0.1,0.206,0.123,682.6,0.0269
ST007,2016-02-19,0.0,-0.22,0.083,0.206,0.123,682.6,0.0264
ST007,2016-02-26,0.0,5.32,0.054,0.206,0.123,682.6,0.0283
ST007,2016-03-04,0.42,2.04,0.097,0.206,0.123,682.6,0.0308
ST007,2016-03-11,0.0,1.01,0.111,0.206,0.123,682.6,0.0937
ST007,2016-03-18,0.0,2.02,0.173,0.206,0.123,682.6,0.0345
ST007,2016-03-25,0.0,5.02,0.169,0.206,0.123,682.6,0.146
ST007,2016-04-01,0.0,10.8,0.178,0.206,0.123,682.6,0.0345
ST007,2016-04-08,0.0,7.96,0.178,0.206,0.123,682.6,0.0242
ST007,2016-04-15,34.65,3.74,0.246,0.206,0.123,682.6,0.2452
ST007,2016-04-22,0.0,15.29,0.226,0.206,0.123,682.6,0.102
ST007,2016-04-29,32.44,10.99,0.318,0.206,0.123,682.6,0.3593
ST007,2016-05-06,10.74,13.57,0.373,0.206,0.123,682.6,0.1441
ST007,2016-05-13,0.0,14.16,0.361,0.206,0.123,682.6,0.1455
ST007,2016-05-20,1.25,14.55,0.313,0.206,0.123,682.6,0.2507
ST007,2016-05-27,0.0,15.0,0.433,0.206,0.123,682.6,0.2242
ST007,2016-06-03,0.0,17.36,0.482,0.206,0.123,682.6,0.0849
ST007,2016-06-10,0.0,20.9,0.462,0.206,0.123,682.6,0.1159
ST007,2016-06-17,7.25,18.44,0.51,0.206,0.123,682.6,0.0746
ST007,2016-06-24,0.0,19.9,0.554,0.206,0.123,682.6,0.0248
ST007,2016-07-01,0.0,18.09,0.536,0.206,0.123,682.6,0.0527
ST007,2016-07-08,0.0,19.44,0.59,0.206,0.123,682.6,0.0362
ST007,2016-07-15,0.0,13.05,0.585,0.206,0.123,682.6,0.1196
ST007,2016-07-22,0.0,20.27,0.604,0.206,0.123,682.6,0.0238
ST007,2016-07-29,0.0,20.39,0.554,0.206,0.123,682.6,0.1639
ST007,2016-08-05,0.0,21.17,0.645,0.206,0.123,682.6,0.02
ST007,2016-08-12,0.0,19.99,0.641,0.206,0.123,682.6,0.0334
ST007,2016-08-19,0.0,20.11,0.597,0.206,0.123,682.6,0.0356
ST007,2016-08-26,0.0,16.08,0.608,0.206,0.123,682.6,0.0312
ST007,2016-09-02,0.0,15.5,0.588,0.206,0.123,682.6,0.0267
ST007,2016-09-09,0.0,16.99,0.612,0.206,0.123,682.6,0.1267
ST007,2016-09-16,0.0,15.16,0.534,0.206,0.123,682.6,0.0444
ST007,2016-09-23,0.0,13.67,0.542,0.206,0.123,682.6,0.0321
ST007,2016-09-30,0.0,6.98,0.486,0.206,0.123,682.6,0.1236
ST007,2016-10-07,0.0,8.44,0.5,0.206,0.123,682.6,0.0325
ST007,2016-10-14,0.0,8.55,0.51,0.206,0.123,682.6,0.0321
ST007,2016-10-21,0.0,4.44,0.436,0.206,0.123,682.6,0.0225
ST007,2016-10-28,0.0,6.51,0.41,0.206,0.123,682.6,0.0212
ST007,2016-11-04,0.0,3.73,0.363,0.206,0.123,682.6,0.0356
ST007,2016-11-11,0.0,4.75,0.409,0.206,0.123,682.6,0.0342
ST007,2016-11-18,5.9,3.82,0.338,0.206,0.123,682.6,0.0483
ST007,2016-11-25,0.0,1.61,0.281,0.206,0.123,682.6,0.0904
ST007,2016-12-02,0.0,-1.82,0.263,0.206,0.123,682.6,0.0355
ST007,2016-12-09,0.0,-2.73,0.2,0.206,0.123,682.6,0.0213
ST007,2016-12-16,0.0,-3.33,0.179,0.206,0.123,682.6,0.037
ST007,2016-12-23,0.0,-1.29,0.181,0.206,0.123,682.6,0.0293
ST007,2016-12-30,0.0,-1.91,0.15,0.206,0.123,682.6,0.0335
ST007,2017-01-06,0.0,-4.82,0.09,0.206,0.123,682.6,0.0335
ST007,2017-01-13,0.0,-1.78,0.142,0.206,0.123,682.6,0.0378
ST007,2017-01-20,0.0,-3.53,0.103,0.206,0.123,682.6,0.0461
ST007,2017-01-27,0.0,-4.5,0.075,0.206,0.123,682.6,0.0516
ST007,2017-02-03,16.92,-2.28,0.079,0.206,0.123,682.6,0.133
ST007,2017-02-10,0.0,0.31,0.085,0.206,0.123,682.6,0.0713
ST007,2017-02-17,0.0,2.94,0.05,0.206,0.123,682.6,0.0409
ST007,2017-02-24,0.0,3.16,0.091,0.206,0.123,682.6,0.0327
ST007,2017-03-03,0.0,1.58,0.064,0.206,0.123,682.6,0.0406
ST007,2017-03-10,0.0,0.37,0.113,0.206,0.123,682.6,0.0333
ST007,2017-03-17,16.41,1.36,0.155,0.206,0.123,682.6,0.1407
ST007,2017-03-24,0.0,9.91,0.167,0.206,0.123,682.6,0.0436
ST007,2017-03-31,8.77,9.42,0.138,0.206,0.123,682.6,0.0533
ST007,2017-04-07,2.67,8.99,0.168,0.206,0.123,682.6,0.0957
ST007,2017-04-14,0.0,6.11,0.244,0.206,0.123,682.6,0.0461
ST007,2017-04-21,0.0,11.4,0.245,0.206,0.123,682.6,0.0715
ST007,2017-04-28,3.67,10.5,0.281,0.206,0.123,682.6,0.0568
ST007,2017-05-05,0.0,13.5,0.305,0.206,0.123,682.6,0.0202
ST007,2017-05-12,0.0,13.81,0.381,0.206,0.123,682.6,0.2447
ST007,2017-05-19,0.0,14.01,0.398,0.206,0.123,682.6,0.1268
ST007,2017-05-26,28.11,18.87,0.415,0.206,0.123,682.6,0.1689
ST007,2017-06-02,28.81,16.2,0.504,0.206,0.123,682.6,0.201
ST007,2017-06-09,1.55,17.23,0.509,0.206,0.123,682.6,0.083
ST007,2017-06-16,0.0,16.9,0.516,0.206,0.123,682.6,0.0358
ST007,2017-06-23,2.12,15.7,0.513,0.206,0.123,682.6,0.0364
ST007,2017-06-30,0.0,20.84,0.544,0.206,0.123,682.6,0.0429
ST007,2017-07-07,0.0,18.44,0.586,0.206,0.123,682.6,0.0468
ST007,2017-07-14,0.0,17.35,0.531,0.206,0.123,682.6,0.031
ST007,2017-07-21,22.37,17.52,0.613,0.206,0.123,682.6,0.1841
ST007,2017-07-28,0.0,19.06,0.484,0.206,0.123,682.6,0.1767
ST007,2017-08-04,0.0,20.81,0.648,0.206,0.123,682.6,0.1053
ST007,2017-08-11,0.0,12.93,0.582,0.206,0.123,682.6,0.0324
ST007,2017-08-18,1.88,18.38,0.58,0.206,0.123,682.6,0.0336
ST007,2017-08-25,16.07,13.28,0.672,0.206,0.123,682.6,0.1095
ST007,2017-09-01,0.0,15.83,0.603,0.206,0.123,682.6,0.023
ST007,2017-09-08,0.0,10.41,0.528,0.206,0.123,682.6,0.032
ST007,2017-09-15,0.0,16.65,0.596,0.206,0.123,682.6,0.0462
ST007,2017-09-22,0.0,13.62,0.542,0.206,0.123,682.6,0.0319
ST007,2017-09-29,0.0,13.66,0.507,0.206,0.123,682.6,0.1469
ST007,2017-10-06,0.0,12.21,0.542,0.206,0.123,682.6,0.0278
ST007,2017-10-13,0.0,8.19,0.464,0.206,0.123,682.6,0.04
ST007,2017-10-20,0.0,6.15,0.481,0.206,0.123,682.6,0.0386
ST007,2017-10-27,0.0,3.85,0.402,0.206,0.123,682.6,0.0444
ST007,2017-11-03,0.0,5.0,0.39,0.206,0.123,682.6,0.0229
ST007,2017-11-10,0.0,3.43,0.316,0.206,0.123,682.6,0.028
ST007,2017-11-17,0.0,-2.61,0.286,0.206,0.123,682.6,0.0325
ST007,2017-11-24,0.0,2.44,0.256,0.206,0.123,682.6,0.0385
ST007,2017-12-01,0.0,0.65,0.283,0.206,0.123,682.6,0.0332
ST007,2017-12-08,0.0,1.24,0.195,0.206,0.123,682.6,0.0209
ST007,2017-12-15,0.0,-3.18,0.184,0.206,0.123,682.6,0.0984
ST007,2017-12-22,0.0,-4.16,0.209,0.206,0.123,682.6,0.1555
ST007,2017-12-29,0.0,-5.32,0.143,0.206,0.123,682.6,0.0975
ST007,2018-01-05,0.0,-3.65,0.122,0.206,0.123,682.6,0.0998
ST007,2018-01-12,0.0,-4.0,0.167,0.206,0.123,682.6,0.0463
ST007,2018-01-19,6.79,-4.31,0.086,0.206,0.123,682.6,0.069
ST007,2018-01-26,0.0,-2.47,0.079,0.206,0.123,682.6,0.0406
ST007,2018-02-02,0.0,-1.1,0.1,0.206,0.123,682.6,0.0641
ST007,2018-02-09,0.0,-3.7,0.112,0.206,0.123,682.6,0.0328
ST007,2018-02-16,9.09,-1.22,0.083,0.206,0.123,682.6,0.0718
ST007,2018-02-23,0.0,-0.58,0.05,0.206,0.123,682.6,0.0985
ST007,2018-03-02,8.34,1.24,0.06,0.206,0.123,682.6,0.1741
ST007,2018-03-09,0.0,1.67,0.114,0.206,0.123,682.6,0.0934
ST007,2018-03-16,0.0,0.44,0.189,0.206,0.123,682.6,0.0696
ST007,2018-03-23,17.71,5.17,0.134,0.206,0.123,682.6,0.1605
ST007,2018-03-30,0.0,8.09,0.237,0.206,0.123,682.6,0.1437
ST007,2018-04-06,7.5,6.1,0.167,0.206,0.123,682.6,0.1434
ST007,2018-04-13,0.0,7.74,0.188,0.206,0.123,682.6,0.0385
ST007,2018-04-20,18.89,4.49,0.256,0.206,0.123,682.6,0.1463
ST007,2018-04-27,1.17,6.02,0.291,0.206,0.123,682.6,0.0493
ST007,2018-05-04,0.0,10.75,0.381,0.206,0.123,682.6,0.0788
ST007,2018-05-11,8.97,12.07,0.315,0.206,0.123,682.6,0.0745
ST007,2018-05-18,46.7,13.04,0.404,0.206,0.123,682.6,0.4397
ST007,2018-05-25,2.42,16.87,0.414,0.206,0.123,682.6,0.0824
ST007,2018-06-01,0.0,15.39,0.461,0.206,0.123,682.6,0.1692
ST007,2018-06-08,26.34,14.97,0.47,0.206,0.123,682.6,0.1899
ST007,2018-06-15,19.76,18.92,0.521,0.206,0.123,682.6,0.2152
ST007,2018-06-22,0.0,16.4,0.496,0.206,0.123,682.6,0.1799
ST007,2018-06-29,0.0,19.75,0.586,0.206,0.123,682.6,0.0559
ST007,2018-07-06,0.0,19.88,0.581,0.206,0.123,682.6,0.286
ST007,2018-07-13,0.0,17.2,0.6,0.206,0.123,682.6,0.0253
ST007,2018-07-20,0.0,17.25,0.603,0.206,0.123,682.6,0.0911
ST007,2018-07-27,12.01,18.54,0.67,0.206,0.123,682.6,0.1517
ST007,2018-08-03,0.0,18.37,0.615,0.206,0.123,682.6,0.0254
ST007,2018-08-10,0.0,15.54,0.627,0.206,0.123,682.6,0.1729
ST007,2018-08-17,0.0,14.73,0.577,0.206,0.123,682.6,0.0942
ST007,2018-08-24,0.0,15.41,0.593,0.206,0.123,682.6,0.0295
ST007,2018-08-31,6.74,16.37,0.627,0.206,0.123,682.6,0.0522
ST007,2018-09-07,0.0,13.41,0.603,0.206,0.123,682.6,0.0246
ST007,2018-09-14,0.0,14.94,0.59,0.206,0.123,682.6,0.0346
ST007,2018-09-21,0.0,9.34,0.503,0.206,0.123,682.6,0.0203
ST007,2018-09-28,0.0,13.33,0.512,0.206,0.123,682.6,0.0474
ST007,2018-10-05,0.0,10.58,0.556,0.206,0.123,682.6,0.0825
ST007,2018-10-12,0.0,11.54,0.477,0.206,0.123,682.6,0.0701
ST007,2018-10-19,0.0,10.13,0.426,0.206,0.123,682.6,0.1141
ST007,2018-10-26,0.0,6.25,0.402,0.206,0.123,682.6,0.0398
ST007,2018-11-02,0.0,3.51,0.373,0.206,0.123,682.6,0.0282
ST007,2018-11-09,0.0,7.28,0.357,0.206,0.123,682.6,0.032
ST007,2018-11-16,0.0,8.09,0.332,0.206,0.123,682.6,0.1006
ST007,2018-11-23,0.0,4.1,0.338,0.206,0.123,682.6,0.0428
ST007,2018-11-30,0.0,-0.45,0.286,0.206,0.123,682.6,0.0256
ST007,2018-12-07,0.0,1.9,0.248,0.206,0.123,682.6,0.0509
ST007,2018-12-14,0.0,-1.37,0.213,0.206,0.123,682.6,0.0262
ST007,2018-12-21,0.0,0.36,0.207,0.206,0.123,682.6,0.0358
ST007,2018-12-28,0.0,-0.19,0.186,0.206,0.123,682.6,0.0249
ST007,2019-01-04,0.0,-0.97,0.11,0.206,0.123,682.6,0.0333
ST007,2019-01-11,0.0,-2.54,0.067,0.206,0.123,682.6,0.0215
ST007,2019-01-18,0.0,1.09,0.126,0.206,0.123,682.6,0.02
ST007,2019-01-25,0.0,-5.06,0.143,0.206,0.123,682.6,0.0729
ST007,2019-02-01,0.0,-1.53,0.086,0.206,0.123,682.6,0.0424
ST007,2019-02-08,14.73,-3.69,0.072,0.206,0.123,682.6,0.1267
ST007,2019-02-15,0.0,1.02,0.05,0.206,0.123,682.6,0.0581
ST007,2019-02-22,0.0,1.41,0.106,0.206,0.123,682.6,0.0369
ST007,2019-03-01,0.0,2.6,0.056,0.206,0.123,682.6,0.0433
ST007,2019-03-08,12.39,2.57,0.144,0.206,0.123,682.6,0.1542
ST007,2019-03-15,0.0,7.84,0.151,0.206,0.123,682.6,0.0725
ST007,2019-03-22,17.06,3.92,0.162,0.206,0.123,682.6,0.1294
ST007,2019-03-29,0.0,2.62,0.247,0.206,0.123,682.6,0.2036
ST007,2019-04-05,26.35,8.18,0.141,0.206,0.123,682.6,0.2369
ST007,2019-04-12,0.0,11.67,0.249,0.206,0.123,682.6,0.0792
ST007,2019-04-19,4.46,7.28,0.253,0.206,0.123,682.6,0.0545
ST007,2019-04-26,0.0,10.7,0.242,0.206,0.123,682.6,0.1613
ST007,2019-05-03,0.0,12.63,0.313,0.206,0.123,682.6,0.2418
ST007,2019-05-10,0.0,17.65,0.381,0.206,0.123,682.6,0.0912
ST007,2019-05-17,0.0,16.34,0.383,0.206,0.123,682.6,0.2083
ST007,2019-05-24,0.0,18.13,0.443,0.206,0.123,682.6,0.1255
ST007,2019-05-31,0.0,19.08,0.498,0.206,0.123,682.6,0.1002
ST007,2019-06-07,0.0,17.02,0.466,0.206,0.123,682.6,0.1515
ST007,2019-06-14,10.61,15.22,0.51,0.206,0.123,682.6,0.213
ST007,2019-06-21,0.0,15.58,0.51,0.206,0.123,682.6,0.0726
ST007,2019-06-28,5.16,19.62,0.562,0.206,0.123,682.6,0.0492
ST007,2019-07-05,0.0,16.43,0.571,0.206,0.123,682.6,0.0394
ST007,2019-07-12,0.0,18.73,0.585,0.206,0.123,682.6,0.0345
ST007,2019-07-19,0.0,19.92,0.601,0.206,0.123,682.6,0.0573
ST007,2019-07-26,0.0,16.87,0.609,0.206,0.123,682.6,0.2624
ST007,2019-08-02,0.0,19.26,0.642,0.206,0.123,682.6,0.0615
ST007,2019-08-09,3.47,17.6,0.593,0.206,0.123,682.6,0.0443
ST007,2019-08-16,0.0,18.5,0.608,0.206,0.123,682.6,0.0363
ST007,2019-08-23,0.0,15.46,0.631,0.206,0.123,682.6,0.1143
ST007,2019-08-30,0.0,17.36,0.595,0.206,0.123,682.6,0.0415
ST007,2019-09-06,0.0,13.49,0.552,0.206,0.123,682.6,0.0283
ST007,2019-09-13,0.0,16.18,0.578,0.206,0.123,682.6,0.0291
ST007,2019-09-20,9.68,12.47,0.553,0.206,0.123,682.6,0.0739
ST007,2019-09-27,0.0,15.76,0.56,0.206,0.123,682.6,0.0346
ST007,2019-10-04,0.0,13.18,0.453,0.206,0.123,682.6,0.0336
ST007,2019-10-11,0.0,11.51,0.497,0.206,0.123,682.6,0.025
ST007,2019-10-18,0.0,6.7,0.434,0.206,0.123,682.6,0.0347
ST007,2019-10-25,0.0,3.91,0.388,0.206,0.123,682.6,0.0379
ST007,2019-11-01,15.07,5.91,0.394,0.206,0.123,682.6,0.1353
ST007,2019-11-08,0.0,7.71,0.291,0.206,0.123,682.6,0.0592
ST007,2019-11-15,0.0,3.34,0.353,0.206,0.123,682.6,0.0284
ST007,2019-11-22,6.5,0.73,0.267,0.206,0.123,682.6,0.0505
ST007,2019-11-29,0.0,-3.46,0.265,0.206,0.123,682.6,0.0508
ST007,2019-12-06,0.0,1.85,0.221,0.206,0.123,682.6,0.0419
ST007,2019-12-13,0.0,-2.01,0.229,0.206,0.123,682.6,0.042
ST007,2019-12-20,0.0,-2.33,0.146,0.206,0.123,682.6,0.03
ST007,2019-12-27,0.0,2.09,0.148,0.206,0.123,682.6,0.0357
ST007,2020-01-03,0.0,-2.2,0.14,0.206,0.123,682.6,0.0506
ST007,2020-01-10,0.0,3.63,0.133,0.206,0.123,682.6,0.037
ST007,2020-01-17,0.09,-0.23,0.087,0.206,0.123,682.6,0.0831
ST007,2020-01-24,0.0,0.12,0.101,0.206,0.123,682.6,0.0866
ST007,2020-01-31,0.0,-2.03,0.11,0.206,0.123,682.6,0.0463
ST007,2020-02-07,0.32,-2.0,0.084,0.206,0.123,682.6,0.0462
ST007,2020-02-14,0.0,-2.33,0.051,0.206,0.123,682.6,0.0304
ST007,2020-02-21,0.0,1.18,0.086,0.206,0.123,682.6,0.0337
ST007,2020-02-28,0.0,-1.21,0.087,0.206,0.123,682.6,0.1489
ST007,2020-03-06,0.0,0.9,0.101,0.206,0.123,682.6,0.1225
ST007,2020-03-13,0.0,2.59,0.117,0.206,0.123,682.6,0.0562
ST007,2020-03-20,0.0,3.5,0.134,0.206,0.123,682.6,0.0449
ST007,2020-03-27,0.0,2.43,0.152,0.206,0.123,682.6,0.0303
ST007,2020-04-03,0.0,4.42,0.163,0.206,0.123,682.6,0.0243
ST007,2020-04-10,0.0,4.3,0.249,0.206,0.123,682.6,0.0526
ST007,2020-04-17,0.0,10.85,0.276,0.206,0.123,682.6,0.1104
ST007,2020-04-24,0.0,11.95,0.285,0.206,0.123,682.6,0.0907
ST007,2020-05-01,0.0,11.31,0.278,0.206,0.123,682.6,0.2145
ST007,2020-05-08,0.0,10.13,0.343,0.206,0.123,682.6,0.0328
ST007,2020-05-15,3.26,10.93,0.389,0.206,0.123,682.6,0.109
ST007,2020-05-22,0.0,14.06,0.379,0.206,0.123,682.6,0.2515
ST007,2020-05-29,17.35,19.43,0.498,0.206,0.123,682.6,0.2432
ST007,2020-06-05,0.6,18.03,0.448,0.206,0.123,682.6,0.0729
ST007,2020-06-12,68.21,21.06,0.511,0.206,0.123,682.6,0.3941
ST007,2020-06-19,0.0,16.67,0.541,0.206,0.123,682.6,0.1923
ST007,2020-06-26,31.9,21.2,0.547,0.206,0.123,682.6,0.1949
ST007,2020-07-03,7.68,20.06,0.542,0.206,0.123,682.6,0.0638
ST007,2020-07-10,0.0,18.48,0.595,0.206,0.123,682.6,0.0256
ST007,2020-07-17,0.0,20.91,0.635,0.206,0.123,682.6,0.0307
ST007,2020-07-24,13.88,20.61,0.596,0.206,0.123,682.6,0.1286
ST007,2020-07-31,12.97,16.35,0.597,0.206,0.123,682.6,0.2129
ST007,2020-08-07,3.73,19.0,0.632,0.206,0.123,682.6,0.0448
ST007,2020-08-14,0.0,18.03,0.599,0.206,0.123,682.6,0.0365
ST007,2020-08-21,0.0,14.85,0.588,0.206,0.123,682.6,0.0556
ST007,2020-08-28,0.0,15.83,0.545,0.206,0.123,682.6,0.0407
ST007,2020-09-04,0.0,15.15,0.554,0.206,0.123,682.6,0.0224
ST007,2020-09-11,0.0,15.67,0.573,0.206,0.123,682.6,0.0608
ST007,2020-09-18,0.0,13.47,0.576,0.206,0.123,682.6,0.0408
ST007,2020-09-25,0.52,9.14,0.516,0.206,0.123,682.6,0.0412
ST007,2020-10-02,0.0,12.57,0.497,0.206,0.123,682.6,0.0351
ST007,2020-10-09,0.0,6.81,0.48,0.206,0.123,682.6,0.0803
ST007,2020-10-16,0.0,7.96,0.411,0.206,0.123,682.6,0.0201
ST007,2020-10-23,0.0,6.23,0.419,0.206,0.123,682.6,0.0338
ST007,2020-10-30,0.0,4.92,0.364,0.206,0.123,682.6,0.0288
ST007,2020-11-06,0.0,5.85,0.375,0.206,0.123,682.6,0.0262
ST007,2020-11-13,0.0,4.07,0.272,0.206,0.123,682.6,0.0379
ST007,2020-11-20,0.0,1.93,0.34,0.206,0.123,682.6,0.0432
ST007,2020-11-27,0.0,2.15,0.263,0.206,0.123,682.6,0.0299
ST007,2020-12-04,0.0,2.99,0.223,0.206,0.123,682.6,0.0478
ST007,2020-12-11,0.0,-0.2,0.233,0.206,0.123,682.6,0.0388
ST007,2020-12-18,0.0,0.42,0.211,0.206,0.123,682.6,0.0304
ST007,2020-12-25,0.0,-1.62,0.165,0.206,0.123,682.6,0.0283
ST008,2016-01-01,0.0,-5.29,0.143,0.781,0.05,1493.7,0.2115
ST008,2016-01-08,0.0,-10.75,0.195,0.781,0.05,1493.7,0.0635
ST008,2016-01-15,0.0,-8.46,0.159,0.781,0.05,1493.7,0.1004
ST008,2016-01-22,0.0,-7.57,0.162,0.781,0.05,1493.7,0.0916
ST008,2016-01-29,0.0,-6.86,0.115,0.781,0.05,1493.7,0.0576
ST008,2016-02-05,0.0,-7.89,0.186,0.781,0.05,1493.7,0.0369
ST008,2016-02-12,0.0,-6.43,0.125,0.781,0.05,1493.7,0.0341
ST008,2016-02-19,17.64,-8.32,0.166,0.781,0.05,1493.7,0.1546
ST008,2016-02-26,0.0,-3.84,0.103,0.781,0.05,1493.7,0.042
ST008,2016-03-04,10.89,-3.56,0.104,0.781,0.05,1493.7,0.1148
ST008,2016-03-11,0.0,-7.63,0.167,0.781,0.05,1493.7,0.0611
ST008,2016-03-18,0.0,-1.46,0.192,0.781,0.05,1493.7,0.0246
ST008,2016-03-25,23.38,2.54,0.22,0.781,0.05,1493.7,0.2693
ST008,2016-04-01,1.74,4.08,0.228,0.781,0.05,1493.7,0.1149
ST008,2016-04-08,0.0,6.02,0.266,0.781,0.05,1493.7,0.0854
ST008,2016-04-15,0.13,7.48,0.244,0.781,0.05,1493.7,0.0497
ST008,2016-04-22,0.0,3.67,0.287,0.781,0.05,1493.7,0.2903
ST008,2016-04-29,0.0,5.07,0.337,0.781,0.05,1493.7,0.0618
ST008,2016-05-06,0.0,9.17,0.357,0.781,0.05,1493.7,0.0817
ST008,2016-05-13,0.0,6.48,0.332,0.781,0.05,1493.7,0.0448
ST008,2016-05-20,0.38,10.69,0.374,0.781,0.05,1493.7,0.0745
ST008,2016-05-27,0.0,12.49,0.42,0.781,0.05,1493.7,0.1836
ST008,2016-06-03,0.0,7.14,0.411,0.781,0.05,1493.7,0.0232
ST008,2016-06-10,0.0,16.06,0.469,0.781,0.05,1493.7,0.0648
ST008,2016-06-17,47.84,16.43,0.497,0.781,0.05,1493.7,0.2778
ST008,2016-06-24,0.0,14.58,0.452,0.781,0.05,1493.7,0.0573
ST008,2016-07-01,5.25,15.03,0.554,0.781,0.05,1493.7,0.0602
ST008,2016-07-08,0.0,14.48,0.526,0.781,0.05,1493.7,0.0306
ST008,2016-07-15,0.0,15.98,0.5,0.781,0.05,1493.7,0.2133
ST008,2016-07-22,3.5,13.6,0.539,0.781,0.05,1493.7,0.1565
ST008,2016-07-29,0.0,13.48,0.579,0.781,0.05,1493.7,0.02
ST008,2016-08-05,0.0,15.69,0.595,0.781,0.05,1493.7,0.0864
ST008,2016-08-12,0.0,9.04,0.578,0.781,0.05,1493.7,0.0339
ST008,2016-08-19,10.43,10.02,0.574,0.781,0.05,1493.7,0.0718
ST008,2016-08-26,0.0,12.52,0.544,0.781,0.05,1493.7,0.0707
ST008,2016-09-02,0.0,13.55,0.551,0.781,0.05,1493.7,0.0656
ST008,2016-09-09,0.0,12.09,0.505,0.781,0.05,1493.7,0.0369
ST008,2016-09-16,1.07,11.06,0.496,0.781,0.05,1493.7,0.0346
ST008,2016-09-23,0.0,5.69,0.513,0.781,0.05,1493.7,0.0248
ST008,2016-09-30,0.0,3.2,0.48,0.781,0.05,1493.7,0.0228
ST008,2016-10-07,0.0,2.44,0.509,0.781,0.05,1493.7,0.0721
ST008,2016-10-14,0.0,6.49,0.416,0.781,0.05,1493.7,0.021
ST008,2016-10-21,0.0,5.25,0.401,0.781,0.05,1493.7,0.0239
ST008,2016-10-28,0.0,0.96,0.38,0.781,0.05,1493.7,0.0242
ST008,2016-11-04,0.48,-1.54,0.354,0.781,0.05,1493.7,0.0268
ST008,2016-11-11,0.0,-1.73,0.339,0.781,0.05,1493.7,0.0461
ST008,2016-11-18,0.0,-1.68,0.289,0.781,0.05,1493.7,0.0306
ST008,2016-11-25,0.0,-4.29,0.267,0.781,0.05,1493.7,0.0298
ST008,2016-12-02,0.0,-8.19,0.302,0.781,0.05,1493.7,0.0251
ST008,2016-12-09,3.81,-7.43,0.2,0.781,0.05,1493.7,0.045
ST008,2016-12-16,0.0,-10.4,0.164,0.781,0.05,1493.7,0.0319
ST008,2016-12-23,0.0,-6.26,0.195,0.781,0.05,1493.7,0.0301
ST008,2016-12-30,0.0,-7.06,0.157,0.781,0.05,1493.7,0.0242
ST008,2017-01-06,0.0,-5.93,0.151,0.781,0.05,1493.7,0.0334
ST008,2017-01-13,0.0,-7.88,0.192,0.781,0.05,1493.7,0.0258
ST008,2017-01-20,0.0,-5.74,0.159,0.781,0.05,1493.7,0.03
ST008,2017-01-27,0.0,-8.88,0.134,0.781,0.05,1493.7,0.0214
ST008,2017-02-03,0.0,-5.9,0.131,0.781,0.05,1493.7,0.0956
ST008,2017-02-10,0.0,-7.52,0.098,0.781,0.05,1493.7,0.0388
ST008,2017-02-17,0.0,-6.9,0.144,0.781,0.05,1493.7,0.0226
ST008,2017-02-24,0.0,-7.01,0.157,0.781,0.05,1493.7,0.0393
ST008,2017-03-03,13.35,-3.53,0.107,0.781,0.05,1493.7,0.1029
ST008,2017-03-10,0.0,-1.55,0.169,0.781,0.05,1493.7,0.0447
ST008,2017-03-17,7.51,-2.8,0.088,0.781,0.05,1493.7,0.1065
ST008,2017-03-24,0.0,0.18,0.203,0.781,0.05,1493.7,0.1088
ST008,2017-03-31,0.0,1.53,0.189,0.781,0.05,1493.7,0.0732
ST008,2017-04-07,0.0,1.06,0.238,0.781,0.05,1493.7,0.0293
ST008,2017-04-14,0.0,1.55,0.277,0.781,0.05,1493.7,0.0761
ST008,2017-04-21,0.0,3.96,0.307,0.781,0.05,1493.7,0.02
ST008,2017-04-28,0.0,6.41,0.323,0.781,0.05,1493.7,0.02
ST008,2017-05-05,0.0,6.66,0.339,0.781,0.05,1493.7,0.0355
ST008,2017-05-12,0.0,6.84,0.323,0.781,0.05,1493.7,0.0649
ST008,2017-05-19,5.97,5.22,0.343,0.781,0.05,1493.7,0.0858
ST008,2017-05-26,0.0,11.15,0.438,0.781,0.05,1493.7,0.1225
ST008,2017-06-02,11.37,8.52,0.417,0.781,0.05,1493.7,0.1607
ST008,2017-06-09,0.0,16.86,0.439,0.781,0.05,1493.7,0.1055
ST008,2017-06-16,0.0,13.17,0.515,0.781,0.05,1493.7,0.0859
ST008,2017-06-23,37.13,13.33,0.499,0.781,0.05,1493.7,0.2379
ST008,2017-06-30,0.0,13.95,0.491,0.781,0.05,1493.7,0.0774
ST008,2017-07-07,0.0,17.47,0.521,0.781,0.05,1493.7,0.2022
ST008,2017-07-14,0.0,17.17,0.564,0.781,0.05,1493.7,0.2377
ST008,2017-07-21,18.23,15.4,0.577,0.781,0.05,1493.7,0.241
ST008,2017-07-28,0.0,16.28,0.526,0.781,0.05,1493.7,0.1143
ST008,2017-08-04,0.0,15.09,0.61,0.781,0.05,1493.7,0.0211
ST008,2017-08-11,0.0,13.26,0.603,0.781,0.05,1493.7,0.02
ST008,2017-08-18,0.0,11.72,0.602,0.781,0.05,1493.7,0.02
ST008,2017-08-25,3.45,11.76,0.579,0.781,0.05,1493.7,0.1393
ST008,2017-09-01,7.02,8.93,0.519,0.781,0.05,1493.7,0.0892
ST008,2017-09-08,0.0,11.57,0.539,0.781,0.05,1493.7,0.02
ST008,2017-09-15,0.0,6.74,0.522,0.781,0.05,1493.7,0.0258
ST008,2017-09-22,0.0,12.51,0.461,0.781,0.05,1493.7,0.0707
ST008,2017-09-29,0.0,2.12,0.509,0.781,0.05,1493.7,0.0317
ST008,2017-10-06,0.0,6.4,0.502,0.781,0.05,1493.7,0.02
ST008,2017-10-13,0.0,2.86,0.422,0.781,0.05,1493.7,0.1513
ST008,2017-10-20,0.0,0.37,0.417,0.781,0.05,1493.7,0.0903
ST008,2017-10-27,26.9,2.15,0.372,0.781,0.05,1493.7,0.1847
ST008,2017-11-03,0.0,0.21,0.376,0.781,0.05,1493.7,0.0863
ST008,2017-11-10,0.0,-3.28,0.289,0.781,0.05,1493.7,0.0542
ST008,2017-11-17,0.0,-2.07,0.281,0.781,0.05,1493.7,0.0244
ST008,2017-11-24,0.0,-1.71,0.316,0.781,0.05,1493.7,0.02
ST008,2017-12-01,0.0,-5.74,0.248,0.781,0.05,1493.7,0.02
ST008,2017-12-08,0.0,-9.39,0.233,0.781,0.05,1493.7,0.023
ST008,2017-12-15,0.0,-7.05,0.244,0.781,0.05,1493.7,0.02
ST008,2017-12-22,0.0,-3.29,0.214,0.781,0.05,1493.7,0.0273
ST008,2017-12-29,0.0,-3.39,0.163,0.781,0.05,1493.7,0.026
ST008,2018-01-05,0.0,-9.83,0.183,0.781,0.05,1493.7,0.02
ST008,2018-01-12,0.0,-12.04,0.125,0.781,0.05,1493.7,0.0824
ST008,2018-01-19,0.0,-8.95,0.16,0.781,0.05,1493.7,0.0968
ST008,2018-01-26,0.0,-7.23,0.161,0.781,0.05,1493.7,0.0375
ST008,2018-02-02,0.0,-5.84,0.099,0.781,0.05,1493.7,0.1665
ST008,2018-02-09,0.0,-8.92,0.103,0.781,0.05,1493.7,0.089
ST008,2018-02-16,10.52,-5.51,0.121,0.781,0.05,1493.7,0.1234
ST008,2018-02-23,0.0,-2.35,0.11,0.781,0.05,1493.7,0.0656
ST008,2018-03-02,7.72,-3.04,0.181,0.781,0.05,1493.7,0.1243
ST008,2018-03-09,0.0,-3.32,0.125,0.781,0.05,1493.7,0.0565
ST008,2018-03-16,0.0,0.63,0.142,0.781,0.05,1493.7,0.041
ST008,2018-03-23,15.37,2.61,0.185,0.781,0.05,1493.7,0.1243
ST008,2018-03-30,1.3,0.85,0.17,0.781,0.05,1493.7,0.0582
ST008,2018-04-06,31.99,-1.03,0.15,0.781,0.05,1493.7,0.2836
ST008,2018-04-13,27.99,1.2,0.27,0.781,0.05,1493.7,0.3405
ST008,2018-04-20,0.0,6.0,0.26,0.781,0.05,1493.7,0.1221
ST008,2018-04-27,0.0,8.15,0.324,0.781,0.05,1493.7,0.0452
ST008,2018-05-04,0.0,8.46,0.329,0.781,0.05,1493.7,0.0617
ST008,2018-05-11,0.0,6.57,0.338,0.781,0.05,1493.7,0.0852
ST008,2018-05-18,0.0,11.24,0.353,0.781,0.05,1493.7,0.0512
ST008,2018-05-25,0.0,12.16,0.426,0.781,0.05,1493.7,0.0283
ST008,2018-06-01,8.32,11.74,0.412,0.781,0.05,1493.7,0.2149
ST008,2018-06-08,0.0,12.74,0.47,0.781,0.05,1493.7,0.2803
ST008,2018-06-15,0.0,9.05,0.439,0.781,0.05,1493.7,0.0535
ST008,2018-06-22,0.0,13.09,0.464,0.781,0.05,1493.7,0.1107
ST008,2018-06-29,18.27,15.21,0.537,0.781,0.05,1493.7,0.3056
ST008,2018-07-06,50.51,16.89,0.492,0.781,0.05,1493.7,0.4368
ST008,2018-07-13,0.0,14.51,0.537,0.781,0.05,1493.7,0.1765
ST008,2018-07-20,0.0,12.85,0.548,0.781,0.05,1493.7,0.02
ST008,2018-07-27,2.93,12.26,0.64,0.781,0.05,1493.7,0.0333
ST008,2018-08-03,0.0,17.16,0.6,0.781,0.05,1493.7,0.0224
ST008,2018-08-10,0.0,19.19,0.603,0.781,0.05,1493.7,0.0557
ST008,2018-08-17,2.92,15.35,0.525,0.781,0.05,1493.7,0.0262
ST008,2018-08-24,0.0,14.2,0.556,0.781,0.05,1493.7,0.0218
ST008,2018-08-31,1.9,7.29,0.494,0.781,0.05,1493.7,0.0366
ST008,2018-09-07,0.0,8.08,0.54,0.781,0.05,1493.7,0.02
ST008,2018-09-14,0.0,8.54,0.527,0.781,0.05,1493.7,0.0214
ST008,2018-09-21,0.0,12.66,0.523,0.781,0.05,1493.7,0.0221
ST008,2018-09-28,6.68,4.07,0.52,0.781,0.05,1493.7,0.0622
ST008,2018-10-05,0.0,8.22,0.477,0.781,0.05,1493.7,0.0207
ST008,2018-10-12,0.0,6.6,0.425,0.781,0.05,1493.7,0.0284
ST008,2018-10-19,0.0,5.66,0.413,0.781,0.05,1493.7,0.0315
ST008,2018-10-26,0.0,1.27,0.427,0.781,0.05,1493.7,0.0819
ST008,2018-11-02,0.0,0.27,0.418,0.781,0.05,1493.7,0.0479
ST008,2018-11-09,0.0,0.45,0.351,0.781,0.05,1493.7,0.025
ST008,2018-11-16,0.0,-2.82,0.322,0.781,0.05,1493.7,0.0265
ST008,2018-11-23,0.0,1.38,0.235,0.781,0.05,1493.7,0.0268
ST008,2018-11-30,0.0,-4.85,0.302,0.781,0.05,1493.7,0.0788
ST008,2018-12-07,0.0,-2.23,0.298,0.781,0.05,1493.7,0.0378
ST008,2018-12-14,0.0,-6.32,0.257,0.781,0.05,1493.7,0.02
ST008,2018-12-21,22.58,-5.56,0.213,0.781,0.05,1493.7,0.1725
ST008,2018-12-28,0.0,-9.94,0.177,0.781,0.05,1493.7,0.0448
ST008,2019-01-04,0.0,-9.38,0.193,0.781,0.05,1493.7,0.0346
ST008,2019-01-11,3.29,-7.3,0.138,0.781,0.05,1493.7,0.0593
ST008,2019-01-18,0.0,-4.41,0.172,0.781,0.05,1493.7,0.02
ST008,2019-01-25,0.0,-10.01,0.072,0.781,0.05,1493.7,0.0263
ST008,2019-02-01,0.0,-5.01,0.083,0.781,0.05,1493.7,0.0329
ST008,2019-02-08,0.0,-8.11,0.13,0.781,0.05,1493.7,0.0373
ST008,2019-02-15,0.0,-11.22,0.069,0.781,0.05,1493.7,0.0391
ST008,2019-02-22,0.0,-2.45,0.178,0.781,0.05,1493.7,0.0503
ST008,2019-03-01,0.0,-0.82,0.165,0.781,0.05,1493.7,0.1348
ST008,2019-03-08,0.0,-5.33,0.173,0.781,0.05,1493.7,0.0925
ST008,2019-03-15,0.0,1.2,0.145,0.781,0.05,1493.7,0.0556
ST008,2019-03-22,0.0,-2.12,0.181,0.781,0.05,1493.7,0.0378
ST008,2019-03-29,0.0,0.4,0.214,0.781,0.05,1493.7,0.0928
ST008,2019-04-05,0.0,-6.16,0.204,0.781,0.05,1493.7,0.0732
ST008,2019-04-12,14.97,-0.73,0.206,0.781,0.05,1493.7,0.1622
ST008,2019-04-19,0.0,3.38,0.281,0.781,0.05,1493.7,0.0661
ST008,2019-04-26,0.0,4.48,0.322,0.781,0.05,1493.7,0.08
ST008,2019-05-03,0.0,7.47,0.333,0.781,0.05,1493.7,0.0597
ST008,2019-05-10,0.0,8.33,0.34,0.781,0.05,1493.7,0.1098
ST008,2019-05-17,0.0,8.12,0.374,0.781,0.05,1493.7,0.0358
ST008,2019-05-24,0.0,13.78,0.362,0.781,0.05,1493.7,0.1754
ST008,2019-05-31,8.03,10.55,0.418,0.781,0.05,1493.7,0.1896
ST008,2019-06-07,33.1,6.95,0.439,0.781,0.05,1493.7,0.3883
ST008,2019-06-14,0.0,10.46,0.474,0.781,0.05,1493.7,0.1355
ST008,2019-06-21,0.0,9.84,0.457,0.781,0.05,1493.7,0.1905
ST008,2019-06-28,0.0,9.13,0.507,0.781,0.05,1493.7,0.1298
ST008,2019-07-05,0.0,15.51,0.574,0.781,0.05,1493.7,0.1868
ST008,2019-07-12,0.0,15.96,0.552,0.781,0.05,1493.7,0.0302
ST008,2019-07-19,0.0,16.17,0.558,0.781,0.05,1493.7,0.032
ST008,2019-07-26,0.0,10.92,0.552,0.781,0.05,1493.7,0.0333
ST008,2019-08-02,0.0,12.44,0.585,0.781,0.05,1493.7,0.1917
ST008,2019-08-09,0.0,9.43,0.604,0.781,0.05,1493.7,0.076
ST008,2019-08-16,0.0,15.46,0.565,0.781,0.05,1493.7,0.1566
ST008,2019-08-23,0.0,13.34,0.573,0.781,0.05,1493.7,0.0684
ST008,2019-08-30,7.16,8.34,0.581,0.781,0.05,1493.7,0.0515
ST008,2019-09-06,0.0,7.87,0.538,0.781,0.05,1493.7,0.0688
ST008,2019-09-13,0.0,9.99,0.513,0.781,0.05,1493.7,0.02
ST008,2019-09-20,0.0,7.78,0.463,0.781,0.05,1493.7,0.0247
ST008,2019-09-27,0.0,9.07,0.581,0.781,0.05,1493.7,0.026
ST008,2019-10-04,0.0,2.84,0.496,0.781,0.05,1493.7,0.0233
ST008,2019-10-11,3.05,3.0,0.424,0.781,0.05,1493.7,0.0359
ST008,2019-10-18,0.0,1.45,0.427,0.781,0.05,1493.7,0.0254
ST008,2019-10-25,0.0,1.43,0.459,0.781,0.05,1493.7,0.0365
ST008,2019-11-01,0.0,-0.53,0.451,0.781,0.05,1493.7,0.0234
ST008,2019-11-08,0.0,0.83,0.341,0.781,0.05,1493.7,0.1302
ST008,2019-11-15,0.0,-6.81,0.354,0.781,0.05,1493.7,0.0476
ST008,2019-11-22,0.0,0.08,0.248,0.781,0.05,1493.7,0.0319
ST008,2019-11-29,0.0,-3.84,0.243,0.781,0.05,1493.7,0.0426
ST008,2019-12-06,0.0,-2.58,0.221,0.781,0.05,1493.7,0.0276
ST008,2019-12-13,11.92,-2.99,0.215,0.781,0.05,1493.7,0.0616
ST008,2019-12-20,0.0,-7.8,0.229,0.781,0.05,1493.7,0.0707
ST008,2019-12-27,0.0,-9.34,0.125,0.781,0.05,1493.7,0.0505
ST008,2020-01-03,0.0,-8.44,0.188,0.781,0.05,1493.7,0.0451
ST008,2020-01-10,0.0,-8.32,0.136,0.781,0.05,1493.7,0.0291
ST008,2020-01-17,0.0,-6.26,0.138,0.781,0.05,1493.7,0.1768
ST008,2020-01-24,0.0,-7.76,0.149,0.781,0.05,1493.7,0.0583
ST008,2020-01-31,2.58,-6.45,0.105,0.781,0.05,1493.7,0.0414
ST008,2020-02-07,0.0,-7.51,0.13,0.781,0.05,1493.7,0.0715
ST008,2020-02-14,0.0,-7.54,0.174,0.781,0.05,1493.7,0.0356
ST008,2020-02-21,6.53,-1.62,0.137,0.781,0.05,1493.7,0.0688
ST008,2020-02-28,0.0,-4.67,0.133,0.781,0.05,1493.7,0.0308
ST008,2020-03-06,28.84,-2.03,0.105,0.781,0.05,1493.7,0.2844
ST008,2020-03-13,0.0,-3.68,0.188,0.781,0.05,1493.7,0.2806
ST008,2020-03-20,1.57,1.23,0.179,0.781,0.05,1493.7,0.1639
ST008,2020-03-27,0.0,-2.84,0.238,0.781,0.05,1493.7,0.1101
ST008,2020-04-03,0.0,-1.17,0.178,0.781,0.05,1493.7,0.165
ST008,2020-04-10,4.34,-1.48,0.246,0.781,0.05,1493.7,0.1336
ST008,2020-04-17,0.0,3.52,0.26,0.781,0.05,1493.7,0.1435
ST008,2020-04-24,3.99,5.68,0.33,0.781,0.05,1493.7,0.0608
ST008,2020-05-01,0.0,7.52,0.333,0.781,0.05,1493.7,0.0795
ST008,2020-05-08,0.0,7.79,0.344,0.781,0.05,1493.7,0.2397
ST008,2020-05-15,4.68,5.38,0.385,0.781,0.05,1493.7,0.1211
ST008,2020-05-22,9.03,9.55,0.379,0.781,0.05,1493.7,0.1269
ST008,2020-05-29,0.0,14.32,0.439,0.781,0.05,1493.7,0.099
ST008,2020-06-05,0.0,8.42,0.461,0.781,0.05,1493.7,0.0395
ST008,2020-06-12,0.0,11.76,0.472,0.781,0.05,1493.7,0.02
ST008,2020-06-19,0.0,15.61,0.45,0.781,0.05,1493.7,0.0333
ST008,2020-06-26,0.0,12.93,0.552,0.781,0.05,1493.7,0.1236
ST008,2020-07-03,0.0,16.04,0.512,0.781,0.05,1493.7,0.1523
ST008,2020-07-10,0.0,14.66,0.584,0.781,0.05,1493.7,0.0841
ST008,2020-07-17,0.0,14.63,0.56,0.781,0.05,1493.7,0.0324
ST008,2020-07-24,9.92,14.64,0.563,0.781,0.05,1493.7,0.3574
ST008,2020-07-31,0.0,17.58,0.609,0.781,0.05,1493.7,0.2214
ST008,2020-08-07,0.0,14.33,0.539,0.781,0.05,1493.7,0.0769
ST008,2020-08-14,0.0,12.47,0.532,0.781,0.05,1493.7,0.157
ST008,2020-08-21,0.0,12.39,0.523,0.781,0.05,1493.7,0.0705
ST008,2020-08-28,0.0,8.55,0.585,0.781,0.05,1493.7,0.0243
ST008,2020-09-04,0.0,11.44,0.582,0.781,0.05,1493.7,0.04
ST008,2020-09-11,0.0,8.58,0.488,0.781,0.05,1493.7,0.0574
ST008,2020-09-18,0.0,9.74,0.464,0.781,0.05,1493.7,0.029
ST008,2020-09-25,0.0,5.31,0.503,0.781,0.05,1493.7,0.058
ST008,2020-10-02,0.0,7.36,0.497,0.781,0.05,1493.7,0.0247
ST008,2020-10-09,0.0,5.82,0.509,0.781,0.05,1493.7,0.02
ST008,2020-10-16,0.0,4.52,0.445,0.781,0.05,1493.7,0.0315
ST008,2020-10-23,0.0,-0.93,0.468,0.781,0.05,1493.7,0.0323
ST008,2020-10-30,0.0,-2.17,0.391,0.781,0.05,1493.7,0.0212
ST008,2020-11-06,0.0,-3.77,0.384,0.781,0.05,1493.7,0.0548
ST008,2020-11-13,15.75,-0.71,0.365,0.781,0.05,1493.7,0.113
ST008,2020-11-20,0.0,-2.11,0.335,0.781,0.05,1493.7,0.0369
ST008,2020-11-27,0.0,-2.81,0.294,0.781,0.05,1493.7,0.0212
ST008,2020-12-04,0.0,-3.06,0.237,0.781,0.05,1493.7,0.0257
ST008,2020-12-11,0.0,-4.72,0.237,0.781,0.05,1493.7,0.031
ST008,2020-12-18,0.0,-4.26,0.261,0.781,0.05,1493.7,0.0671
ST008,2020-12-25,0.0,-5.99,0.198,0.781,0.05,1493.7,0.0298
ST009,2016-01-01,0.0,0.98,0.125,0.458,0.125,487.9,0.2399
ST009,2016-01-08,0.0,2.7,0.075,0.458,0.125,487.9,0.0829
ST009,2016-01-15,0.0,-2.7,0.106,0.458,0.125,487.9,0.0725
ST009,2016-01-22,0.0,0.71,0.089,0.458,0.125,487.9,0.0737
ST009,2016-01-29,0.0,-0.37,0.114,0.458,0.125,487.9,0.0564
ST009,2016-02-05,0.0,5.75,0.05,0.458,0.125,487.9,0.0458
ST009,2016-02-12,0.0,-1.43,0.05,0.458,0.125,487.9,0.0368
ST009,2016-02-19,6.35,2.81,0.081,0.458,0.125,487.9,0.0785
ST009,2016-02-26,0.0,-2.49,0.071,0.458,0.125,487.9,0.0533
ST009,2016-03-04,0.0,1.49,0.15,0.458,0.125,487.9,0.1016
ST009,2016-03-11,24.95,3.28,0.127,0.458,0.125,487.9,0.1831
ST009,2016-03-18,0.0,5.06,0.141,0.458,0.125,487.9,0.1831
ST009,2016-03-25,0.0,3.42,0.22,0.458,0.125,487.9,0.0593
ST009,2016-04-01,0.0,11.35,0.133,0.458,0.125,487.9,0.0567
ST009,2016-04-08,10.17,8.4,0.2,0.458,0.125,487.9,0.1997
ST009,2016-04-15,0.0,8.82,0.231,0.458,0.125,487.9,0.0658
ST009,2016-04-22,0.0,10.09,0.26,0.458,0.125,487.9,0.1757
ST009,2016-04-29,0.0,15.8,0.38,0.458,0.125,487.9,0.0754
ST009,2016-05-06,2.68,13.6,0.288,0.458,0.125,487.9,0.0355
ST009,2016-05-13,0.0,17.68,0.377,0.458,0.125,487.9,0.0372
ST009,2016-05-20,0.0,15.92,0.422,0.458,0.125,487.9,0.0439
ST009,2016-05-27,0.0,13.56,0.447,0.458,0.125,487.9,0.1544
ST009,2016-06-03,9.41,21.05,0.464,0.458,0.125,487.9,0.3002
ST009,2016-06-10,0.0,20.26,0.467,0.458,0.125,487.9,0.2367
ST009,2016-06-17,0.0,21.04,0.526,0.458,0.125,487.9,0.2406
ST009,2016-06-24,0.0,18.08,0.527,0.458,0.125,487.9,0.0296
ST009,2016-07-01,0.0,15.41,0.568,0.458,0.125,487.9,0.0337
ST009,2016-07-08,4.76,19.81,0.542,0.458,0.125,487.9,0.0995
ST009,2016-07-15,0.0,21.99,0.548,0.458,0.125,487.9,0.2948
ST009,2016-07-22,38.3,21.97,0.56,0.458,0.125,487.9,0.4089
ST009,2016-07-29,2.74,18.46,0.594,0.458,0.125,487.9,0.2044
ST009,2016-08-05,0.0,21.64,0.678,0.458,0.125,487.9,0.1714
ST009,2016-08-12,0.0,17.95,0.619,0.458,0.125,487.9,0.0926
ST009,2016-08-19,0.0,17.35,0.69,0.458,0.125,487.9,0.0407
ST009,2016-08-26,0.0,22.01,0.641,0.458,0.125,487.9,0.0267
ST009,2016-09-02,0.46,19.21,0.601,0.458,0.125,487.9,0.0331
ST009,2016-09-09,0.0,18.41,0.612,0.458,0.125,487.9,0.0295
ST009,2016-09-16,0.0,14.44,0.556,0.458,0.125,487.9,0.0377
ST009,2016-09-23,0.0,12.62,0.576,0.458,0.125,487.9,0.0242
ST009,2016-09-30,0.0,12.56,0.533,0.458,0.125,487.9,0.0279
ST009,2016-10-07,0.0,6.79,0.524,0.458,0.125,487.9,0.0274
ST009,2016-10-14,0.0,10.75,0.438,0.458,0.125,487.9,0.0359
ST009,2016-10-21,0.0,8.41,0.422,0.458,0.125,487.9,0.0306
ST009,2016-10-28,0.0,10.51,0.42,0.458,0.125,487.9,0.0326
ST009,2016-11-04,0.0,9.71,0.338,0.458,0.125,487.9,0.0216
ST009,2016-11-11,0.0,5.58,0.336,0.458,0.125,487.9,0.0212
ST009,2016-11-18,0.0,5.76,0.318,0.458,0.125,487.9,0.029
ST009,2016-11-25,0.0,5.58,0.232,0.458,0.125,487.9,0.0504
ST009,2016-12-02,0.0,1.07,0.245,0.458,0.125,487.9,0.031
ST009,2016-12-09,0.0,2.63,0.185,0.458,0.125,487.9,0.0325
ST009,2016-12-16,0.0,-0.51,0.182,0.458,0.125,487.9,0.0346
ST009,2016-12-23,0.0,-3.83,0.156,0.458,0.125,487.9,0.0251
ST009,2016-12-30,0.0,-0.71,0.122,0.458,0.125,487.9,0.1245
ST009,2017-01-06,0.0,-0.8,0.141,0.458,0.125,487.9,0.065
ST009,2017-01-13,0.0,2.1,0.088,0.458,0.125,487.9,0.0439
ST009,2017-01-20,0.0,1.45,0.05,0.458,0.125,487.9,0.0325
ST009,2017-01-27,0.0,1.07,0.101,0.458,0.125,487.9,0.1154
ST009,2017-02-03,16.81,-3.21,0.068,0.458,0.125,487.9,0.166
ST009,2017-02-10,0.0,0.41,0.075,0.458,0.125,487.9,0.1306
ST009,2017-02-17,0.0,2.11,0.081,0.458,0.125,487.9,0.0856
ST009,2017-02-24,0.0,3.52,0.071,0.458,0.125,487.9,0.1031
ST009,2017-03-03,0.0,5.2,0.071,0.458,0.125,487.9,0.0729
ST009,2017-03-10,0.0,2.62,0.112,0.458,0.125,487.9,0.0596
ST009,2017-03-17,2.37,2.2,0.143,0.458,0.125,487.9,0.1334
ST009,2017-03-24,1.96,5.13,0.201,0.458,0.125,487.9,0.1209
ST009,2017-03-31,0.0,9.09,0.168,0.458,0.125,487.9,0.0527
ST009,2017-04-07,0.0,8.62,0.232,0.458,0.125,487.9,0.0307
ST009,2017-04-14,0.0,11.85,0.184,0.458,0.125,487.9,0.047
ST009,2017-04-21,0.0,15.49,0.253,0.458,0.125,487.9,0.0847
ST009,2017-04-28,31.26,12.81,0.316,0.458,0.125,487.9,0.2401
ST009,2017-05-05,2.6,13.72,0.317,0.458,0.125,487.9,0.3808
ST009,2017-05-12,0.0,17.36,0.381,0.458,0.125,487.9,0.1088
ST009,2017-05-19,29.59,13.14,0.418,0.458,0.125,487.9,0.2935
ST009,2017-05-26,0.0,15.78,0.416,0.458,0.125,487.9,0.0947
ST009,2017-06-02,0.0,15.05,0.467,0.458,0.125,487.9,0.0268
ST009,2017-06-09,0.0,24.01,0.526,0.458,0.125,487.9,0.0285
ST009,2017-06-16,0.0,15.43,0.549,0.458,0.125,487.9,0.0356
ST009,2017-06-23,0.0,23.0,0.57,0.458,0.125,487.9,0.02
ST009,2017-06-30,1.11,23.11,0.542,0.458,0.125,487.9,0.2249
ST009,2017-07-07,0.0,23.31,0.542,0.458,0.125,487.9,0.0431
ST009,2017-07-14,0.0,22.16,0.597,0.458,0.125,487.9,0.141
ST009,2017-07-21,0.0,21.14,0.564,0.458,0.125,487.9,0.0345
ST009,2017-07-28,0.0,18.29,0.606,0.458,0.125,487.9,0.2491
ST009,2017-08-04,4.83,17.04,0.627,0.458,0.125,487.9,0.0524
ST009,2017-08-11,23.46,17.66,0.604,0.458,0.125,487.9,0.146
ST009,2017-08-18,0.0,18.61,0.606,0.458,0.125,487.9,0.0416
ST009,2017-08-25,0.0,16.64,0.658,0.458,0.125,487.9,0.0657
ST009,2017-09-01,0.0,14.56,0.607,0.458,0.125,487.9,0.0994
ST009,2017-09-08,0.0,17.6,0.632,0.458,0.125,487.9,0.054
ST009,2017-09-15,0.0,14.91,0.587,0.458,0.125,487.9,0.0978
ST009,2017-09-22,0.0,12.56,0.526,0.458,0.125,487.9,0.02
ST009,2017-09-29,0.0,14.73,0.502,0.458,0.125,487.9,0.0666
ST009,2017-10-06,0.0,9.12,0.539,0.458,0.125,487.9,0.0618
ST009,2017-10-13,0.0,13.21,0.472,0.458,0.125,487.9,0.029
ST009,2017-10-20,0.0,7.54,0.435,0.458,0.125,487.9,0.0362
ST009,2017-10-27,0.0,6.37,0.351,0.458,0.125,487.9,0.0245
ST009,2017-11-03,0.0,9.43,0.381,0.458,0.125,487.9,0.0315
ST009,2017-11-10,0.0,5.51,0.294,0.458,0.125,487.9,0.0305
ST009,2017-11-17,7.27,6.63,0.295,0.458,0.125,487.9,0.0465
ST009,2017-11-24,0.0,2.62,0.292,0.458,0.125,487.9,0.02
ST009,2017-12-01,2.27,3.07,0.273,0.458,0.125,487.9,0.0342
ST009,2017-12-08,0.0,0.88,0.228,0.458,0.125,487.9,0.0313
ST009,2017-12-15,0.0,-2.33,0.219,0.458,0.125,487.9,0.0409
ST009,2017-12-22,0.0,-5.1,0.168,0.458,0.125,487.9,0.0339
ST009,2017-12-29,0.0,-0.12,0.172,0.458,0.125,487.9,0.0373
ST009,2018-01-05,0.0,-3.11,0.118,0.458,0.125,487.9,0.0444
ST009,2018-01-12,0.0,-2.34,0.092,0.458,0.125,487.9,0.0281
ST009,2018-01-19,0.0,-0.01,0.105,0.458,0.125,487.9,0.0297
ST009,2018-01-26,0.0,-2.99,0.131,0.458,0.125,487.9,0.0324
ST009,2018-02-02,0.0,-1.21,0.056,0.458,0.125,487.9,0.0276
ST009,2018-02-09,0.0,2.25,0.05,0.458,0.125,487.9,0.0583
ST009,2018-02-16,0.0,0.27,0.14,0.458,0.125,487.9,0.0524
ST009,2018-02-23,0.0,1.13,0.101,0.458,0.125,487.9,0.0358
ST009,2018-03-02,0.0,0.69,0.093,0.458,0.125,487.9,0.0708
ST009,2018-03-09,3.77,6.35,0.142,0.458,0.125,487.9,0.0323
ST009,2018-03-16,0.0,5.62,0.095,0.458,0.125,487.9,0.0614
ST009,2018-03-23,0.0,3.77,0.065,0.458,0.125,487.9,0.1309
ST009,2018-03-30,0.0,5.86,0.173,0.458,0.125,487.9,0.1034
ST009,2018-04-06,0.0,7.28,0.178,0.458,0.125,487.9,0.0479
ST009,2018-04-13,11.59,10.21,0.214,0.458,0.125,487.9,0.0981
ST009,2018-04-20,0.0,12.35,0.248,0.458,0.125,487.9,0.0685
ST009,2018-04-27,0.0,7.67,0.258,0.458,0.125,487.9,0.0509
ST009,2018-05-04,18.3,11.22,0.327,0.458,0.125,487.9,0.2209
ST009,2018-05-11,1.6,15.2,0.379,0.458,0.125,487.9,0.0615
ST009,2018-05-18,0.0,13.99,0.413,0.458,0.125,487.9,0.0453
ST009,2018-05-25,0.0,19.43,0.392,0.458,0.125,487.9,0.0468
ST009,2018-06-01,0.0,17.65,0.493,0.458,0.125,487.9,0.04
ST009,2018-06-08,33.0,16.99,0.516,0.458,0.125,487.9,0.2147
ST009,2018-06-15,29.12,21.4,0.505,0.458,0.125,487.9,0.2782
ST009,2018-06-22,2.32,19.4,0.534,0.458,0.125,487.9,0.1069
ST009,2018-06-29,0.0,18.08,0.588,0.458,0.125,487.9,0.0386
ST009,2018-07-06,0.0,18.17,0.591,0.458,0.125,487.9,0.067
ST009,2018-07-13,0.0,22.72,0.664,0.458,0.125,487.9,0.0337
ST009,2018-07-20,7.19,17.99,0.617,0.458,0.125,487.9,0.2358
ST009,2018-07-27,7.3,22.33,0.639,0.458,0.125,487.9,0.1005
ST009,2018-08-03,0.0,17.66,0.691,0.458,0.125,487.9,0.0342
ST009,2018-08-10,0.0,19.29,0.615,0.458,0.125,487.9,0.0301
ST009,2018-08-17,0.0,17.4,0.648,0.458,0.125,487.9,0.0433
ST009,2018-08-24,0.0,17.4,0.621,0.458,0.125,487.9,0.091
ST009,2018-08-31,0.0,18.96,0.669,0.458,0.125,487.9,0.0302
ST009,2018-09-07,21.25,19.21,0.621,0.458,0.125,487.9,0.1317
ST009,2018-09-14,0.0,14.7,0.544,0.458,0.125,487.9,0.0421
ST009,2018-09-21,0.0,12.72,0.587,0.458,0.125,487.9,0.1475
ST009,2018-09-28,8.79,11.28,0.538,0.458,0.125,487.9,0.1121
ST009,2018-10-05,0.0,11.65,0.509,0.458,0.125,487.9,0.0264
ST009,2018-10-12,5.02,11.83,0.491,0.458,0.125,487.9,0.0504
ST009,2018-10-19,0.0,12.37,0.492,0.458,0.125,487.9,0.0359
ST009,2018-10-26,0.0,7.95,0.438,0.458,0.125,487.9,0.0373
ST009,2018-11-02,0.0,3.39,0.376,0.458,0.125,487.9,0.0258
ST009,2018-11-09,0.0,3.95,0.378,0.458,0.125,487.9,0.0962
ST009,2018-11-16,0.0,5.29,0.29,0.458,0.125,487.9,0.036
ST009,2018-11-23,0.0,5.73,0.244,0.458,0.125,487.9,0.0234
ST009,2018-11-30,0.0,4.57,0.255,0.458,0.125,487.9,0.02
ST009,2018-12-07,0.0,3.91,0.216,0.458,0.125,487.9,0.0354
ST009,2018-12-14,0.0,1.11,0.214,0.458,0.125,487.9,0.0201
ST009,2018-12-21,0.0,-0.17,0.163,0.458,0.125,487.9,0.0448
ST009,2018-12-28,0.0,-3.06,0.099,0.458,0.125,487.9,0.0342
ST009,2019-01-04,0.0,-3.7,0.148,0.458,0.125,487.9,0.0527
ST009,2019-01-11,9.13,2.3,0.09,0.458,0.125,487.9,0.0861
ST009,2019-01-18,0.0,-3.22,0.057,0.458,0.125,487.9,0.057
ST009,2019-01-25,0.0,-0.57,0.075,0.458,0.125,487.9,0.0671
ST009,2019-02-01,0.0,-1.95,0.074,0.458,0.125,487.9,0.0891
ST009,2019-02-08,0.0,2.57,0.051,0.458,0.125,487.9,0.1063
ST009,2019-02-15,0.0,2.68,0.109,0.458,0.125,487.9,0.0711
ST009,2019-02-22,0.0,0.45,0.064,0.458,0.125,487.9,0.0404
ST009,2019-03-01,0.0,6.01,0.134,0.458,0.125,487.9,0.0344
ST009,2019-03-08,0.0,-1.91,0.106,0.458,0.125,487.9,0.0319
ST009,2019-03-15,0.0,2.39,0.128,0.458,0.125,487.9,0.0629
ST009,2019-03-22,0.0,6.73,0.05,0.458,0.125,487.9,0.1756
ST009,2019-03-29,0.0,7.62,0.178,0.458,0.125,487.9,0.0818
ST009,2019-04-05,0.0,7.1,0.224,0.458,0.125,487.9,0.0881
ST009,2019-04-12,0.0,8.89,0.232,0.458,0.125,487.9,0.0417
ST009,2019-04-19,0.0,12.59,0.255,0.458,0.125,487.9,0.2622
ST009,2019-04-26,1.44,11.74,0.287,0.458,0.125,487.9,0.1444
ST009,2019-05-03,1.93,11.9,0.324,0.458,0.125,487.9,0.1262
ST009,2019-05-10,2.78,14.26,0.374,0.458,0.125,487.9,0.0633
ST009,2019-05-17,0.42,16.03,0.341,0.458,0.125,487.9,0.1239
ST009,2019-05-24,0.0,17.46,0.385,0.458,0.125,487.9,0.0292
ST009,2019-05-31,24.61,16.63,0.412,0.458,0.125,487.9,0.1624
ST009,2019-06-07,0.0,19.08,0.479,0.458,0.125,487.9,0.1854
ST009,2019-06-14,0.0,18.29,0.522,0.458,0.125,487.9,0.1946
ST009,2019-06-21,0.0,19.22,0.523,0.458,0.125,487.9,0.0281
ST009,2019-06-28,19.16,20.32,0.555,0.458,0.125,487.9,0.1781
ST009,2019-07-05,0.0,21.92,0.603,0.458,0.125,487.9,0.0494
ST009,2019-07-12,0.0,21.04,0.592,0.458,0.125,487.9,0.0826
ST009,2019-07-19,0.11,18.21,0.585,0.458,0.125,487.9,0.1528
ST009,2019-07-26,0.0,23.11,0.633,0.458,0.125,487.9,0.0395
ST009,2019-08-02,9.74,17.03,0.627,0.458,0.125,487.9,0.0962
ST009,2019-08-09,0.0,19.3,0.666,0.458,0.125,487.9,0.02
ST009,2019-08-16,0.0,21.0,0.593,0.458,0.125,487.9,0.031
ST009,2019-08-23,0.0,16.44,0.592,0.458,0.125,487.9,0.02
ST009,2019-08-30,0.0,20.29,0.619,0.458,0.125,487.9,0.02
ST009,2019-09-06,0.0,14.73,0.576,0.458,0.125,487.9,0.0372
ST009,2019-09-13,0.0,16.46,0.596,0.458,0.125,487.9,0.1165
ST009,2019-09-20,0.0,11.09,0.573,0.458,0.125,487.9,0.028
ST009,2019-09-27,0.0,12.34,0.515,0.458,0.125,487.9,0.0286
ST009,2019-10-04,26.77,13.08,0.482,0.458,0.125,487.9,0.1512
ST009,2019-10-11,0.0,10.0,0.452,0.458,0.125,487.9,0.0451
ST009,2019-10-18,0.0,9.61,0.443,0.458,0.125,487.9,0.0237
ST009,2019-10-25,0.0,10.32,0.432,0.458,0.125,487.9,0.0387
ST009,2019-11-01,0.0,3.65,0.379,0.458,0.125,487.9,0.0689
ST009,2019-11-08,0.0,3.63,0.343,0.458,0.125,487.9,0.0308
ST009,2019-11-15,0.0,5.45,0.359,0.458,0.125,487.9,0.038
ST009,2019-11-22,0.0,1.41,0.249,0.458,0.125,487.9,0.0376
ST009,2019-11-29,0.0,-0.77,0.243,0.458,0.125,487.9,0.027
ST009,2019-12-06,0.0,0.28,0.233,0.458,0.125,487.9,0.0293
ST009,2019-12-13,0.0,-0.52,0.188,0.458,0.125,487.9,0.0445
ST009,2019-12-20,0.0,1.57,0.219,0.458,0.125,487.9,0.0218
ST009,2019-12-27,0.0,-0.89,0.147,0.458,0.125,487.9,0.0351
ST009,2020-01-03,0.0,0.91,0.154,0.458,0.125,487.9,0.02
ST009,2020-01-10,0.0,-1.79,0.115,0.458,0.125,487.9,0.0243
ST009,2020-01-17,0.0,-2.7,0.119,0.458,0.125,487.9,0.0339
ST009,2020-01-24,6.8,-2.45,0.1,0.458,0.125,487.9,0.0871
ST009,2020-01-31,0.0,-0.34,0.05,0.458,0.125,487.9,0.1564
ST009,2020-02-07,3.69,-2.41,0.05,0.458,0.125,487.9,0.1053
ST009,2020-02-14,0.0,-0.82,0.12,0.458,0.125,487.9,0.0447
ST009,2020-02-21,0.0,-0.99,0.129,0.458,0.125,487.9,0.0611
ST009,2020-02-28,0.0,3.21,0.05,0.458,0.125,487.9,0.0495
ST009,2020-03-06,0.0,2.67,0.102,0.458,0.125,487.9,0.0635
ST009,2020-03-13,0.0,4.88,0.111,0.458,0.125,487.9,0.0333
ST009,2020-03-20,0.0,5.89,0.187,0.458,0.125,487.9,0.0346
ST009,2020-03-27,0.0,3.75,0.183,0.458,0.125,487.9,0.0592
ST009,2020-04-03,0.0,7.79,0.198,0.458,0.125,487.9,0.2061
ST009,2020-04-10,0.0,8.64,0.282,0.458,0.125,487.9,0.2168
ST009,2020-04-17,0.0,9.23,0.229,0.458,0.125,487.9,0.3062
ST009,2020-04-24,0.0,13.89,0.268,0.458,0.125,487.9,0.0988
ST009,2020-05-01,32.34,10.27,0.252,0.458,0.125,487.9,0.2749
ST009,2020-05-08,0.0,16.44,0.368,0.458,0.125,487.9,0.1139
ST009,2020-05-15,0.0,15.45,0.376,0.458,0.125,487.9,0.1125
ST009,2020-05-22,0.0,16.41,0.452,0.458,0.125,487.9,0.0684
ST009,2020-05-29,1.01,17.65,0.401,0.458,0.125,487.9,0.3516
ST009,2020-06-05,0.0,16.36,0.494,0.458,0.125,487.9,0.2047
ST009,2020-06-12,0.0,16.71,0.496,0.458,0.125,487.9,0.0828
ST009,2020-06-19,5.32,18.35,0.53,0.458,0.125,487.9,0.0541
ST009,2020-06-26,0.0,21.57,0.594,0.458,0.125,487.9,0.02
ST009,2020-07-03,3.17,24.15,0.621,0.458,0.125,487.9,0.0294
ST009,2020-07-10,14.73,19.84,0.582,0.458,0.125,487.9,0.0927
ST009,2020-07-17,0.0,21.83,0.581,0.458,0.125,487.9,0.1607
ST009,2020-07-24,1.39,24.53,0.617,0.458,0.125,487.9,0.1395
ST009,2020-07-31,0.0,20.01,0.579,0.458,0.125,487.9,0.0292
ST009,2020-08-07,15.27,14.12,0.609,0.458,0.125,487.9,0.11
ST009,2020-08-14,24.47,23.6,0.622,0.458,0.125,487.9,0.2023
ST009,2020-08-21,0.0,21.55,0.681,0.458,0.125,487.9,0.0321
ST009,2020-08-28,0.0,19.85,0.647,0.458,0.125,487.9,0.043
ST009,2020-09-04,0.0,11.14,0.652,0.458,0.125,487.9,0.0319
ST009,2020-09-11,0.0,11.54,0.561,0.458,0.125,487.9,0.0302
ST009,2020-09-18,0.0,18.43,0.596,0.458,0.125,487.9,0.0472
ST009,2020-09-25,0.0,14.68,0.525,0.458,0.125,487.9,0.0446
ST009,2020-10-02,0.0,12.77,0.514,0.458,0.125,487.9,0.0318
ST009,2020-10-09,0.0,8.14,0.475,0.458,0.125,487.9,0.0704
ST009,2020-10-16,0.0,9.24,0.449,0.458,0.125,487.9,0.0291
ST009,2020-10-23,0.0,8.95,0.399,0.458,0.125,487.9,0.0463
ST009,2020-10-30,0.0,4.58,0.388,0.458,0.125,487.9,0.02
ST009,2020-11-06,0.0,8.18,0.297,0.458,0.125,487.9,0.0315
ST009,2020-11-13,0.0,5.1,0.324,0.458,0.125,487.9,0.0264
ST009,2020-11-20,0.0,1.67,0.321,0.458,0.125,487.9,0.02
ST009,2020-11-27,0.0,-2.29,0.279,0.458,0.125,487.9,0.0256
ST009,2020-12-04,0.0,1.08,0.226,0.458,0.125,487.9,0.0466
ST009,2020-12-11,0.0,-3.61,0.21,0.458,0.125,487.9,0.0345
ST009,2020-12-18,0.0,0.69,0.169,0.458,0.125,487.9,0.0368
ST009,2020-12-25,0.0,-2.25,0.123,0.458,0.125,487.9,0.0251
ST010,2016-01-01,0.0,-2.07,0.138,0.141,0.521,209.2,0.226
ST010,2016-01-08,0.0,-0.13,0.094,0.141,0.521,209.2,0.2718
ST010,2016-01-15,38.9,-2.73,0.064,0.141,0.521,209.2,0.3431
ST010,2016-01-22,0.0,2.73,0.054,0.141,0.521,209.2,0.2362
ST010,2016-01-29,0.0,3.46,0.095,0.141,0.521,209.2,0.1186
ST010,2016-02-05,0.0,3.78,0.119,0.141,0.521,209.2,0.2205
ST010,2016-02-12,0.0,3.99,0.05,0.141,0.521,209.2,0.2121
ST010,2016-02-19,0.0,-1.03,0.054,0.141,0.521,209.2,0.1851
ST010,2016-02-26,0.0,6.0,0.05,0.141,0.521,209.2,0.182
ST010,2016-03-04,0.0,0.49,0.078,0.141,0.521,209.2,0.1168
ST010,2016-03-11,0.0,5.91,0.106,0.141,0.521,209.2,0.1262
ST010,2016-03-18,0.0,7.23,0.148,0.141,0.521,209.2,0.1986
ST010,2016-03-25,0.0,9.24,0.171,0.141,0.521,209.2,0.1082
ST010,2016-04-01,0.83,6.0,0.128,0.141,0.521,209.2,0.0913
ST010,2016-04-08,0.0,11.6,0.188,0.141,0.521,209.2,0.0595
ST010,2016-04-15,0.0,8.53,0.281,0.141,0.521,209.2,0.1195
ST010,2016-04-22,0.0,16.34,0.28,0.141,0.521,209.2,0.0963
ST010,2016-04-29,0.0,16.13,0.289,0.141,0.521,209.2,0.0606
ST010,2016-05-06,2.9,16.97,0.332,0.141,0.521,209.2,0.0712
ST010,2016-05-13,0.0,17.67,0.415,0.141,0.521,209.2,0.0946
ST010,2016-05-20,20.56,14.46,0.359,0.141,0.521,209.2,0.1408
ST010,2016-05-27,0.0,21.59,0.44,0.141,0.521,209.2,0.258
ST010,2016-06-03,19.47,19.08,0.465,0.141,0.521,209.2,0.2102
ST010,2016-06-10,0.0,19.17,0.536,0.141,0.521,209.2,0.1896
ST010,2016-06-17,0.0,21.32,0.473,0.141,0.521,209.2,0.0842
ST010,2016-06-24,22.13,21.92,0.551,0.141,0.521,209.2,0.198
ST010,2016-07-01,0.0,24.28,0.589,0.141,0.521,209.2,0.218
ST010,2016-07-08,0.0,23.31,0.589,0.141,0.521,209.2,0.0792
ST010,2016-07-15,11.68,21.89,0.631,0.141,0.521,209.2,0.166
ST010,2016-07-22,32.6,24.79,0.627,0.141,0.521,209.2,0.144
ST010,2016-07-29,0.0,21.96,0.615,0.141,0.521,209.2,0.1431
ST010,2016-08-05,0.0,22.88,0.687,0.141,0.521,209.2,0.0838
ST010,2016-08-12,17.23,21.43,0.629,0.141,0.521,209.2,0.1033
ST010,2016-08-19,18.43,18.71,0.62,0.141,0.521,209.2,0.1341
ST010,2016-08-26,0.0,16.73,0.578,0.141,0.521,209.2,0.0582
ST010,2016-09-02,0.0,20.36,0.629,0.141,0.521,209.2,0.0651
ST010,2016-09-09,0.0,20.13,0.62,0.141,0.521,209.2,0.0712
ST010,2016-09-16,0.0,17.53,0.625,0.141,0.521,209.2,0.0752
ST010,2016-09-23,0.0,16.92,0.573,0.141,0.521,209.2,0.0645
ST010,2016-09-30,0.0,15.19,0.524,0.141,0.521,209.2,0.0751
ST010,2016-10-07,0.0,12.07,0.515,0.141,0.521,209.2,0.0735
ST010,2016-10-14,0.0,10.48,0.494,0.141,0.521,209.2,0.0655
ST010,2016-10-21,2.99,9.81,0.445,0.141,0.521,209.2,0.0707
ST010,2016-10-28,0.0,11.62,0.407,0.141,0.521,209.2,0.08
ST010,2016-11-04,1.39,7.4,0.338,0.141,0.521,209.2,0.0699
ST010,2016-11-11,0.0,5.12,0.403,0.141,0.521,209.2,0.0801
ST010,2016-11-18,0.0,7.74,0.348,0.141,0.521,209.2,0.0735
ST010,2016-11-25,0.0,6.21,0.291,0.141,0.521,209.2,0.0838
ST010,2016-12-02,0.0,4.8,0.191,0.141,0.521,209.2,0.2027
ST010,2016-12-09,0.0,-1.42,0.201,0.141,0.521,209.2,0.211
ST010,2016-12-16,0.0,0.6,0.182,0.141,0.521,209.2,0.1414
ST010,2016-12-23,0.0,5.35,0.18,0.141,0.521,209.2,0.0976
ST010,2016-12-30,0.0,4.22,0.132,0.141,0.521,209.2,0.0873
ST010,2017-01-06,0.0,3.3,0.112,0.141,0.521,209.2,0.0815
ST010,2017-01-13,0.0,0.66,0.076,0.141,0.521,209.2,0.0524
ST010,2017-01-20,0.0,1.05,0.078,0.141,0.521,209.2,0.0604
ST010,2017-01-27,0.0,1.77,0.082,0.141,0.521,209.2,0.0713
ST010,2017-02-03,0.0,1.94,0.11,0.141,0.521,209.2,0.1217
ST010,2017-02-10,0.0,3.33,0.05,0.141,0.521,209.2,0.077
ST010,2017-02-17,0.0,-0.07,0.066,0.141,0.521,209.2,0.1253
ST010,2017-02-24,0.0,7.32,0.05,0.141,0.521,209.2,0.0641
ST010,2017-03-03,0.0,1.57,0.093,0.141,0.521,209.2,0.0769
ST010,2017-03-10,0.0,3.89,0.107,0.141,0.521,209.2,0.0812
ST010,2017-03-17,0.0,6.43,0.088,0.141,0.521,209.2,0.0531
ST010,2017-03-24,2.06,7.83,0.144,0.141,0.521,209.2,0.1558
ST010,2017-03-31,38.37,8.27,0.156,0.141,0.521,209.2,0.2494
ST010,2017-04-07,0.0,11.12,0.217,0.141,0.521,209.2,0.183
ST010,2017-04-14,0.0,10.26,0.256,0.141,0.521,209.2,0.2189
ST010,2017-04-21,61.07,14.19,0.242,0.141,0.521,209.2,0.3784
ST010,2017-04-28,0.0,16.34,0.295,0.141,0.521,209.2,0.2628
ST010,2017-05-05,20.7,19.5,0.351,0.141,0.521,209.2,0.3773
ST010,2017-05-12,0.0,15.07,0.349,0.141,0.521,209.2,0.2546
ST010,2017-05-19,24.4,17.83,0.4,0.141,0.521,209.2,0.2339
ST010,2017-05-26,0.0,16.5,0.432,0.141,0.521,209.2,0.1668
ST010,2017-06-02,0.0,22.11,0.457,0.141,0.521,209.2,0.1763
ST010,2017-06-09,0.0,21.58,0.515,0.141,0.521,209.2,0.2344
ST010,2017-06-16,0.0,20.12,0.528,0.141,0.521,209.2,0.3299
ST010,2017-06-23,0.0,23.27,0.575,0.141,0.521,209.2,0.2125
ST010,2017-06-30,8.41,23.44,0.609,0.141,0.521,209.2,0.2642
ST010,2017-07-07,0.0,20.61,0.588,0.141,0.521,209.2,0.1171
ST010,2017-07-14,2.97,20.32,0.587,0.141,0.521,209.2,0.065
ST010,2017-07-21,0.0,22.91,0.636,0.141,0.521,209.2,0.0607
ST010,2017-07-28,0.0,23.63,0.676,0.141,0.521,209.2,0.0798
ST010,2017-08-04,0.09,22.72,0.641,0.141,0.521,209.2,0.0794
ST010,2017-08-11,58.68,18.2,0.641,0.141,0.521,209.2,0.245
ST010,2017-08-18,0.0,23.83,0.647,0.141,0.521,209.2,0.1373
ST010,2017-08-25,13.74,22.06,0.646,0.141,0.521,209.2,0.1024
ST010,2017-09-01,0.0,21.38,0.652,0.141,0.521,209.2,0.0681
ST010,2017-09-08,0.0,18.55,0.603,0.141,0.521,209.2,0.0665
ST010,2017-09-15,0.0,14.81,0.588,0.141,0.521,209.2,0.0995
ST010,2017-09-22,0.0,16.23,0.558,0.141,0.521,209.2,0.0634
ST010,2017-09-29,0.0,16.35,0.507,0.141,0.521,209.2,0.0763
ST010,2017-10-06,0.0,14.12,0.522,0.141,0.521,209.2,0.0793
ST010,2017-10-13,0.0,10.44,0.463,0.141,0.521,209.2,0.0801
ST010,2017-10-20,0.0,12.23,0.475,0.141,0.521,209.2,0.0774
ST010,2017-10-27,0.0,8.24,0.376,0.141,0.521,209.2,0.0714
ST010,2017-11-03,0.0,8.48,0.349,0.141,0.521,209.2,0.0642
ST010,2017-11-10,0.0,9.5,0.433,0.141,0.521,209.2,0.0775
ST010,2017-11-17,0.0,7.49,0.243,0.141,0.521,209.2,0.0715
ST010,2017-11-24,0.0,2.23,0.318,0.141,0.521,209.2,0.0838
ST010,2017-12-01,0.0,3.93,0.215,0.141,0.521,209.2,0.0788
ST010,2017-12-08,0.0,3.18,0.221,0.141,0.521,209.2,0.0672
ST010,2017-12-15,0.0,6.08,0.18,0.141,0.521,209.2,0.0772
ST010,2017-12-22,0.0,0.31,0.132,0.141,0.521,209.2,0.0761
ST010,2017-12-29,0.0,-2.56,0.136,0.141,0.521,209.2,0.0802
ST010,2018-01-05,0.0,-0.73,0.061,0.141,0.521,209.2,0.1178
ST010,2018-01-12,0.0,0.15,0.05,0.141,0.521,209.2,0.0945
ST010,2018-01-19,0.0,-1.42,0.133,0.141,0.521,209.2,0.0995
ST010,2018-01-26,0.0,1.35,0.05,0.141,0.521,209.2,0.0717
ST010,2018-02-02,0.0,0.45,0.079,0.141,0.521,209.2,0.0822
ST010,2018-02-09,0.0,4.14,0.073,0.141,0.521,209.2,0.102
ST010,2018-02-16,0.0,3.46,0.077,0.141,0.521,209.2,0.0868
ST010,2018-02-23,0.0,3.06,0.078,0.141,0.521,209.2,0.0905
ST010,2018-03-02,0.0,-0.94,0.073,0.141,0.521,209.2,0.1324
ST010,2018-03-09,1.14,3.2,0.112,0.141,0.521,209.2,0.0841
ST010,2018-03-16,0.0,5.81,0.107,0.141,0.521,209.2,0.074
ST010,2018-03-23,0.0,4.17,0.112,0.141,0.521,209.2,0.1156
ST010,2018-03-30,6.36,13.29,0.17,0.141,0.521,209.2,0.1025
ST010,2018-04-06,7.47,8.91,0.191,0.141,0.521,209.2,0.1184
ST010,2018-04-13,18.56,12.86,0.207,0.141,0.521,209.2,0.1555
ST010,2018-04-20,0.0,7.75,0.231,0.141,0.521,209.2,0.1573
ST010,2018-04-27,0.82,16.08,0.264,0.141,0.521,209.2,0.3436
ST010,2018-05-04,0.0,11.83,0.355,0.141,0.521,209.2,0.201
ST010,2018-05-11,22.31,19.56,0.392,0.141,0.521,209.2,0.2424
ST010,2018-05-18,15.88,16.43,0.457,0.141,0.521,209.2,0.3754
ST010,2018-05-25,0.0,17.11,0.448,0.141,0.521,209.2,0.3344
ST010,2018-06-01,0.0,16.52,0.41,0.141,0.521,209.2,0.18
ST010,2018-06-08,0.0,22.67,0.479,0.141,0.521,209.2,0.1576
ST010,2018-06-15,5.82,25.16,0.467,0.141,0.521,209.2,0.0701
ST010,2018-06-22,37.08,18.66,0.517,0.141,0.521,209.2,0.294
ST010,2018-06-29,0.0,23.39,0.566,0.141,0.521,209.2,0.1257
ST010,2018-07-06,0.0,18.63,0.577,0.141,0.521,209.2,0.1849
ST010,2018-07-13,0.0,25.07,0.606,0.141,0.521,209.2,0.0639
ST010,2018-07-20,0.0,17.96,0.625,0.141,0.521,209.2,0.0623
ST010,2018-07-27,16.52,23.35,0.621,0.141,0.521,209.2,0.1937
ST010,2018-08-03,0.97,23.78,0.598,0.141,0.521,209.2,0.1701
ST010,2018-08-10,0.0,24.36,0.653,0.141,0.521,209.2,0.1667
ST010,2018-08-17,0.0,17.81,0.649,0.141,0.521,209.2,0.0991
ST010,2018-08-24,0.0,19.91,0.642,0.141,0.521,209.2,0.0995
ST010,2018-08-31,0.0,17.04,0.606,0.141,0.521,209.2,0.072
ST010,2018-09-07,0.0,16.37,0.6,0.141,0.521,209.2,0.0938
ST010,2018-09-14,0.0,19.43,0.583,0.141,0.521,209.2,0.0749
ST010,2018-09-21,0.0,17.14,0.579,0.141,0.521,209.2,0.0727
ST010,2018-09-28,0.0,14.48,0.553,0.141,0.521,209.2,0.074
ST010,2018-10-05,0.0,11.08,0.531,0.141,0.521,209.2,0.0675
ST010,2018-10-12,0.0,10.79,0.455,0.141,0.521,209.2,0.0675
ST010,2018-10-19,0.0,12.11,0.452,0.141,0.521,209.2,0.0814
ST010,2018-10-26,0.0,8.17,0.409,0.141,0.521,209.2,0.0715
ST010,2018-11-02,0.0,8.46,0.395,0.141,0.521,209.2,0.0807
ST010,2018-11-09,0.0,10.28,0.275,0.141,0.521,209.2,0.0738
ST010,2018-11-16,0.0,5.99,0.341,0.141,0.521,209.2,0.0805
ST010,2018-11-23,0.0,5.55,0.234,0.141,0.521,209.2,0.0702
ST010,2018-11-30,12.25,4.96,0.26,0.141,0.521,209.2,0.1045
ST010,2018-12-07,0.0,3.31,0.176,0.141,0.521,209.2,0.1592
ST010,2018-12-14,2.07,0.1,0.173,0.141,0.521,209.2,0.1139
ST010,2018-12-21,0.0,-1.33,0.154,0.141,0.521,209.2,0.1017
ST010,2018-12-28,0.0,0.38,0.143,0.141,0.521,209.2,0.0889
ST010,2019-01-04,0.0,-0.06,0.14,0.141,0.521,209.2,0.0897
ST010,2019-01-11,0.0,2.27,0.104,0.141,0.521,209.2,0.0669
ST010,2019-01-18,0.0,-0.2,0.091,0.141,0.521,209.2,0.0728
ST010,2019-01-25,0.0,1.35,0.05,0.141,0.521,209.2,0.078
ST010,2019-02-01,0.0,2.13,0.05,0.141,0.521,209.2,0.0826
ST010,2019-02-08,16.67,-0.72,0.05,0.141,0.521,209.2,0.1305
ST010,2019-02-15,0.0,-1.89,0.06,0.141,0.521,209.2,0.1269
ST010,2019-02-22,0.0,1.36,0.088,0.141,0.521,209.2,0.1034
ST010,2019-03-01,0.0,4.77,0.05,0.141,0.521,209.2,0.0869
ST010,2019-03-08,14.68,3.01,0.102,0.141,0.521,209.2,0.1379
ST010,2019-03-15,0.0,9.55,0.125,0.141,0.521,209.2,0.1179
ST010,2019-03-22,0.15,9.73,0.109,0.141,0.521,209.2,0.0953
ST010,2019-03-29,0.0,5.96,0.127,0.141,0.521,209.2,0.0722
ST010,2019-04-05,0.0,9.45,0.177,0.141,0.521,209.2,0.1106
ST010,2019-04-12,7.79,11.47,0.234,0.141,0.521,209.2,0.0863
ST010,2019-04-19,0.0,12.78,0.217,0.141,0.521,209.2,0.0888
ST010,2019-04-26,0.0,14.84,0.254,0.141,0.521,209.2,0.1685
ST010,2019-05-03,0.0,12.77,0.328,0.141,0.521,209.2,0.151
ST010,2019-05-10,0.0,17.43,0.364,0.141,0.521,209.2,0.1207
ST010,2019-05-17,0.0,15.23,0.389,0.141,0.521,209.2,0.123
ST010,2019-05-24,1.14,21.15,0.337,0.141,0.521,209.2,0.1473
ST010,2019-05-31,45.69,22.43,0.51,0.141,0.521,209.2,0.3337
ST010,2019-06-07,0.0,19.31,0.448,0.141,0.521,209.2,0.2197
ST010,2019-06-14,0.0,24.19,0.471,0.141,0.521,209.2,0.1484
ST010,2019-06-21,0.0,20.94,0.547,0.141,0.521,209.2,0.1959
ST010,2019-06-28,0.0,20.97,0.593,0.141,0.521,209.2,0.1811
ST010,2019-07-05,0.0,23.35,0.565,0.141,0.521,209.2,0.1019
ST010,2019-07-12,0.21,28.09,0.647,0.141,0.521,209.2,0.0783
ST010,2019-07-19,0.0,20.89,0.642,0.141,0.521,209.2,0.0754
ST010,2019-07-26,3.01,23.1,0.605,0.141,0.521,209.2,0.1047
ST010,2019-08-02,0.0,19.46,0.62,0.141,0.521,209.2,0.0825
ST010,2019-08-09,5.67,23.72,0.662,0.141,0.521,209.2,0.1159
ST010,2019-08-16,0.0,22.66,0.617,0.141,0.521,209.2,0.0805
ST010,2019-08-23,0.06,18.67,0.658,0.141,0.521,209.2,0.0747
ST010,2019-08-30,0.0,17.86,0.67,0.141,0.521,209.2,0.0548
ST010,2019-09-06,0.0,11.9,0.582,0.141,0.521,209.2,0.0647
ST010,2019-09-13,0.0,14.88,0.599,0.141,0.521,209.2,0.1147
ST010,2019-09-20,0.0,14.72,0.597,0.141,0.521,209.2,0.0767
ST010,2019-09-27,0.0,17.11,0.524,0.141,0.521,209.2,0.0803
ST010,2019-10-04,0.0,13.91,0.5,0.141,0.521,209.2,0.0758
ST010,2019-10-11,0.0,10.93,0.507,0.141,0.521,209.2,0.0707
ST010,2019-10-18,0.0,14.13,0.487,0.141,0.521,209.2,0.0778
ST010,2019-10-25,0.0,9.91,0.411,0.141,0.521,209.2,0.0744
ST010,2019-11-01,0.0,8.27,0.42,0.141,0.521,209.2,0.0657
ST010,2019-11-08,0.0,8.08,0.384,0.141,0.521,209.2,0.0662
ST010,2019-11-15,0.0,9.58,0.32,0.141,0.521,209.2,0.072
ST010,2019-11-22,0.0,7.2,0.288,0.141,0.521,209.2,0.0619
ST010,2019-11-29,0.0,7.03,0.186,0.141,0.521,209.2,0.0772
ST010,2019-12-06,0.0,1.79,0.196,0.141,0.521,209.2,0.0835
ST010,2019-12-13,0.0,0.76,0.212,0.141,0.521,209.2,0.1277
ST010,2019-12-20,0.0,5.31,0.178,0.141,0.521,209.2,0.0812
ST010,2019-12-27,0.0,-0.02,0.126,0.141,0.521,209.2,0.0884
ST010,2020-01-03,0.0,-2.92,0.05,0.141,0.521,209.2,0.0475
ST010,2020-01-10,0.0,-0.23,0.109,0.141,0.521,209.2,0.0661
ST010,2020-01-17,0.0,2.64,0.125,0.141,0.521,209.2,0.0831
ST010,2020-01-24,0.0,-3.04,0.07,0.141,0.521,209.2,0.0639
ST010,2020-01-31,0.0,-1.41,0.074,0.141,0.521,209.2,0.074
ST010,2020-02-07,0.0,1.76,0.063,0.141,0.521,209.2,0.0607
ST010,2020-02-14,0.0,2.32,0.105,0.141,0.521,209.2,0.0662
ST010,2020-02-21,0.0,5.33,0.05,0.141,0.521,209.2,0.1293
ST010,2020-02-28,15.08,3.46,0.05,0.141,0.521,209.2,0.1115
ST010,2020-03-06,0.0,2.46,0.123,0.141,0.521,209.2,0.1081
ST010,2020-03-13,0.0,5.47,0.168,0.141,0.521,209.2,0.0735
ST010,2020-03-20,0.0,3.11,0.087,0.141,0.521,209.2,0.1188
ST010,2020-03-27,0.0,9.66,0.162,0.141,0.521,209.2,0.1141
ST010,2020-04-03,0.0,10.77,0.233,0.141,0.521,209.2,0.0709
ST010,2020-04-10,0.0,10.56,0.225,0.141,0.521,209.2,0.1009
ST010,2020-04-17,0.0,11.63,0.271,0.141,0.521,209.2,0.0492
ST010,2020-04-24,0.31,17.55,0.24,0.141,0.521,209.2,0.1281
ST010,2020-05-01,4.2,17.08,0.332,0.141,0.521,209.2,0.1751
ST010,2020-05-08,0.0,16.03,0.335,0.141,0.521,209.2,0.1157
ST010,2020-05-15,0.0,19.6,0.359,0.141,0.521,209.2,0.0574
ST010,2020-05-22,24.62,17.23,0.435,0.141,0.521,209.2,0.1294
ST010,2020-05-29,0.0,18.94,0.429,0.141,0.521,209.2,0.1989
ST010,2020-06-05,0.0,17.55,0.443,0.141,0.521,209.2,0.1291
ST010,2020-06-12,0.0,24.36,0.511,0.141,0.521,209.2,0.0679
ST010,2020-06-19,0.0,18.34,0.594,0.141,0.521,209.2,0.0893
ST010,2020-06-26,0.66,22.97,0.58,0.141,0.521,209.2,0.0816
ST010,2020-07-03,0.0,17.2,0.622,0.141,0.521,209.2,0.0643
ST010,2020-07-10,0.0,21.09,0.649,0.141,0.521,209.2,0.0675
ST010,2020-07-17,0.0,18.54,0.646,0.141,0.521,209.2,0.1102
ST010,2020-07-24,0.17,19.71,0.621,0.141,0.521,209.2,0.0771
ST010,2020-07-31,18.72,21.93,0.645,0.141,0.521,209.2,0.1517
ST010,2020-08-07,0.0,20.76,0.666,0.141,0.521,209.2,0.1228
ST010,2020-08-14,0.0,23.41,0.678,0.141,0.521,209.2,0.0666
ST010,2020-08-21,0.0,20.0,0.654,0.141,0.521,209.2,0.1821
ST010,2020-08-28,0.0,25.48,0.596,0.141,0.521,209.2,0.1264
ST010,2020-09-04,6.43,19.05,0.608,0.141,0.521,209.2,0.1001
ST010,2020-09-11,0.0,15.69,0.573,0.141,0.521,209.2,0.0672
ST010,2020-09-18,0.0,14.54,0.58,0.141,0.521,209.2,0.0648
ST010,2020-09-25,3.15,17.69,0.542,0.141,0.521,209.2,0.0903
ST010,2020-10-02,0.0,14.24,0.484,0.141,0.521,209.2,0.0881
ST010,2020-10-09,0.0,10.32,0.477,0.141,0.521,209.2,0.179
ST010,2020-10-16,0.0,11.18,0.448,0.141,0.521,209.2,0.1151
ST010,2020-10-23,0.0,5.02,0.454,0.141,0.521,209.2,0.0747
ST010,2020-10-30,0.0,7.69,0.306,0.141,0.521,209.2,0.0784
ST010,2020-11-06,28.63,3.64,0.356,0.141,0.521,209.2,0.181
ST010,2020-11-13,0.0,5.4,0.265,0.141,0.521,209.2,0.1103
ST010,2020-11-20,0.0,2.69,0.294,0.141,0.521,209.2,0.0676
ST010,2020-11-27,0.0,2.42,0.274,0.141,0.521,209.2,0.0904
ST010,2020-12-04,0.0,2.45,0.216,0.141,0.521,209.2,0.0733
ST010,2020-12-11,0.0,0.69,0.199,0.141,0.521,209.2,0.0731
ST010,2020-12-18,0.0,1.96,0.15,0.141,0.521,209.2,0.0764
ST010,2020-12-25,0.0,1.58,0.147,0.141,0.521,209.2,0.0556
ST011,2016-01-01,1.11,2.24,0.139,0.474,0.431,391.3,0.2462
ST011,2016-01-08,0.0,-2.75,0.127,0.474,0.431,391.3,0.1784
ST011,2016-01-15,0.0,1.95,0.12,0.474,0.431,391.3,0.1471
ST011,2016-01-22,0.0,-1.54,0.088,0.474,0.431,391.3,0.0857
ST011,2016-01-29,0.0,2.61,0.05,0.474,0.431,391.3,0.078
ST011,2016-02-05,0.0,1.41,0.078,0.474,0.431,391.3,0.0775
ST011,2016-02-12,0.0,0.63,0.081,0.474,0.431,391.3,0.0596
ST011,2016-02-19,0.0,3.1,0.103,0.474,0.431,391.3,0.0689
ST011,2016-02-26,0.0,1.43,0.08,0.474,0.431,391.3,0.0597
ST011,2016-03-04,0.0,2.82,0.098,0.474,0.431,391.3,0.0663
ST011,2016-03-11,0.0,4.9,0.05,0.474,0.431,391.3,0.0665
ST011,2016-03-18,7.13,7.46,0.202,0.474,0.431,391.3,0.0913
ST011,2016-03-25,0.0,4.2,0.138,0.474,0.431,391.3,0.0684
ST011,2016-04-01,23.54,5.56,0.187,0.474,0.431,391.3,0.1335
ST011,2016-04-08,0.0,7.11,0.224,0.474,0.431,391.3,0.0757
ST011,2016-04-15,16.47,9.25,0.26,0.474,0.431,391.3,0.1387
ST011,2016-04-22,4.81,14.16,0.313,0.474,0.431,391.3,0.0952
ST011,2016-04-29,0.0,10.81,0.301,0.474,0.431,391.3,0.0702
ST011,2016-05-06,0.0,14.29,0.328,0.474,0.431,391.3,0.2331
ST011,2016-05-13,0.0,16.87,0.352,0.474,0.431,391.3,0.266
ST011,2016-05-20,0.0,18.7,0.347,0.474,0.431,391.3,0.099
ST011,2016-05-27,0.0,18.01,0.425,0.474,0.431,391.3,0.1071
ST011,2016-06-03,0.0,20.49,0.436,0.474,0.431,391.3,0.0627
ST011,2016-06-10,0.0,18.17,0.505,0.474,0.431,391.3,0.0926
ST011,2016-06-17,0.0,22.83,0.496,0.474,0.431,391.3,0.1118
ST011,2016-06-24,97.51,23.12,0.525,0.474,0.431,391.3,0.4064
ST011,2016-07-01,0.0,19.28,0.593,0.474,0.431,391.3,0.2167
ST011,2016-07-08,0.0,20.06,0.638,0.474,0.431,391.3,0.0986
ST011,2016-07-15,0.0,19.0,0.619,0.474,0.431,391.3,0.0585
ST011,2016-07-22,5.62,20.76,0.607,0.474,0.431,391.3,0.1891
ST011,2016-07-29,0.0,16.58,0.662,0.474,0.431,391.3,0.1385
ST011,2016-08-05,0.0,23.23,0.615,0.474,0.431,391.3,0.0626
ST011,2016-08-12,0.0,17.86,0.611,0.474,0.431,391.3,0.0738
ST011,2016-08-19,0.0,22.22,0.58,0.474,0.431,391.3,0.0571
ST011,2016-08-26,0.0,20.45,0.623,0.474,0.431,391.3,0.0703
ST011,2016-09-02,0.0,20.79,0.538,0.474,0.431,391.3,0.0618
ST011,2016-09-09,0.0,13.85,0.579,0.474,0.431,391.3,0.0917
ST011,2016-09-16,0.0,15.99,0.515,0.474,0.431,391.3,0.0973
ST011,2016-09-23,0.0,14.84,0.575,0.474,0.431,391.3,0.0535
ST011,2016-09-30,0.0,14.59,0.514,0.474,0.431,391.3,0.046
ST011,2016-10-07,0.0,14.85,0.485,0.474,0.431,391.3,0.0733
ST011,2016-10-14,0.0,12.02,0.476,0.474,0.431,391.3,0.0666
ST011,2016-10-21,0.0,11.51,0.453,0.474,0.431,391.3,0.0617
ST011,2016-10-28,0.0,8.38,0.412,0.474,0.431,391.3,0.0723
ST011,2016-11-04,7.45,3.83,0.352,0.474,0.431,391.3,0.0797
ST011,2016-11-11,0.0,4.67,0.293,0.474,0.431,391.3,0.0615
ST011,2016-11-18,0.0,3.93,0.319,0.474,0.431,391.3,0.0622
ST011,2016-11-25,0.0,2.96,0.286,0.474,0.431,391.3,0.0697
ST011,2016-12-02,0.0,3.14,0.226,0.474,0.431,391.3,0.0612
ST011,2016-12-09,7.64,1.59,0.194,0.474,0.431,391.3,0.1053
ST011,2016-12-16,0.0,-0.93,0.197,0.474,0.431,391.3,0.0697
ST011,2016-12-23,0.0,-0.25,0.147,0.474,0.431,391.3,0.0693
ST011,2016-12-30,0.0,-0.09,0.095,0.474,0.431,391.3,0.0705
ST011,2017-01-06,0.0,1.6,0.135,0.474,0.431,391.3,0.0494
ST011,2017-01-13,0.0,-3.19,0.136,0.474,0.431,391.3,0.0738
ST011,2017-01-20,0.0,-1.58,0.07,0.474,0.431,391.3,0.0662
ST011,2017-01-27,12.77,2.68,0.09,0.474,0.431,391.3,0.1044
ST011,2017-02-03,0.0,-1.27,0.05,0.474,0.431,391.3,0.1196
ST011,2017-02-10,0.0,1.16,0.057,0.474,0.431,391.3,0.1044
ST011,2017-02-17,0.0,4.59,0.052,0.474,0.431,391.3,0.072
ST011,2017-02-24,0.0,3.28,0.05,0.474,0.431,391.3,0.0586
ST011,2017-03-03,0.0,7.69,0.117,0.474,0.431,391.3,0.0706
ST011,2017-03-10,0.0,7.84,0.109,0.474,0.431,391.3,0.1427
ST011,2017-03-17,8.76,8.24,0.125,0.474,0.431,391.3,0.1189
ST011,2017-03-24,0.0,6.46,0.177,0.474,0.431,391.3,0.1003
ST011,2017-03-31,0.0,7.42,0.214,0.474,0.431,391.3,0.1189
ST011,2017-04-07,5.4,9.86,0.191,0.474,0.431,391.3,0.1064
ST011,2017-04-14,0.0,10.63,0.214,0.474,0.431,391.3,0.1054
ST011,2017-04-21,0.0,10.38,0.263,0.474,0.431,391.3,0.1496
ST011,2017-04-28,0.0,12.56,0.29,0.474,0.431,391.3,0.1381
ST011,2017-05-05,0.0,13.74,0.319,0.474,0.431,391.3,0.0992
ST011,2017-05-12,0.0,22.56,0.376,0.474,0.431,391.3,0.1085
ST011,2017-05-19,2.75,15.25,0.365,0.474,0.431,391.3,0.1836
ST011,2017-05-26,0.0,17.62,0.435,0.474,0.431,391.3,0.0981
ST011,2017-06-02,0.0,18.57,0.469,0.474,0.431,391.3,0.0571
ST011,2017-06-09,47.48,20.12,0.496,0.474,0.431,391.3,0.2303
ST011,2017-06-16,0.0,17.95,0.505,0.474,0.431,391.3,0.0987
ST011,2017-06-23,0.0,20.93,0.524,0.474,0.431,391.3,0.0614
ST011,2017-06-30,7.77,16.96,0.577,0.474,0.431,391.3,0.0744
ST011,2017-07-07,5.59,14.64,0.588,0.474,0.431,391.3,0.0595
ST011,2017-07-14,0.0,23.38,0.628,0.474,0.431,391.3,0.0648
ST011,2017-07-21,5.64,23.77,0.616,0.474,0.431,391.3,0.0748
ST011,2017-07-28,0.0,20.77,0.689,0.474,0.431,391.3,0.12
ST011,2017-08-04,0.0,23.9,0.642,0.474,0.431,391.3,0.0595
ST011,2017-08-11,0.0,18.94,0.58,0.474,0.431,391.3,0.0601
ST011,2017-08-18,0.0,24.06,0.634,0.474,0.431,391.3,0.0616
ST011,2017-08-25,0.0,17.56,0.643,0.474,0.431,391.3,0.0695
ST011,2017-09-01,0.0,13.85,0.611,0.474,0.431,391.3,0.0622
ST011,2017-09-08,0.0,16.09,0.589,0.474,0.431,391.3,0.0529
ST011,2017-09-15,0.0,17.97,0.559,0.474,0.431,391.3,0.062
ST011,2017-09-22,5.51,19.67,0.604,0.474,0.431,391.3,0.0889
ST011,2017-09-29,0.0,12.59,0.518,0.474,0.431,391.3,0.0632
ST011,2017-10-06,0.0,13.45,0.521,0.474,0.431,391.3,0.0546
ST011,2017-10-13,0.0,9.34,0.461,0.474,0.431,391.3,0.0483
ST011,2017-10-20,0.0,6.59,0.432,0.474,0.431,391.3,0.0553
ST011,2017-10-27,0.0,9.75,0.414,0.474,0.431,391.3,0.055
ST011,2017-11-03,0.0,0.86,0.394,0.474,0.431,391.3,0.0619
ST011,2017-11-10,0.0,9.53,0.39,0.474,0.431,391.3,0.2899
ST011,2017-11-17,0.0,7.22,0.289,0.474,0.431,391.3,0.1917
ST011,2017-11-24,0.0,0.78,0.306,0.474,0.431,391.3,0.1551
ST011,2017-12-01,0.0,1.1,0.24,0.474,0.431,391.3,0.087
ST011,2017-12-08,0.0,-0.67,0.197,0.474,0.431,391.3,0.0955
ST011,2017-12-15,0.0,0.14,0.202,0.474,0.431,391.3,0.0699
ST011,2017-12-22,0.0,1.61,0.11,0.474,0.431,391.3,0.0681
ST011,2017-12-29,0.0,1.19,0.173,0.474,0.431,391.3,0.0635
ST011,2018-01-05,0.83,1.45,0.173,0.474,0.431,391.3,0.0637
ST011,2018-01-12,0.0,-5.33,0.097,0.474,0.431,391.3,0.0631
ST011,2018-01-19,0.0,-1.05,0.079,0.474,0.431,391.3,0.0696
ST011,2018-01-26,0.0,3.26,0.05,0.474,0.431,391.3,0.0642
ST011,2018-02-02,0.0,-0.57,0.05,0.474,0.431,391.3,0.0759
ST011,2018-02-09,0.0,1.91,0.08,0.474,0.431,391.3,0.0663
ST011,2018-02-16,0.0,0.27,0.05,0.474,0.431,391.3,0.0857
ST011,2018-02-23,3.74,4.76,0.132,0.474,0.431,391.3,0.0899
ST011,2018-03-02,0.0,2.94,0.07,0.474,0.431,391.3,0.091
ST011,2018-03-09,0.0,3.91,0.147,0.474,0.431,391.3,0.1294
ST011,2018-03-16,0.0,2.31,0.08,0.474,0.431,391.3,0.1113
ST011,2018-03-23,0.0,5.3,0.158,0.474,0.431,391.3,0.1893
ST011,2018-03-30,0.0,8.87,0.227,0.474,0.431,391.3,0.1138
ST011,2018-04-06,5.2,6.4,0.246,0.474,0.431,391.3,0.1024
ST011,2018-04-13,7.36,8.65,0.245,0.474,0.431,391.3,0.1053
ST011,2018-04-20,0.0,10.21,0.227,0.474,0.431,391.3,0.1445
ST011,2018-04-27,0.0,16.97,0.326,0.474,0.431,391.3,0.1966
ST011,2018-05-04,0.0,15.41,0.276,0.474,0.431,391.3,0.1818
ST011,2018-05-11,0.0,14.58,0.347,0.474,0.431,391.3,0.2396
ST011,2018-05-18,5.49,15.38,0.383,0.474,0.431,391.3,0.1876
ST011,2018-05-25,0.0,15.51,0.403,0.474,0.431,391.3,0.1359
ST011,2018-06-01,4.2,15.36,0.414,0.474,0.431,391.3,0.1083
ST011,2018-06-08,8.32,19.15,0.483,0.474,0.431,391.3,0.2638
ST011,2018-06-15,0.0,19.36,0.511,0.474,0.431,391.3,0.1211
ST011,2018-06-22,0.0,21.99,0.543,0.474,0.431,391.3,0.0642
ST011,2018-06-29,0.0,21.73,0.556,0.474,0.431,391.3,0.0714
ST011,2018-07-06,0.0,23.47,0.591,0.474,0.431,391.3,0.0658
ST011,2018-07-13,0.0,20.4,0.602,0.474,0.431,391.3,0.0627
ST011,2018-07-20,0.0,20.42,0.62,0.474,0.431,391.3,0.0612
ST011,2018-07-27,43.24,21.45,0.595,0.474,0.431,391.3,0.2481
ST011,2018-08-03,0.0,19.52,0.65,0.474,0.431,391.3,0.1308
ST011,2018-08-10,0.0,22.55,0.627,0.474,0.431,391.3,0.067
ST011,2018-08-17,0.0,20.55,0.632,0.474,0.431,391.3,0.0746
ST011,2018-08-24,0.0,20.15,0.611,0.474,0.431,391.3,0.0583
ST011,2018-08-31,0.0,19.59,0.62,0.474,0.431,391.3,0.0667
ST011,2018-09-07,5.24,18.96,0.63,0.474,0.431,391.3,0.0597
ST011,2018-09-14,0.0,16.69,0.594,0.474,0.431,391.3,0.0542
ST011,2018-09-21,0.0,15.72,0.535,0.474,0.431,391.3,0.07
ST011,2018-09-28,0.0,13.72,0.51,0.474,0.431,391.3,0.0645
ST011,2018-10-05,0.0,15.78,0.495,0.474,0.431,391.3,0.0598
ST011,2018-10-12,0.0,10.26,0.416,0.474,0.431,391.3,0.0593
ST011,2018-10-19,4.57,12.34,0.486,0.474,0.431,391.3,0.0873
ST011,2018-10-26,0.0,9.88,0.388,0.474,0.431,391.3,0.0607
ST011,2018-11-02,0.0,8.69,0.403,0.474,0.431,391.3,0.072
ST011,2018-11-09,0.0,8.63,0.324,0.474,0.431,391.3,0.0693
ST011,2018-11-16,0.0,5.31,0.377,0.474,0.431,391.3,0.0561
ST011,2018-11-23,0.0,3.9,0.278,0.474,0.431,391.3,0.0596
ST011,2018-11-30,0.0,0.22,0.274,0.474,0.431,391.3,0.0582
ST011,2018-12-07,0.0,1.03,0.201,0.474,0.431,391.3,0.0759
ST011,2018-12-14,0.0,3.99,0.216,0.474,0.431,391.3,0.0487
ST011,2018-12-21,0.0,-0.87,0.185,0.474,0.431,391.3,0.0683
ST011,2018-12-28,0.0,1.0,0.15,0.474,0.431,391.3,0.0873
ST011,2019-01-04,0.0,-0.17,0.144,0.474,0.431,391.3,0.0679
ST011,2019-01-11,0.0,-1.9,0.139,0.474,0.431,391.3,0.0533
ST011,2019-01-18,1.21,-2.43,0.092,0.474,0.431,391.3,0.0669
ST011,2019-01-25,0.0,-1.71,0.079,0.474,0.431,391.3,0.1162
ST011,2019-02-01,5.67,-4.0,0.079,0.474,0.431,391.3,0.0858
ST011,2019-02-08,0.0,3.85,0.073,0.474,0.431,391.3,0.0793
ST011,2019-02-15,32.98,-2.2,0.091,0.474,0.431,391.3,0.1614
ST011,2019-02-22,0.0,2.58,0.103,0.474,0.431,391.3,0.1243
ST011,2019-03-01,0.0,1.11,0.108,0.474,0.431,391.3,0.0968
ST011,2019-03-08,0.0,4.82,0.073,0.474,0.431,391.3,0.0744
ST011,2019-03-15,0.0,6.66,0.112,0.474,0.431,391.3,0.0949
ST011,2019-03-22,0.0,4.39,0.18,0.474,0.431,391.3,0.1812
ST011,2019-03-29,2.58,7.48,0.217,0.474,0.431,391.3,0.0912
ST011,2019-04-05,0.0,8.12,0.18,0.474,0.431,391.3,0.2109
ST011,2019-04-12,0.0,8.37,0.204,0.474,0.431,391.3,0.153
ST011,2019-04-19,2.08,9.67,0.217,0.474,0.431,391.3,0.1122
ST011,2019-04-26,0.0,12.84,0.312,0.474,0.431,391.3,0.07
ST011,2019-05-03,0.0,13.48,0.32,0.474,0.431,391.3,0.138
ST011,2019-05-10,3.71,12.2,0.352,0.474,0.431,391.3,0.0648
ST011,2019-05-17,0.0,14.62,0.351,0.474,0.431,391.3,0.062
ST011,2019-05-24,0.98,16.81,0.358,0.474,0.431,391.3,0.0923
ST011,2019-05-31,4.13,18.68,0.485,0.474,0.431,391.3,0.1339
ST011,2019-06-07,0.0,17.36,0.518,0.474,0.431,391.3,0.2191
ST011,2019-06-14,0.0,18.22,0.44,0.474,0.431,391.3,0.266
ST011,2019-06-21,0.0,21.8,0.551,0.474,0.431,391.3,0.1101
ST011,2019-06-28,0.0,23.76,0.584,0.474,0.431,391.3,0.0761
ST011,2019-07-05,27.34,21.99,0.544,0.474,0.431,391.3,0.1775
ST011,2019-07-12,2.51,20.48,0.612,0.474,0.431,391.3,0.151
ST011,2019-07-19,0.0,21.03,0.6,0.474,0.431,391.3,0.0987
ST011,2019-07-26,11.63,20.79,0.598,0.474,0.431,391.3,0.1102
ST011,2019-08-02,30.6,20.01,0.611,0.474,0.431,391.3,0.1588
ST011,2019-08-09,0.0,20.48,0.583,0.474,0.431,391.3,0.1573
ST011,2019-08-16,0.0,20.89,0.593,0.474,0.431,391.3,0.0477
ST011,2019-08-23,0.0,20.25,0.658,0.474,0.431,391.3,0.0743
ST011,2019-08-30,0.0,14.73,0.656,0.474,0.431,391.3,0.0935
ST011,2019-09-06,0.0,12.5,0.61,0.474,0.431,391.3,0.0701
ST011,2019-09-13,0.0,16.39,0.588,0.474,0.431,391.3,0.0601
ST011,2019-09-20,0.0,13.74,0.563,0.474,0.431,391.3,0.0784
ST011,2019-09-27,0.0,16.66,0.586,0.474,0.431,391.3,0.0546
ST011,2019-10-04,2.89,12.36,0.55,0.474,0.431,391.3,0.0858
ST011,2019-10-11,0.0,4.64,0.522,0.474,0.431,391.3,0.0687
ST011,2019-10-18,0.0,10.45,0.387,0.474,0.431,391.3,0.0566
ST011,2019-10-25,0.0,7.32,0.397,0.474,0.431,391.3,0.0911
ST011,2019-11-01,0.0,5.02,0.322,0.474,0.431,391.3,0.0756
ST011,2019-11-08,0.0,4.03,0.331,0.474,0.431,391.3,0.0613
ST011,2019-11-15,0.6,3.22,0.252,0.474,0.431,391.3,0.0997
ST011,2019-11-22,0.0,0.12,0.314,0.474,0.431,391.3,0.0795
ST011,2019-11-29,0.0,2.65,0.186,0.474,0.431,391.3,0.0664
ST011,2019-12-06,0.0,0.46,0.256,0.474,0.431,391.3,0.0582
ST011,2019-12-13,0.0,-2.28,0.217,0.474,0.431,391.3,0.1056
ST011,2019-12-20,0.0,1.82,0.215,0.474,0.431,391.3,0.0744
ST011,2019-12-27,0.0,4.34,0.149,0.474,0.431,391.3,0.0623
ST011,2020-01-03,0.0,1.08,0.128,0.474,0.431,391.3,0.0911
ST011,2020-01-10,0.0,-2.0,0.174,0.474,0.431,391.3,0.0756
ST011,2020-01-17,0.0,-1.2,0.091,0.474,0.431,391.3,0.0879
ST011,2020-01-24,0.0,0.36,0.088,0.474,0.431,391.3,0.0751
ST011,2020-01-31,0.0,0.06,0.074,0.474,0.431,391.3,0.0661
ST011,2020-02-07,0.0,4.21,0.052,0.474,0.431,391.3,0.0789
ST011,2020-02-14,0.0,2.04,0.1,0.474,0.431,391.3,0.0804
ST011,2020-02-21,0.0,2.82,0.095,0.474,0.431,391.3,0.081
ST011,2020-02-28,0.0,2.39,0.077,0.474,0.431,391.3,0.0693
ST011,2020-03-06,0.0,3.12,0.124,0.474,0.431,391.3,0.0954
ST011,2020-03-13,0.0,6.35,0.097,0.474,0.431,391.3,0.0622
ST011,2020-03-20,0.0,6.1,0.11,0.474,0.431,391.3,0.0664
ST011,2020-03-27,29.45,5.22,0.165,0.474,0.431,391.3,0.1563
ST011,2020-04-03,0.0,8.6,0.224,0.474,0.431,391.3,0.1734
ST011,2020-04-10,29.56,8.48,0.277,0.474,0.431,391.3,0.2393
ST011,2020-04-17,0.0,9.0,0.185,0.474,0.431,391.3,0.1511
ST011,2020-04-24,0.0,12.37,0.291,0.474,0.431,391.3,0.0992
ST011,2020-05-01,0.0,14.83,0.279,0.474,0.431,391.3,0.095
ST011,2020-05-08,0.46,15.07,0.302,0.474,0.431,391.3,0.0583
ST011,2020-05-15,11.16,16.37,0.336,0.474,0.431,391.3,0.0853
ST011,2020-05-22,0.0,14.4,0.463,0.474,0.431,391.3,0.0632
ST011,2020-05-29,2.5,14.55,0.467,0.474,0.431,391.3,0.0746
ST011,2020-06-05,0.0,15.75,0.486,0.474,0.431,391.3,0.0958
ST011,2020-06-12,0.0,18.68,0.486,0.474,0.431,391.3,0.0737
ST011,2020-06-19,0.0,20.15,0.563,0.474,0.431,391.3,0.0701
ST011,2020-06-26,0.0,23.91,0.584,0.474,0.431,391.3,0.1558
ST011,2020-07-03,2.67,20.77,0.577,0.474,0.431,391.3,0.0935
ST011,2020-07-10,0.0,21.85,0.636,0.474,0.431,391.3,0.13
ST011,2020-07-17,0.0,20.72,0.656,0.474,0.431,391.3,0.076
ST011,2020-07-24,0.0,20.84,0.62,0.474,0.431,391.3,0.0978
ST011,2020-07-31,0.0,19.78,0.617,0.474,0.431,391.3,0.0654
ST011,2020-08-07,0.0,18.73,0.635,0.474,0.431,391.3,0.0893
ST011,2020-08-14,3.75,21.34,0.606,0.474,0.431,391.3,0.0627
ST011,2020-08-21,0.0,18.23,0.609,0.474,0.431,391.3,0.0731
ST011,2020-08-28,0.0,16.18,0.596,0.474,0.431,391.3,0.0608
ST011,2020-09-04,0.0,22.33,0.645,0.474,0.431,391.3,0.0671
ST011,2020-09-11,0.0,14.47,0.548,0.474,0.431,391.3,0.0637
ST011,2020-09-18,0.0,13.13,0.568,0.474,0.431,391.3,0.068
ST011,2020-09-25,0.0,14.67,0.554,0.474,0.431,391.3,0.0647
ST011,2020-10-02,14.6,16.36,0.536,0.474,0.431,391.3,0.1094
ST011,2020-10-09,0.0,9.82,0.509,0.474,0.431,391.3,0.0628
ST011,2020-10-16,0.0,13.82,0.425,0.474,0.431,391.3,0.0673
ST011,2020-10-23,0.0,13.14,0.428,0.474,0.431,391.3,0.0663
ST011,2020-10-30,0.0,7.76,0.401,0.474,0.431,391.3,0.0575
ST011,2020-11-06,0.0,5.88,0.378,0.474,0.431,391.3,0.0686
ST011,2020-11-13,0.0,3.68,0.333,0.474,0.431,391.3,0.0513
ST011,2020-11-20,0.0,4.97,0.315,0.474,0.431,391.3,0.0577
ST011,2020-11-27,5.09,3.58,0.209,0.474,0.431,391.3,0.0728
ST011,2020-12-04,0.0,3.53,0.235,0.474,0.431,391.3,0.0642
ST011,2020-12-11,1.98,1.13,0.238,0.474,0.431,391.3,0.0634
ST011,2020-12-18,4.55,2.77,0.132,0.474,0.431,391.3,0.0824
ST011,2020-12-25,0.0,0.4,0.16,0.474,0.431,391.3,0.0633
ST012,2016-01-01,0.0,1.43,0.139,0.274,0.115,216.1,0.237
ST012,2016-01-08,0.0,3.77,0.098,0.274,0.115,216.1,0.097
ST012,2016-01-15,0.0,0.63,0.091,0.274,0.115,216.1,0.0363
ST012,2016-01-22,0.0,-1.5,0.101,0.274,0.115,216.1,0.0325
ST012,2016-01-29,3.58,0.65,0.086,0.274,0.115,216.1,0.0511
ST012,2016-02-05,0.0,-0.37,0.107,0.274,0.115,216.1,0.0384
ST012,2016-02-12,0.0,0.33,0.05,0.274,0.115,216.1,0.0368
ST012,2016-02-19,0.0,3.14,0.05,0.274,0.115,216.1,0.0341
ST012,2016-02-26,0.0,4.18,0.086,0.274,0.115,216.1,0.0393
ST012,2016-03-04,0.0,3.2,0.083,0.274,0.115,216.1,0.1528
ST012,2016-03-11,0.0,4.81,0.112,0.274,0.115,216.1,0.0616
ST012,2016-03-18,0.0,4.57,0.155,0.274,0.115,216.1,0.0289
ST012,2016-03-25,0.0,9.82,0.124,0.274,0.115,216.1,0.0287
ST012,2016-04-01,0.0,13.14,0.189,0.274,0.115,216.1,0.045
ST012,2016-04-08,0.0,10.37,0.215,0.274,0.115,216.1,0.0336
ST012,2016-04-15,0.0,11.11,0.215,0.274,0.115,216.1,0.0337
ST012,2016-04-22,0.0,9.47,0.224,0.274,0.115,216.1,0.0942
ST012,2016-04-29,0.0,13.82,0.306,0.274,0.115,216.1,0.0473
ST012,2016-05-06,0.0,16.16,0.378,0.274,0.115,216.1,0.0239
ST012,2016-05-13,14.97,14.17,0.403,0.274,0.115,216.1,0.229
ST012,2016-05-20,0.0,15.28,0.393,0.274,0.115,216.1,0.09
ST012,2016-05-27,2.03,15.56,0.442,0.274,0.115,216.1,0.0474
ST012,2016-06-03,0.0,19.81,0.483,0.274,0.115,216.1,0.033
ST012,2016-06-10,0.0,19.17,0.496,0.274,0.115,216.1,0.0458
ST012,2016-06-17,19.68,22.92,0.54,0.274,0.115,216.1,0.1647
ST012,2016-06-24,21.18,21.72,0.577,0.274,0.115,216.1,0.1473
ST012,2016-07-01,29.03,20.17,0.575,0.274,0.115,216.1,0.182
ST012,2016-07-08,3.06,22.69,0.594,0.274,0.115,216.1,0.4015
ST012,2016-07-15,2.11,20.5,0.613,0.274,0.115,216.1,0.1294
ST012,2016-07-22,0.29,24.82,0.666,0.274,0.115,216.1,0.0357
ST012,2016-07-29,10.66,20.16,0.638,0.274,0.115,216.1,0.0547
ST012,2016-08-05,0.0,20.5,0.657,0.274,0.115,216.1,0.025
ST012,2016-08-12,21.4,21.82,0.665,0.274,0.115,216.1,0.1237
ST012,2016-08-19,0.0,23.6,0.646,0.274,0.115,216.1,0.0574
ST012,2016-08-26,0.0,19.07,0.66,0.274,0.115,216.1,0.0457
ST012,2016-09-02,0.0,19.84,0.573,0.274,0.115,216.1,0.0235
ST012,2016-09-09,0.0,17.7,0.636,0.274,0.115,216.1,0.0245
ST012,2016-09-16,0.0,12.58,0.549,0.274,0.115,216.1,0.026
ST012,2016-09-23,16.59,17.42,0.558,0.274,0.115,216.1,0.1872
ST012,2016-09-30,0.0,15.11,0.524,0.274,0.115,216.1,0.1641
ST012,2016-10-07,0.0,10.93,0.465,0.274,0.115,216.1,0.0489
ST012,2016-10-14,0.0,10.15,0.486,0.274,0.115,216.1,0.0372
ST012,2016-10-21,0.0,11.37,0.445,0.274,0.115,216.1,0.0404
ST012,2016-10-28,1.73,9.03,0.41,0.274,0.115,216.1,0.02
ST012,2016-11-04,0.0,7.36,0.338,0.274,0.115,216.1,0.05
ST012,2016-11-11,0.0,5.74,0.327,0.274,0.115,216.1,0.0418
ST012,2016-11-18,0.0,7.03,0.323,0.274,0.115,216.1,0.0361
ST012,2016-11-25,0.0,4.87,0.222,0.274,0.115,216.1,0.027
ST012,2016-12-02,0.0,3.86,0.267,0.274,0.115,216.1,0.0389
ST012,2016-12-09,0.0,1.6,0.209,0.274,0.115,216.1,0.0337
ST012,2016-12-16,0.0,1.03,0.198,0.274,0.115,216.1,0.0413
ST012,2016-12-23,0.0,2.87,0.194,0.274,0.115,216.1,0.0439
ST012,2016-12-30,0.0,-1.73,0.116,0.274,0.115,216.1,0.0305
ST012,2017-01-06,0.0,0.38,0.084,0.274,0.115,216.1,0.0361
ST012,2017-01-13,0.0,-2.19,0.068,0.274,0.115,216.1,0.0445
ST012,2017-01-20,0.0,-3.2,0.088,0.274,0.115,216.1,0.0319
ST012,2017-01-27,0.0,2.06,0.05,0.274,0.115,216.1,0.0385
ST012,2017-02-03,0.0,1.68,0.05,0.274,0.115,216.1,0.0309
ST012,2017-02-10,0.0,-1.23,0.052,0.274,0.115,216.1,0.0222
ST012,2017-02-17,0.0,5.08,0.101,0.274,0.115,216.1,0.0348
ST012,2017-02-24,0.0,7.38,0.05,0.274,0.115,216.1,0.0352
ST012,2017-03-03,0.0,0.46,0.088,0.274,0.115,216.1,0.0438
ST012,2017-03-10,0.58,4.12,0.102,0.274,0.115,216.1,0.055
ST012,2017-03-17,0.0,4.25,0.189,0.274,0.115,216.1,0.0616
ST012,2017-03-24,0.0,5.22,0.101,0.274,0.115,216.1,0.1137
ST012,2017-03-31,0.0,9.32,0.157,0.274,0.115,216.1,0.0271
ST012,2017-04-07,0.0,11.91,0.146,0.274,0.115,216.1,0.033
ST012,2017-04-14,0.0,10.92,0.222,0.274,0.115,216.1,0.0384
ST012,2017-04-21,0.0,14.72,0.284,0.274,0.115,216.1,0.0316
ST012,2017-04-28,37.45,15.14,0.265,0.274,0.115,216.1,0.2421
ST012,2017-05-05,0.0,14.99,0.351,0.274,0.115,216.1,0.0716
ST012,2017-05-12,0.0,18.21,0.387,0.274,0.115,216.1,0.0498
ST012,2017-05-19,0.0,22.82,0.442,0.274,0.115,216.1,0.028
ST012,2017-05-26,0.0,22.08,0.428,0.274,0.115,216.1,0.0755
ST012,2017-06-02,0.0,22.23,0.427,0.274,0.115,216.1,0.0315
ST012,2017-06-09,0.0,20.25,0.506,0.274,0.115,216.1,0.0257
ST012,2017-06-16,0.0,21.45,0.552,0.274,0.115,216.1,0.0243
ST012,2017-06-23,0.0,16.32,0.543,0.274,0.115,216.1,0.0377
ST012,2017-06-30,0.28,24.92,0.579,0.274,0.115,216.1,0.044
ST012,2017-07-07,0.0,23.67,0.621,0.274,0.115,216.1,0.0683
ST012,2017-07-14,0.0,22.23,0.621,0.274,0.115,216.1,0.0437
ST012,2017-07-21,0.0,23.77,0.595,0.274,0.115,216.1,0.1738
ST012,2017-07-28,3.42,25.01,0.589,0.274,0.115,216.1,0.0597
ST012,2017-08-04,0.0,22.5,0.663,0.274,0.115,216.1,0.0319
ST012,2017-08-11,5.56,22.08,0.637,0.274,0.115,216.1,0.0484
ST012,2017-08-18,0.0,21.03,0.645,0.274,0.115,216.1,0.0786
ST012,2017-08-25,0.0,24.38,0.614,0.274,0.115,216.1,0.0271
ST012,2017-09-01,0.0,17.65,0.61,0.274,0.115,216.1,0.0383
ST012,2017-09-08,0.0,17.47,0.572,0.274,0.115,216.1,0.0627
ST012,2017-09-15,1.12,14.88,0.58,0.274,0.115,216.1,0.0627
ST012,2017-09-22,0.0,16.65,0.619,0.274,0.115,216.1,0.0387
ST012,2017-09-29,9.65,13.14,0.505,0.274,0.115,216.1,0.0775
ST012,2017-10-06,0.0,14.39,0.458,0.274,0.115,216.1,0.0246
ST012,2017-10-13,3.89,12.39,0.513,0.274,0.115,216.1,0.1013
ST012,2017-10-20,0.0,6.59,0.456,0.274,0.115,216.1,0.0663
ST012,2017-10-27,1.95,10.56,0.402,0.274,0.115,216.1,0.022
ST012,2017-11-03,0.0,10.5,0.376,0.274,0.115,216.1,0.02
ST012,2017-11-10,0.0,10.73,0.318,0.274,0.115,216.1,0.0343
ST012,2017-11-17,0.0,5.04,0.288,0.274,0.115,216.1,0.0318
ST012,2017-11-24,0.0,5.94,0.257,0.274,0.115,216.1,0.053
ST012,2017-12-01,0.0,4.48,0.261,0.274,0.115,216.1,0.0271
ST012,2017-12-08,0.0,0.54,0.203,0.274,0.115,216.1,0.0332
ST012,2017-12-15,0.0,4.4,0.167,0.274,0.115,216.1,0.0473
ST012,2017-12-22,0.0,1.39,0.127,0.274,0.115,216.1,0.053
ST012,2017-12-29,0.0,-0.05,0.157,0.274,0.115,216.1,0.0301
ST012,2018-01-05,0.0,-1.66,0.099,0.274,0.115,216.1,0.0438
ST012,2018-01-12,0.0,-1.05,0.122,0.274,0.115,216.1,0.0352
ST012,2018-01-19,0.0,1.34,0.075,0.274,0.115,216.1,0.036
ST012,2018-01-26,0.0,-3.31,0.06,0.274,0.115,216.1,0.0436
ST012,2018-02-02,0.0,-2.25,0.098,0.274,0.115,216.1,0.0347
ST012,2018-02-09,0.0,1.33,0.092,0.274,0.115,216.1,0.0582
ST012,2018-02-16,1.54,4.41,0.05,0.274,0.115,216.1,0.0346
ST012,2018-02-23,12.14,3.72,0.05,0.274,0.115,216.1,0.1033
ST012,2018-03-02,0.0,2.33,0.059,0.274,0.115,216.1,0.0961
ST012,2018-03-09,0.0,5.06,0.05,0.274,0.115,216.1,0.038
ST012,2018-03-16,0.0,10.71,0.14,0.274,0.115,216.1,0.0267
ST012,2018-03-23,0.0,7.81,0.159,0.274,0.115,216.1,0.062
ST012,2018-03-30,0.0,9.2,0.14,0.274,0.115,216.1,0.064
ST012,2018-04-06,0.0,17.79,0.199,0.274,0.115,216.1,0.022
ST012,2018-04-13,0.0,15.48,0.215,0.274,0.115,216.1,0.0273
ST012,2018-04-20,1.37,14.28,0.211,0.274,0.115,216.1,0.024
ST012,2018-04-27,0.0,11.15,0.304,0.274,0.115,216.1,0.128
ST012,2018-05-04,0.0,15.7,0.316,0.274,0.115,216.1,0.0995
ST012,2018-05-11,11.82,19.14,0.342,0.274,0.115,216.1,0.1609
ST012,2018-05-18,0.0,18.0,0.41,0.274,0.115,216.1,0.094
ST012,2018-05-25,0.0,15.68,0.498,0.274,0.115,216.1,0.0343
ST012,2018-06-01,0.0,16.57,0.465,0.274,0.115,216.1,0.0293
ST012,2018-06-08,0.0,18.47,0.459,0.274,0.115,216.1,0.0438
ST012,2018-06-15,11.79,21.41,0.54,0.274,0.115,216.1,0.1383
ST012,2018-06-22,19.33,20.76,0.543,0.274,0.115,216.1,0.1416
ST012,2018-06-29,0.0,18.88,0.546,0.274,0.115,216.1,0.036
ST012,2018-07-06,0.0,24.42,0.608,0.274,0.115,216.1,0.0419
ST012,2018-07-13,0.0,22.41,0.579,0.274,0.115,216.1,0.0255
ST012,2018-07-20,7.45,22.46,0.638,0.274,0.115,216.1,0.0617
ST012,2018-07-27,8.62,20.44,0.669,0.274,0.115,216.1,0.0573
ST012,2018-08-03,0.0,21.0,0.619,0.274,0.115,216.1,0.095
ST012,2018-08-10,0.0,19.8,0.586,0.274,0.115,216.1,0.0315
ST012,2018-08-17,0.0,17.42,0.676,0.274,0.115,216.1,0.0791
ST012,2018-08-24,0.0,19.9,0.599,0.274,0.115,216.1,0.0343
ST012,2018-08-31,0.0,17.13,0.599,0.274,0.115,216.1,0.0281
ST012,2018-09-07,0.83,18.48,0.622,0.274,0.115,216.1,0.02
ST012,2018-09-14,0.85,18.47,0.631,0.274,0.115,216.1,0.02
ST012,2018-09-21,0.0,14.51,0.56,0.274,0.115,216.1,0.0306
ST012,2018-09-28,4.97,16.6,0.498,0.274,0.115,216.1,0.0275
ST012,2018-10-05,0.0,16.75,0.559,0.274,0.115,216.1,0.0332
ST012,2018-10-12,0.0,9.79,0.452,0.274,0.115,216.1,0.02
ST012,2018-10-19,0.0,10.56,0.469,0.274,0.115,216.1,0.0292
ST012,2018-10-26,0.0,16.39,0.393,0.274,0.115,216.1,0.0311
ST012,2018-11-02,0.0,6.79,0.409,0.274,0.115,216.1,0.0355
ST012,2018-11-09,0.0,8.92,0.346,0.274,0.115,216.1,0.0273
ST012,2018-11-16,0.0,5.45,0.287,0.274,0.115,216.1,0.0318
ST012,2018-11-23,0.0,2.37,0.303,0.274,0.115,216.1,0.0552
ST012,2018-11-30,0.0,3.58,0.288,0.274,0.115,216.1,0.0281
ST012,2018-12-07,0.0,2.28,0.201,0.274,0.115,216.1,0.0518
ST012,2018-12-14,0.0,1.29,0.206,0.274,0.115,216.1,0.0376
ST012,2018-12-21,0.0,4.58,0.137,0.274,0.115,216.1,0.0388
ST012,2018-12-28,0.0,-2.53,0.174,0.274,0.115,216.1,0.0286
ST012,2019-01-04,0.0,2.08,0.085,0.274,0.115,216.1,0.0411
ST012,2019-01-11,0.0,1.85,0.051,0.274,0.115,216.1,0.02
ST012,2019-01-18,0.0,-0.7,0.096,0.274,0.115,216.1,0.0266
ST012,2019-01-25,0.0,-1.73,0.092,0.274,0.115,216.1,0.0415
ST012,2019-02-01,0.0,3.48,0.05,0.274,0.115,216.1,0.0386
ST012,2019-02-08,1.81,-1.41,0.06,0.274,0.115,216.1,0.1059
ST012,2019-02-15,0.0,-1.38,0.058,0.274,0.115,216.1,0.0778
ST012,2019-02-22,0.0,1.36,0.07,0.274,0.115,216.1,0.0389
ST012,2019-03-01,0.0,4.65,0.085,0.274,0.115,216.1,0.0364
ST012,2019-03-08,0.0,3.94,0.067,0.274,0.115,216.1,0.0431
ST012,2019-03-15,0.0,2.6,0.117,0.274,0.115,216.1,0.0333
ST012,2019-03-22,0.0,6.3,0.114,0.274,0.115,216.1,0.0776
ST012,2019-03-29,0.0,7.47,0.217,0.274,0.115,216.1,0.0463
ST012,2019-04-05,0.0,10.5,0.175,0.274,0.115,216.1,0.1061
ST012,2019-04-12,1.12,7.75,0.222,0.274,0.115,216.1,0.0493
ST012,2019-04-19,0.0,10.31,0.272,0.274,0.115,216.1,0.3734
ST012,2019-04-26,0.0,14.09,0.241,0.274,0.115,216.1,0.1203
ST012,2019-05-03,0.0,14.49,0.279,0.274,0.115,216.1,0.0851
ST012,2019-05-10,0.0,18.45,0.372,0.274,0.115,216.1,0.042
ST012,2019-05-17,0.0,19.94,0.371,0.274,0.115,216.1,0.0219
ST012,2019-05-24,0.0,20.81,0.425,0.274,0.115,216.1,0.0499
ST012,2019-05-31,0.0,18.82,0.464,0.274,0.115,216.1,0.2067
ST012,2019-06-07,0.0,24.06,0.551,0.274,0.115,216.1,0.0418
ST012,2019-06-14,0.0,20.83,0.519,0.274,0.115,216.1,0.0488
ST012,2019-06-21,8.08,23.63,0.568,0.274,0.115,216.1,0.3017
ST012,2019-06-28,0.0,20.27,0.557,0.274,0.115,216.1,0.0613
ST012,2019-07-05,20.09,23.89,0.551,0.274,0.115,216.1,0.1143
ST012,2019-07-12,0.0,21.64,0.703,0.274,0.115,216.1,0.0283
ST012,2019-07-19,0.0,24.24,0.601,0.274,0.115,216.1,0.0317
ST012,2019-07-26,0.0,20.2,0.61,0.274,0.115,216.1,0.0202
ST012,2019-08-02,0.0,19.71,0.642,0.274,0.115,216.1,0.0274
ST012,2019-08-09,0.0,21.79,0.643,0.274,0.115,216.1,0.0225
ST012,2019-08-16,0.0,21.77,0.601,0.274,0.115,216.1,0.0278
ST012,2019-08-23,0.0,22.22,0.658,0.274,0.115,216.1,0.0349
ST012,2019-08-30,0.0,19.58,0.673,0.274,0.115,216.1,0.0514
ST012,2019-09-06,30.93,16.95,0.586,0.274,0.115,216.1,0.1684
ST012,2019-09-13,0.0,12.29,0.628,0.274,0.115,216.1,0.0284
ST012,2019-09-20,0.0,19.62,0.601,0.274,0.115,216.1,0.0831
ST012,2019-09-27,0.0,13.84,0.572,0.274,0.115,216.1,0.0314
ST012,2019-10-04,0.0,10.08,0.48,0.274,0.115,216.1,0.0301
ST012,2019-10-11,0.0,10.2,0.491,0.274,0.115,216.1,0.0302
ST012,2019-10-18,0.0,10.86,0.462,0.274,0.115,216.1,0.0372
ST012,2019-10-25,0.0,9.08,0.4,0.274,0.115,216.1,0.02
ST012,2019-11-01,0.0,8.81,0.411,0.274,0.115,216.1,0.02
ST012,2019-11-08,0.0,8.91,0.309,0.274,0.115,216.1,0.02
ST012,2019-11-15,0.0,6.11,0.314,0.274,0.115,216.1,0.042
ST012,2019-11-22,0.0,4.8,0.33,0.274,0.115,216.1,0.0201
ST012,2019-11-29,0.0,3.32,0.275,0.274,0.115,216.1,0.0294
ST012,2019-12-06,0.0,3.19,0.173,0.274,0.115,216.1,0.0355
ST012,2019-12-13,0.0,-1.17,0.129,0.274,0.115,216.1,0.0411
ST012,2019-12-20,0.0,1.45,0.199,0.274,0.115,216.1,0.0251
ST012,2019-12-27,2.36,-0.27,0.124,0.274,0.115,216.1,0.0462
ST012,2020-01-03,0.0,2.41,0.11,0.274,0.115,216.1,0.0605
ST012,2020-01-10,0.0,0.45,0.084,0.274,0.115,216.1,0.0206
ST012,2020-01-17,0.0,-0.44,0.091,0.274,0.115,216.1,0.0388
ST012,2020-01-24,0.0,0.5,0.066,0.274,0.115,216.1,0.065
ST012,2020-01-31,0.0,1.6,0.05,0.274,0.115,216.1,0.0504
ST012,2020-02-07,0.0,0.52,0.066,0.274,0.115,216.1,0.02
ST012,2020-02-14,0.0,-1.18,0.084,0.274,0.115,216.1,0.0266
ST012,2020-02-21,0.0,3.49,0.071,0.274,0.115,216.1,0.0265
ST012,2020-02-28,0.0,3.86,0.065,0.274,0.115,216.1,0.1276
ST012,2020-03-06,0.0,10.42,0.092,0.274,0.115,216.1,0.1107
ST012,2020-03-13,0.0,4.18,0.097,0.274,0.115,216.1,0.0714
ST012,2020-03-20,0.0,8.83,0.203,0.274,0.115,216.1,0.0612
ST012,2020-03-27,0.0,10.0,0.171,0.274,0.115,216.1,0.0437
ST012,2020-04-03,0.0,12.11,0.175,0.274,0.115,216.1,0.0471
ST012,2020-04-10,0.0,14.66,0.19,0.274,0.115,216.1,0.0358
ST012,2020-04-17,0.0,7.51,0.21,0.274,0.115,216.1,0.0294
ST012,2020-04-24,0.15,10.7,0.355,0.274,0.115,216.1,0.0365
ST012,2020-05-01,0.0,13.42,0.255,0.274,0.115,216.1,0.0529
ST012,2020-05-08,0.0,14.93,0.305,0.274,0.115,216.1,0.0641
ST012,2020-05-15,0.0,20.48,0.343,0.274,0.115,216.1,0.2618
ST012,2020-05-22,0.0,17.79,0.396,0.274,0.115,216.1,0.1226
ST012,2020-05-29,0.0,19.12,0.409,0.274,0.115,216.1,0.0545
ST012,2020-06-05,0.0,17.32,0.481,0.274,0.115,216.1,0.1219
ST012,2020-06-12,0.0,14.17,0.497,0.274,0.115,216.1,0.1176
ST012,2020-06-19,24.8,23.37,0.535,0.274,0.115,216.1,0.2023
ST012,2020-06-26,0.0,20.67,0.603,0.274,0.115,216.1,0.0282
ST012,2020-07-03,0.0,19.39,0.549,0.274,0.115,216.1,0.1476
ST012,2020-07-10,0.0,25.15,0.583,0.274,0.115,216.1,0.02
ST012,2020-07-17,0.0,25.19,0.598,0.274,0.115,216.1,0.0618
ST012,2020-07-24,0.0,18.48,0.649,0.274,0.115,216.1,0.0295
ST012,2020-07-31,0.0,20.99,0.654,0.274,0.115,216.1,0.0398
ST012,2020-08-07,0.0,22.06,0.64,0.274,0.115,216.1,0.0263
ST012,2020-08-14,9.8,21.86,0.669,0.274,0.115,216.1,0.0619
ST012,2020-08-21,0.0,20.25,0.653,0.274,0.115,216.1,0.0332
ST012,2020-08-28,11.95,18.57,0.665,0.274,0.115,216.1,0.1176
ST012,2020-09-04,9.87,16.16,0.544,0.274,0.115,216.1,0.0746
ST012,2020-09-11,0.0,16.31,0.577,0.274,0.115,216.1,0.03
ST012,2020-09-18,0.0,13.51,0.575,0.274,0.115,216.1,0.0384
ST012,2020-09-25,0.0,15.45,0.524,0.274,0.115,216.1,0.0421
ST012,2020-10-02,0.0,13.25,0.539,0.274,0.115,216.1,0.0254
ST012,2020-10-09,0.0,13.47,0.501,0.274,0.115,216.1,0.0202
ST012,2020-10-16,0.0,8.99,0.469,0.274,0.115,216.1,0.0314
ST012,2020-10-23,0.0,12.12,0.38,0.274,0.115,216.1,0.0336
ST012,2020-10-30,0.0,11.58,0.428,0.274,0.115,216.1,0.0391
ST012,2020-11-06,0.0,7.51,0.364,0.274,0.115,216.1,0.0346
ST012,2020-11-13,0.0,2.08,0.32,0.274,0.115,216.1,0.0279
ST012,2020-11-20,0.0,9.77,0.322,0.274,0.115,216.1,0.0371
ST012,2020-11-27,0.0,-1.29,0.309,0.274,0.115,216.1,0.02
ST012,2020-12-04,0.0,1.94,0.197,0.274,0.115,216.1,0.0427
ST012,2020-12-11,0.0,0.89,0.25,0.274,0.115,216.1,0.02
ST012,2020-12-18,0.0,4.67,0.148,0.274,0.115,216.1,0.0294
ST012,2020-12-25,0.0,0.36,0.165,0.274,0.115,216.1,0.029
ST013,2016-01-01,10.12,-4.1,0.135,0.574,0.068,1332.2,0.2584
ST013,2016-01-08,0.0,-6.51,0.162,0.574,0.068,1332.2,0.0904
ST013,2016-01-15,0.0,-5.73,0.195,0.574,0.068,1332.2,0.0619
ST013,2016-01-22,0.0,-7.1,0.111,0.574,0.068,1332.2,0.0597
ST013,2016-01-29,0.0,-2.57,0.123,0.574,0.068,1332.2,0.02
ST013,2016-02-05,0.0,-5.98,0.086,0.574,0.068,1332.2,0.0512
ST013,2016-02-12,0.0,-3.56,0.066,0.574,0.068,1332.2,0.0415
ST013,2016-02-19,0.0,-2.62,0.108,0.574,0.068,1332.2,0.0558
ST013,2016-02-26,0.0,-0.46,0.078,0.574,0.068,1332.2,0.0257
ST013,2016-03-04,0.0,-4.22,0.197,0.574,0.068,1332.2,0.0307
ST013,2016-03-11,0.0,-0.98,0.133,0.574,0.068,1332.2,0.0399
ST013,2016-03-18,9.13,0.47,0.203,0.574,0.068,1332.2,0.1783
ST013,2016-03-25,0.0,1.16,0.204,0.574,0.068,1332.2,0.0895
ST013,2016-04-01,0.0,1.24,0.188,0.574,0.068,1332.2,0.1084
ST013,2016-04-08,1.65,-0.59,0.191,0.574,0.068,1332.2,0.0597
ST013,2016-04-15,0.0,3.8,0.294,0.574,0.068,1332.2,0.1185
ST013,2016-04-22,17.07,3.33,0.297,0.574,0.068,1332.2,0.1602
ST013,2016-04-29,0.0,8.0,0.288,0.574,0.068,1332.2,0.0615
ST013,2016-05-06,34.02,3.98,0.287,0.574,0.068,1332.2,0.2963
ST013,2016-05-13,0.0,9.09,0.352,0.574,0.068,1332.2,0.0893
ST013,2016-05-20,0.0,8.31,0.384,0.574,0.068,1332.2,0.0378
ST013,2016-05-27,0.0,11.12,0.411,0.574,0.068,1332.2,0.0757
ST013,2016-06-03,0.0,13.58,0.426,0.574,0.068,1332.2,0.1074
ST013,2016-06-10,0.0,14.15,0.496,0.574,0.068,1332.2,0.0627
ST013,2016-06-17,0.0,15.03,0.461,0.574,0.068,1332.2,0.0537
ST013,2016-06-24,1.21,15.05,0.493,0.574,0.068,1332.2,0.0311
ST013,2016-07-01,0.0,13.99,0.543,0.574,0.068,1332.2,0.0694
ST013,2016-07-08,19.44,16.05,0.533,0.574,0.068,1332.2,0.1192
ST013,2016-07-15,0.0,12.52,0.53,0.574,0.068,1332.2,0.0317
ST013,2016-07-22,0.0,11.81,0.592,0.574,0.068,1332.2,0.02
ST013,2016-07-29,18.04,20.06,0.565,0.574,0.068,1332.2,0.1315
ST013,2016-08-05,0.0,12.43,0.591,0.574,0.068,1332.2,0.0302
ST013,2016-08-12,0.0,15.45,0.507,0.574,0.068,1332.2,0.0252
ST013,2016-08-19,0.0,13.66,0.577,0.574,0.068,1332.2,0.1531
ST013,2016-08-26,0.0,12.89,0.529,0.574,0.068,1332.2,0.0225
ST013,2016-09-02,0.0,13.16,0.576,0.574,0.068,1332.2,0.0816
ST013,2016-09-09,7.11,11.72,0.533,0.574,0.068,1332.2,0.0614
ST013,2016-09-16,11.14,8.8,0.53,0.574,0.068,1332.2,0.1132
ST013,2016-09-23,0.0,5.72,0.565,0.574,0.068,1332.2,0.0277
ST013,2016-09-30,0.0,6.79,0.513,0.574,0.068,1332.2,0.0437
ST013,2016-10-07,0.0,5.71,0.467,0.574,0.068,1332.2,0.02
ST013,2016-10-14,0.0,5.21,0.423,0.574,0.068,1332.2,0.024
ST013,2016-10-21,0.0,2.45,0.404,0.574,0.068,1332.2,0.0282
ST013,2016-10-28,0.0,-1.99,0.423,0.574,0.068,1332.2,0.0227
ST013,2016-11-04,0.0,1.88,0.328,0.574,0.068,1332.2,0.0341
ST013,2016-11-11,0.31,-1.74,0.32,0.574,0.068,1332.2,0.03
ST013,2016-11-18,0.0,0.95,0.351,0.574,0.068,1332.2,0.0736
ST013,2016-11-25,0.0,-4.02,0.286,0.574,0.068,1332.2,0.0343
ST013,2016-12-02,0.0,-4.14,0.253,0.574,0.068,1332.2,0.0461
ST013,2016-12-09,0.0,-5.84,0.238,0.574,0.068,1332.2,0.0253
ST013,2016-12-16,0.0,-2.41,0.199,0.574,0.068,1332.2,0.0314
ST013,2016-12-23,0.0,-0.15,0.138,0.574,0.068,1332.2,0.029
ST013,2016-12-30,0.0,-6.88,0.172,0.574,0.068,1332.2,0.0341
ST013,2017-01-06,0.0,-4.92,0.115,0.574,0.068,1332.2,0.0313
ST013,2017-01-13,0.0,-3.73,0.179,0.574,0.068,1332.2,0.0253
ST013,2017-01-20,0.0,-7.36,0.142,0.574,0.068,1332.2,0.0374
ST013,2017-01-27,0.0,-6.37,0.099,0.574,0.068,1332.2,0.0277
ST013,2017-02-03,0.0,-5.17,0.098,0.574,0.068,1332.2,0.0332
ST013,2017-02-10,0.0,-7.93,0.087,0.574,0.068,1332.2,0.0285
ST013,2017-02-17,0.0,-6.95,0.05,0.574,0.068,1332.2,0.02
ST013,2017-02-24,0.0,-0.16,0.155,0.574,0.068,1332.2,0.0325
ST013,2017-03-03,0.0,-0.3,0.129,0.574,0.068,1332.2,0.0597
ST013,2017-03-10,0.0,-4.61,0.145,0.574,0.068,1332.2,0.0316
ST013,2017-03-17,0.0,-3.58,0.112,0.574,0.068,1332.2,0.0478
ST013,2017-03-24,0.0,0.92,0.226,0.574,0.068,1332.2,0.038
ST013,2017-03-31,0.0,-0.19,0.211,0.574,0.068,1332.2,0.0336
ST013,2017-04-07,15.35,2.51,0.202,0.574,0.068,1332.2,0.1212
ST013,2017-04-14,0.0,1.91,0.245,0.574,0.068,1332.2,0.0301
ST013,2017-04-21,0.0,0.64,0.28,0.574,0.068,1332.2,0.0332
ST013,2017-04-28,4.89,9.19,0.314,0.574,0.068,1332.2,0.054
ST013,2017-05-05,0.0,10.09,0.282,0.574,0.068,1332.2,0.1975
ST013,2017-05-12,0.0,10.24,0.307,0.574,0.068,1332.2,0.131
ST013,2017-05-19,7.41,10.0,0.371,0.574,0.068,1332.2,0.0897
ST013,2017-05-26,0.0,14.64,0.41,0.574,0.068,1332.2,0.0718
ST013,2017-06-02,25.97,13.3,0.428,0.574,0.068,1332.2,0.1323
ST013,2017-06-09,0.0,9.81,0.517,0.574,0.068,1332.2,0.2574
ST013,2017-06-16,7.34,15.96,0.476,0.574,0.068,1332.2,0.1828
ST013,2017-06-23,0.0,12.72,0.515,0.574,0.068,1332.2,0.1044
ST013,2017-06-30,0.0,16.15,0.572,0.574,0.068,1332.2,0.0398
ST013,2017-07-07,0.0,14.24,0.524,0.574,0.068,1332.2,0.1099
ST013,2017-07-14,0.0,15.29,0.571,0.574,0.068,1332.2,0.0769
ST013,2017-07-21,0.0,10.59,0.575,0.574,0.068,1332.2,0.02
ST013,2017-07-28,0.0,17.21,0.564,0.574,0.068,1332.2,0.035
ST013,2017-08-04,0.0,15.31,0.522,0.574,0.068,1332.2,0.2035
ST013,2017-08-11,0.0,16.41,0.548,0.574,0.068,1332.2,0.0257
ST013,2017-08-18,0.0,14.61,0.577,0.574,0.068,1332.2,0.0673
ST013,2017-08-25,0.0,12.9,0.562,0.574,0.068,1332.2,0.035
ST013,2017-09-01,0.0,9.47,0.583,0.574,0.068,1332.2,0.0516
ST013,2017-09-08,0.0,10.59,0.557,0.574,0.068,1332.2,0.0668
ST013,2017-09-15,0.0,10.69,0.558,0.574,0.068,1332.2,0.0243
ST013,2017-09-22,0.0,11.23,0.559,0.574,0.068,1332.2,0.0426
ST013,2017-09-29,0.0,9.3,0.506,0.574,0.068,1332.2,0.0248
ST013,2017-10-06,0.0,10.61,0.461,0.574,0.068,1332.2,0.0326
ST013,2017-10-13,0.0,1.69,0.468,0.574,0.068,1332.2,0.0396
ST013,2017-10-20,0.0,6.98,0.4,0.574,0.068,1332.2,0.04
ST013,2017-10-27,0.0,-0.68,0.422,0.574,0.068,1332.2,0.0201
ST013,2017-11-03,0.0,4.89,0.341,0.574,0.068,1332.2,0.0241
ST013,2017-11-10,0.0,0.01,0.378,0.574,0.068,1332.2,0.02
ST013,2017-11-17,0.0,2.87,0.281,0.574,0.068,1332.2,0.02
ST013,2017-11-24,0.0,-3.7,0.327,0.574,0.068,1332.2,0.0268
ST013,2017-12-01,0.0,-6.74,0.265,0.574,0.068,1332.2,0.0568
ST013,2017-12-08,0.0,-0.53,0.27,0.574,0.068,1332.2,0.0423
ST013,2017-12-15,0.0,-6.04,0.272,0.574,0.068,1332.2,0.02
ST013,2017-12-22,0.0,-5.66,0.181,0.574,0.068,1332.2,0.0288
ST013,2017-12-29,0.0,-4.79,0.205,0.574,0.068,1332.2,0.02
ST013,2018-01-05,0.0,-3.55,0.203,0.574,0.068,1332.2,0.0221
ST013,2018-01-12,0.0,-8.55,0.111,0.574,0.068,1332.2,0.0632
ST013,2018-01-19,0.0,-8.05,0.116,0.574,0.068,1332.2,0.0476
ST013,2018-01-26,0.0,-8.28,0.158,0.574,0.068,1332.2,0.053
ST013,2018-02-02,0.0,-6.86,0.099,0.574,0.068,1332.2,0.133
ST013,2018-02-09,0.0,-2.91,0.074,0.574,0.068,1332.2,0.1325
ST013,2018-02-16,0.0,-3.21,0.125,0.574,0.068,1332.2,0.0604
ST013,2018-02-23,10.83,-5.99,0.171,0.574,0.068,1332.2,0.0914
ST013,2018-03-02,0.0,-2.82,0.117,0.574,0.068,1332.2,0.0421
ST013,2018-03-09,5.69,-2.9,0.148,0.574,0.068,1332.2,0.0792
ST013,2018-03-16,0.0,1.74,0.129,0.574,0.068,1332.2,0.0349
ST013,2018-03-23,0.0,-1.73,0.159,0.574,0.068,1332.2,0.127
ST013,2018-03-30,0.0,1.24,0.211,0.574,0.068,1332.2,0.3233
ST013,2018-04-06,30.52,0.78,0.179,0.574,0.068,1332.2,0.3338
ST013,2018-04-13,0.0,4.56,0.206,0.574,0.068,1332.2,0.1497
ST013,2018-04-20,0.0,4.94,0.258,0.574,0.068,1332.2,0.3132
ST013,2018-04-27,0.0,4.05,0.291,0.574,0.068,1332.2,0.0768
ST013,2018-05-04,32.19,5.47,0.312,0.574,0.068,1332.2,0.2531
ST013,2018-05-11,0.0,8.87,0.362,0.574,0.068,1332.2,0.2142
ST013,2018-05-18,0.0,12.47,0.378,0.574,0.068,1332.2,0.1085
ST013,2018-05-25,0.0,14.4,0.358,0.574,0.068,1332.2,0.02
ST013,2018-06-01,0.0,13.38,0.435,0.574,0.068,1332.2,0.0579
ST013,2018-06-08,0.0,11.05,0.52,0.574,0.068,1332.2,0.0327
ST013,2018-06-15,0.0,15.16,0.506,0.574,0.068,1332.2,0.027
ST013,2018-06-22,23.38,16.61,0.53,0.574,0.068,1332.2,0.1741
ST013,2018-06-29,0.0,15.84,0.498,0.574,0.068,1332.2,0.0534
ST013,2018-07-06,23.36,10.96,0.504,0.574,0.068,1332.2,0.228
ST013,2018-07-13,0.0,11.88,0.569,0.574,0.068,1332.2,0.0683
ST013,2018-07-20,9.25,15.61,0.572,0.574,0.068,1332.2,0.1165
ST013,2018-07-27,0.86,10.44,0.572,0.574,0.068,1332.2,0.0313
ST013,2018-08-03,0.0,11.24,0.582,0.574,0.068,1332.2,0.0264
ST013,2018-08-10,0.0,12.74,0.573,0.574,0.068,1332.2,0.0328
ST013,2018-08-17,0.0,13.55,0.568,0.574,0.068,1332.2,0.0335
ST013,2018-08-24,12.56,8.25,0.577,0.574,0.068,1332.2,0.1409
ST013,2018-08-31,0.0,11.7,0.579,0.574,0.068,1332.2,0.0303
ST013,2018-09-07,0.0,9.25,0.554,0.574,0.068,1332.2,0.0248
ST013,2018-09-14,0.0,9.15,0.589,0.574,0.068,1332.2,0.0351
ST013,2018-09-21,0.0,7.58,0.573,0.574,0.068,1332.2,0.0222
ST013,2018-09-28,0.0,6.07,0.469,0.574,0.068,1332.2,0.0362
ST013,2018-10-05,0.0,8.12,0.551,0.574,0.068,1332.2,0.02
ST013,2018-10-12,0.0,2.72,0.477,0.574,0.068,1332.2,0.0374
ST013,2018-10-19,15.03,3.78,0.437,0.574,0.068,1332.2,0.1719
ST013,2018-10-26,0.0,-3.28,0.412,0.574,0.068,1332.2,0.0491
ST013,2018-11-02,0.0,0.16,0.373,0.574,0.068,1332.2,0.02
ST013,2018-11-09,0.0,2.19,0.292,0.574,0.068,1332.2,0.0223
ST013,2018-11-16,0.0,-4.25,0.281,0.574,0.068,1332.2,0.042
ST013,2018-11-23,0.0,-4.68,0.264,0.574,0.068,1332.2,0.0546
ST013,2018-11-30,0.0,-3.77,0.286,0.574,0.068,1332.2,0.0221
ST013,2018-12-07,0.0,-7.32,0.206,0.574,0.068,1332.2,0.0362
ST013,2018-12-14,0.0,-5.27,0.212,0.574,0.068,1332.2,0.0477
ST013,2018-12-21,0.0,-10.3,0.182,0.574,0.068,1332.2,0.0359
ST013,2018-12-28,0.0,-8.48,0.185,0.574,0.068,1332.2,0.0302
ST013,2019-01-04,0.0,-4.59,0.162,0.574,0.068,1332.2,0.0651
ST013,2019-01-11,0.0,-5.77,0.125,0.574,0.068,1332.2,0.0359
ST013,2019-01-18,0.0,-5.27,0.128,0.574,0.068,1332.2,0.0335
ST013,2019-01-25,1.03,-6.86,0.153,0.574,0.068,1332.2,0.1061
ST013,2019-02-01,0.0,-7.83,0.18,0.574,0.068,1332.2,0.0634
ST013,2019-02-08,0.0,-7.19,0.16,0.574,0.068,1332.2,0.0254
ST013,2019-02-15,0.0,-6.84,0.074,0.574,0.068,1332.2,0.0348
ST013,2019-02-22,0.0,-5.29,0.164,0.574,0.068,1332.2,0.0318
ST013,2019-03-01,0.0,-0.75,0.133,0.574,0.068,1332.2,0.0645
ST013,2019-03-08,0.0,-6.9,0.113,0.574,0.068,1332.2,0.0339
ST013,2019-03-15,0.0,-1.05,0.117,0.574,0.068,1332.2,0.0265
ST013,2019-03-22,2.9,-0.66,0.165,0.574,0.068,1332.2,0.0591
ST013,2019-03-29,0.0,0.86,0.2,0.574,0.068,1332.2,0.0423
ST013,2019-04-05,0.0,-1.07,0.213,0.574,0.068,1332.2,0.024
ST013,2019-04-12,0.0,5.36,0.281,0.574,0.068,1332.2,0.0409
ST013,2019-04-19,6.18,4.07,0.271,0.574,0.068,1332.2,0.2316
ST013,2019-04-26,0.0,9.64,0.293,0.574,0.068,1332.2,0.0562
ST013,2019-05-03,0.0,2.85,0.331,0.574,0.068,1332.2,0.1267
ST013,2019-05-10,0.0,8.57,0.338,0.574,0.068,1332.2,0.034
ST013,2019-05-17,0.0,9.08,0.343,0.574,0.068,1332.2,0.0296
ST013,2019-05-24,6.74,10.08,0.429,0.574,0.068,1332.2,0.3026
ST013,2019-05-31,0.0,13.45,0.464,0.574,0.068,1332.2,0.1308
ST013,2019-06-07,12.47,12.62,0.481,0.574,0.068,1332.2,0.1157
ST013,2019-06-14,0.0,12.34,0.445,0.574,0.068,1332.2,0.0575
ST013,2019-06-21,43.32,15.57,0.539,0.574,0.068,1332.2,0.2962
ST013,2019-06-28,0.0,15.38,0.483,0.574,0.068,1332.2,0.1469
ST013,2019-07-05,0.0,18.26,0.513,0.574,0.068,1332.2,0.0523
ST013,2019-07-12,31.38,15.24,0.601,0.574,0.068,1332.2,0.3353
ST013,2019-07-19,7.39,17.64,0.584,0.574,0.068,1332.2,0.109
ST013,2019-07-26,15.51,18.27,0.598,0.574,0.068,1332.2,0.0908
ST013,2019-08-02,0.0,15.26,0.582,0.574,0.068,1332.2,0.0212
ST013,2019-08-09,0.0,14.54,0.551,0.574,0.068,1332.2,0.0325
ST013,2019-08-16,0.0,12.4,0.58,0.574,0.068,1332.2,0.02
ST013,2019-08-23,0.0,13.28,0.611,0.574,0.068,1332.2,0.0297
ST013,2019-08-30,0.0,13.65,0.597,0.574,0.068,1332.2,0.1683
ST013,2019-09-06,0.0,15.79,0.601,0.574,0.068,1332.2,0.02
ST013,2019-09-13,0.0,14.01,0.508,0.574,0.068,1332.2,0.0281
ST013,2019-09-20,0.0,6.26,0.529,0.574,0.068,1332.2,0.0345
ST013,2019-09-27,0.0,6.57,0.515,0.574,0.068,1332.2,0.0351
ST013,2019-10-04,0.0,1.92,0.463,0.574,0.068,1332.2,0.0694
ST013,2019-10-11,0.0,7.4,0.519,0.574,0.068,1332.2,0.0404
ST013,2019-10-18,0.0,5.31,0.464,0.574,0.068,1332.2,0.0275
ST013,2019-10-25,0.0,5.41,0.382,0.574,0.068,1332.2,0.02
ST013,2019-11-01,0.0,4.92,0.403,0.574,0.068,1332.2,0.0214
ST013,2019-11-08,0.0,-2.86,0.388,0.574,0.068,1332.2,0.0339
ST013,2019-11-15,0.0,-0.38,0.366,0.574,0.068,1332.2,0.0428
ST013,2019-11-22,0.0,0.58,0.254,0.574,0.068,1332.2,0.0276
ST013,2019-11-29,0.0,-6.27,0.221,0.574,0.068,1332.2,0.0224
ST013,2019-12-06,0.0,-1.46,0.222,0.574,0.068,1332.2,0.02
ST013,2019-12-13,0.0,-0.81,0.262,0.574,0.068,1332.2,0.034
ST013,2019-12-20,0.0,-1.59,0.149,0.574,0.068,1332.2,0.0295
ST013,2019-12-27,0.0,-1.46,0.169,0.574,0.068,1332.2,0.0273
ST013,2020-01-03,0.0,-4.56,0.186,0.574,0.068,1332.2,0.025
ST013,2020-01-10,0.0,-7.34,0.147,0.574,0.068,1332.2,0.0228
ST013,2020-01-17,0.0,-8.75,0.156,0.574,0.068,1332.2,0.045
ST013,2020-01-24,0.0,-4.36,0.151,0.574,0.068,1332.2,0.0338
ST013,2020-01-31,0.0,-8.1,0.096,0.574,0.068,1332.2,0.0318
ST013,2020-02-07,0.0,-9.6,0.072,0.574,0.068,1332.2,0.0984
ST013,2020-02-14,7.04,-6.44,0.114,0.574,0.068,1332.2,0.2214
ST013,2020-02-21,0.0,-6.53,0.144,0.574,0.068,1332.2,0.2003
ST013,2020-02-28,8.07,-4.19,0.162,0.574,0.068,1332.2,0.142
ST013,2020-03-06,0.0,-0.61,0.172,0.574,0.068,1332.2,0.0618
ST013,2020-03-13,6.91,-4.7,0.16,0.574,0.068,1332.2,0.0614
ST013,2020-03-20,0.0,-0.43,0.191,0.574,0.068,1332.2,0.1572
ST013,2020-03-27,0.0,3.35,0.129,0.574,0.068,1332.2,0.0652
ST013,2020-04-03,0.0,1.46,0.243,0.574,0.068,1332.2,0.2231
ST013,2020-04-10,52.52,6.97,0.184,0.574,0.068,1332.2,0.3989
ST013,2020-04-17,0.0,5.93,0.191,0.574,0.068,1332.2,0.1842
ST013,2020-04-24,0.0,7.36,0.265,0.574,0.068,1332.2,0.1576
ST013,2020-05-01,0.0,5.03,0.336,0.574,0.068,1332.2,0.1691
ST013,2020-05-08,0.0,7.83,0.299,0.574,0.068,1332.2,0.1067
ST013,2020-05-15,0.0,12.93,0.377,0.574,0.068,1332.2,0.1852
ST013,2020-05-22,4.06,10.81,0.461,0.574,0.068,1332.2,0.2854
ST013,2020-05-29,0.0,12.6,0.411,0.574,0.068,1332.2,0.3217
ST013,2020-06-05,29.01,12.52,0.505,0.574,0.068,1332.2,0.3893
ST013,2020-06-12,0.0,13.31,0.494,0.574,0.068,1332.2,0.1091
ST013,2020-06-19,0.0,13.14,0.482,0.574,0.068,1332.2,0.0852
ST013,2020-06-26,0.0,17.14,0.453,0.574,0.068,1332.2,0.0257
ST013,2020-07-03,0.0,13.84,0.537,0.574,0.068,1332.2,0.1561
ST013,2020-07-10,0.0,17.11,0.539,0.574,0.068,1332.2,0.0281
ST013,2020-07-17,0.0,13.28,0.569,0.574,0.068,1332.2,0.02
ST013,2020-07-24,0.0,12.94,0.621,0.574,0.068,1332.2,0.0246
ST013,2020-07-31,0.0,13.08,0.619,0.574,0.068,1332.2,0.0387
ST013,2020-08-07,0.0,11.08,0.601,0.574,0.068,1332.2,0.153
ST013,2020-08-14,0.0,14.86,0.564,0.574,0.068,1332.2,0.0291
ST013,2020-08-21,0.0,10.95,0.561,0.574,0.068,1332.2,0.0578
ST013,2020-08-28,0.84,10.08,0.561,0.574,0.068,1332.2,0.0348
ST013,2020-09-04,0.0,10.0,0.574,0.574,0.068,1332.2,0.02
ST013,2020-09-11,0.0,9.63,0.592,0.574,0.068,1332.2,0.0347
ST013,2020-09-18,0.0,11.71,0.507,0.574,0.068,1332.2,0.02
ST013,2020-09-25,0.0,11.96,0.482,0.574,0.068,1332.2,0.025
ST013,2020-10-02,3.31,6.93,0.487,0.574,0.068,1332.2,0.0313
ST013,2020-10-09,0.0,8.62,0.471,0.574,0.068,1332.2,0.026
ST013,2020-10-16,10.64,4.21,0.444,0.574,0.068,1332.2,0.071
ST013,2020-10-23,0.0,3.6,0.401,0.574,0.068,1332.2,0.0277
ST013,2020-10-30,0.0,1.59,0.339,0.574,0.068,1332.2,0.1161
ST013,2020-11-06,0.0,0.86,0.356,0.574,0.068,1332.2,0.0515
ST013,2020-11-13,0.0,-0.11,0.333,0.574,0.068,1332.2,0.0346
ST013,2020-11-20,0.0,-2.52,0.33,0.574,0.068,1332.2,0.0293
ST013,2020-11-27,0.0,-5.72,0.267,0.574,0.068,1332.2,0.0408
ST013,2020-12-04,0.0,-5.66,0.291,0.574,0.068,1332.2,0.0831
ST013,2020-12-11,0.0,-8.68,0.227,0.574,0.068,1332.2,0.0685
ST013,2020-12-18,0.0,-0.02,0.19,0.574,0.068,1332.2,0.0337
ST013,2020-12-25,0.0,-4.78,0.17,0.574,0.068,1332.2,0.0756
ST014,2016-01-01,0.0,-5.5,0.123,0.249,0.158,1296.7,0.263
ST014,2016-01-08,0.0,-7.51,0.162,0.249,0.158,1296.7,0.1191
ST014,2016-01-15,0.0,-12.61,0.097,0.249,0.158,1296.7,0.0683
ST014,2016-01-22,0.0,-9.88,0.128,0.249,0.158,1296.7,0.0565
ST014,2016-01-29,0.0,-3.98,0.141,0.249,0.158,1296.7,0.0316
ST014,2016-02-05,0.0,-5.72,0.099,0.249,0.158,1296.7,0.0294
ST014,2016-02-12,0.0,-3.32,0.074,0.249,0.158,1296.7,0.0443
ST014,2016-02-19,0.0,-3.16,0.084,0.249,0.158,1296.7,0.1191
ST014,2016-02-26,0.0,-2.52,0.146,0.249,0.158,1296.7,0.0575
ST014,2016-03-04,0.0,-0.28,0.22,0.249,0.158,1296.7,0.0375
ST014,2016-03-11,0.0,-2.26,0.191,0.249,0.158,1296.7,0.1232
ST014,2016-03-18,0.0,1.27,0.118,0.249,0.158,1296.7,0.158
ST014,2016-03-25,3.92,-0.7,0.21,0.249,0.158,1296.7,0.1185
ST014,2016-04-01,15.82,1.02,0.176,0.249,0.158,1296.7,0.1577
ST014,2016-04-08,0.0,1.39,0.207,0.249,0.158,1296.7,0.1806
ST014,2016-04-15,0.0,6.25,0.285,0.249,0.158,1296.7,0.0696
ST014,2016-04-22,0.0,6.02,0.296,0.249,0.158,1296.7,0.2265
ST014,2016-04-29,0.0,7.3,0.301,0.249,0.158,1296.7,0.1466
ST014,2016-05-06,0.0,8.34,0.335,0.249,0.158,1296.7,0.107
ST014,2016-05-13,7.6,7.46,0.3,0.249,0.158,1296.7,0.1165
ST014,2016-05-20,0.0,9.5,0.388,0.249,0.158,1296.7,0.1159
ST014,2016-05-27,5.25,6.66,0.45,0.249,0.158,1296.7,0.2193
ST014,2016-06-03,0.0,10.91,0.498,0.249,0.158,1296.7,0.1483
ST014,2016-06-10,0.0,10.46,0.509,0.249,0.158,1296.7,0.1138
ST014,2016-06-17,0.0,9.38,0.545,0.249,0.158,1296.7,0.0414
ST014,2016-06-24,0.0,13.38,0.571,0.249,0.158,1296.7,0.0679
ST014,2016-07-01,0.0,18.7,0.544,0.249,0.158,1296.7,0.0968
ST014,2016-07-08,0.0,16.2,0.553,0.249,0.158,1296.7,0.0668
ST014,2016-07-15,27.44,12.96,0.584,0.249,0.158,1296.7,0.1744
ST014,2016-07-22,22.26,16.66,0.551,0.249,0.158,1296.7,0.2403
ST014,2016-07-29,0.0,15.95,0.63,0.249,0.158,1296.7,0.1168
ST014,2016-08-05,0.0,13.74,0.596,0.249,0.158,1296.7,0.038
ST014,2016-08-12,0.0,17.99,0.561,0.249,0.158,1296.7,0.0436
ST014,2016-08-19,6.15,12.61,0.617,0.249,0.158,1296.7,0.0645
ST014,2016-08-26,0.0,11.89,0.536,0.249,0.158,1296.7,0.0282
ST014,2016-09-02,0.0,13.97,0.627,0.249,0.158,1296.7,0.0517
ST014,2016-09-09,0.0,8.48,0.498,0.249,0.158,1296.7,0.032
ST014,2016-09-16,0.0,8.52,0.501,0.249,0.158,1296.7,0.0463
ST014,2016-09-23,0.0,5.27,0.467,0.249,0.158,1296.7,0.0229
ST014,2016-09-30,7.83,9.35,0.493,0.249,0.158,1296.7,0.0755
ST014,2016-10-07,0.0,10.16,0.423,0.249,0.158,1296.7,0.0478
ST014,2016-10-14,0.0,4.16,0.434,0.249,0.158,1296.7,0.031
ST014,2016-10-21,1.54,4.21,0.457,0.249,0.158,1296.7,0.0429
ST014,2016-10-28,0.0,1.12,0.376,0.249,0.158,1296.7,0.0267
ST014,2016-11-04,0.0,0.82,0.417,0.249,0.158,1296.7,0.0391
ST014,2016-11-11,0.0,-0.41,0.3,0.249,0.158,1296.7,0.0302
ST014,2016-11-18,0.0,1.4,0.254,0.249,0.158,1296.7,0.0316
ST014,2016-11-25,0.0,-8.2,0.313,0.249,0.158,1296.7,0.0346
ST014,2016-12-02,2.7,-4.23,0.224,0.249,0.158,1296.7,0.0501
ST014,2016-12-09,0.0,-5.82,0.147,0.249,0.158,1296.7,0.0392
ST014,2016-12-16,0.0,-5.43,0.183,0.249,0.158,1296.7,0.044
ST014,2016-12-23,0.0,-5.14,0.166,0.249,0.158,1296.7,0.0347
ST014,2016-12-30,0.0,-2.15,0.161,0.249,0.158,1296.7,0.057
ST014,2017-01-06,0.0,-6.72,0.118,0.249,0.158,1296.7,0.0424
ST014,2017-01-13,0.0,-7.01,0.143,0.249,0.158,1296.7,0.069
ST014,2017-01-20,0.51,-8.66,0.12,0.249,0.158,1296.7,0.0502
ST014,2017-01-27,0.0,-3.94,0.135,0.249,0.158,1296.7,0.1613
ST014,2017-02-03,0.0,-4.72,0.138,0.249,0.158,1296.7,0.0455
ST014,2017-02-10,0.0,-2.69,0.12,0.249,0.158,1296.7,0.2053
ST014,2017-02-17,1.61,-6.23,0.12,0.249,0.158,1296.7,0.1775
ST014,2017-02-24,0.0,-3.01,0.118,0.249,0.158,1296.7,0.1012
ST014,2017-03-03,0.73,-5.51,0.131,0.249,0.158,1296.7,0.0892
ST014,2017-03-10,18.85,-0.78,0.183,0.249,0.158,1296.7,0.1767
ST014,2017-03-17,0.0,-2.96,0.187,0.249,0.158,1296.7,0.0789
ST014,2017-03-24,5.65,1.65,0.15,0.249,0.158,1296.7,0.0969
ST014,2017-03-31,0.0,-1.92,0.234,0.249,0.158,1296.7,0.1139
ST014,2017-04-07,0.0,3.41,0.206,0.249,0.158,1296.7,0.0751
ST014,2017-04-14,0.0,4.25,0.203,0.249,0.158,1296.7,0.2426
ST014,2017-04-21,0.0,5.66,0.257,0.249,0.158,1296.7,0.1069
ST014,2017-04-28,0.0,6.86,0.319,0.249,0.158,1296.7,0.0625
ST014,2017-05-05,24.13,7.96,0.35,0.249,0.158,1296.7,0.296
ST014,2017-05-12,0.0,10.78,0.348,0.249,0.158,1296.7,0.1466
ST014,2017-05-19,21.37,15.25,0.372,0.249,0.158,1296.7,0.2249
ST014,2017-05-26,14.07,12.13,0.452,0.249,0.158,1296.7,0.2528
ST014,2017-06-02,0.0,9.15,0.461,0.249,0.158,1296.7,0.1112
ST014,2017-06-09,0.0,13.36,0.469,0.249,0.158,1296.7,0.0271
ST014,2017-06-16,0.0,15.19,0.514,0.249,0.158,1296.7,0.0253
ST014,2017-06-23,0.0,14.8,0.501,0.249,0.158,1296.7,0.121
ST014,2017-06-30,1.99,12.31,0.533,0.249,0.158,1296.7,0.0265
ST014,2017-07-07,11.69,12.47,0.602,0.249,0.158,1296.7,0.1087
ST014,2017-07-14,12.47,13.3,0.552,0.249,0.158,1296.7,0.1651
ST014,2017-07-21,0.0,17.83,0.498,0.249,0.158,1296.7,0.1051
ST014,2017-07-28,0.0,20.04,0.602,0.249,0.158,1296.7,0.0739
ST014,2017-08-04,8.11,13.74,0.595,0.249,0.158,1296.7,0.0702
ST014,2017-08-11,0.0,11.81,0.602,0.249,0.158,1296.7,0.0445
ST014,2017-08-18,0.0,13.81,0.56,0.249,0.158,1296.7,0.039
ST014,2017-08-25,0.0,13.1,0.606,0.249,0.158,1296.7,0.04
ST014,2017-09-01,0.0,10.66,0.58,0.249,0.158,1296.7,0.146
ST014,2017-09-08,0.0,11.55,0.546,0.249,0.158,1296.7,0.1155
ST014,2017-09-15,0.0,12.13,0.544,0.249,0.158,1296.7,0.0389
ST014,2017-09-22,0.0,6.78,0.525,0.249,0.158,1296.7,0.0756
ST014,2017-09-29,0.0,7.39,0.519,0.249,0.158,1296.7,0.044
ST014,2017-10-06,0.0,7.95,0.525,0.249,0.158,1296.7,0.0475
ST014,2017-10-13,0.0,6.03,0.451,0.249,0.158,1296.7,0.0382
ST014,2017-10-20,0.0,1.56,0.37,0.249,0.158,1296.7,0.0596
ST014,2017-10-27,0.0,7.81,0.439,0.249,0.158,1296.7,0.036
ST014,2017-11-03,0.0,3.02,0.348,0.249,0.158,1296.7,0.038
ST014,2017-11-10,0.0,-2.52,0.34,0.249,0.158,1296.7,0.0489
ST014,2017-11-17,0.0,4.49,0.329,0.249,0.158,1296.7,0.0338
ST014,2017-11-24,0.0,0.59,0.234,0.249,0.158,1296.7,0.037
ST014,2017-12-01,0.0,-1.68,0.308,0.249,0.158,1296.7,0.0304
ST014,2017-12-08,0.0,-5.47,0.19,0.249,0.158,1296.7,0.0793
ST014,2017-12-15,8.9,-1.88,0.244,0.249,0.158,1296.7,0.1296
ST014,2017-12-22,0.0,-8.13,0.192,0.249,0.158,1296.7,0.0555
ST014,2017-12-29,0.0,-3.45,0.142,0.249,0.158,1296.7,0.0947
ST014,2018-01-05,0.0,-7.07,0.178,0.249,0.158,1296.7,0.0664
ST014,2018-01-12,0.0,-7.74,0.121,0.249,0.158,1296.7,0.0421
ST014,2018-01-19,0.0,-4.55,0.138,0.249,0.158,1296.7,0.043
ST014,2018-01-26,0.0,-7.38,0.126,0.249,0.158,1296.7,0.0272
ST014,2018-02-02,0.0,-5.94,0.113,0.249,0.158,1296.7,0.0579
ST014,2018-02-09,0.0,-4.36,0.165,0.249,0.158,1296.7,0.1605
ST014,2018-02-16,0.0,-3.02,0.119,0.249,0.158,1296.7,0.107
ST014,2018-02-23,0.01,-2.54,0.154,0.249,0.158,1296.7,0.0537
ST014,2018-03-02,0.0,-5.59,0.135,0.249,0.158,1296.7,0.0423
ST014,2018-03-09,0.0,-2.34,0.171,0.249,0.158,1296.7,0.0834
ST014,2018-03-16,0.0,-2.17,0.156,0.249,0.158,1296.7,0.0476
ST014,2018-03-23,32.53,-2.66,0.141,0.249,0.158,1296.7,0.2462
ST014,2018-03-30,0.0,-0.4,0.179,0.249,0.158,1296.7,0.1496
ST014,2018-04-06,11.91,3.19,0.256,0.249,0.158,1296.7,0.1852
ST014,2018-04-13,0.0,2.05,0.214,0.249,0.158,1296.7,0.163
ST014,2018-04-20,0.0,9.64,0.308,0.249,0.158,1296.7,0.0685
ST014,2018-04-27,0.0,7.36,0.265,0.249,0.158,1296.7,0.2298
ST014,2018-05-04,0.0,7.85,0.346,0.249,0.158,1296.7,0.3657
ST014,2018-05-11,0.0,8.3,0.362,0.249,0.158,1296.7,0.1303
ST014,2018-05-18,0.0,10.84,0.397,0.249,0.158,1296.7,0.0378
ST014,2018-05-25,0.0,13.75,0.387,0.249,0.158,1296.7,0.1652
ST014,2018-06-01,0.0,12.03,0.46,0.249,0.158,1296.7,0.1983
ST014,2018-06-08,0.0,12.07,0.447,0.249,0.158,1296.7,0.3824
ST014,2018-06-15,11.83,15.0,0.466,0.249,0.158,1296.7,0.2842
ST014,2018-06-22,0.0,16.21,0.507,0.249,0.158,1296.7,0.1225
ST014,2018-06-29,0.0,17.43,0.541,0.249,0.158,1296.7,0.1199
ST014,2018-07-06,3.99,13.33,0.565,0.249,0.158,1296.7,0.0954
ST014,2018-07-13,0.0,15.47,0.593,0.249,0.158,1296.7,0.1322
ST014,2018-07-20,0.0,15.99,0.602,0.249,0.158,1296.7,0.1292
ST014,2018-07-27,15.95,15.95,0.622,0.249,0.158,1296.7,0.1102
ST014,2018-08-03,0.0,16.62,0.579,0.249,0.158,1296.7,0.0341
ST014,2018-08-10,16.87,11.47,0.541,0.249,0.158,1296.7,0.1234
ST014,2018-08-17,0.04,12.44,0.625,0.249,0.158,1296.7,0.1903
ST014,2018-08-24,0.0,13.76,0.615,0.249,0.158,1296.7,0.0736
ST014,2018-08-31,24.67,14.01,0.525,0.249,0.158,1296.7,0.3127
ST014,2018-09-07,0.0,10.82,0.606,0.249,0.158,1296.7,0.0861
ST014,2018-09-14,0.0,8.27,0.581,0.249,0.158,1296.7,0.1066
ST014,2018-09-21,0.0,8.97,0.579,0.249,0.158,1296.7,0.0354
ST014,2018-09-28,0.0,10.06,0.486,0.249,0.158,1296.7,0.0508
ST014,2018-10-05,0.0,7.06,0.492,0.249,0.158,1296.7,0.0361
ST014,2018-10-12,0.0,5.43,0.398,0.249,0.158,1296.7,0.0308
ST014,2018-10-19,0.0,6.68,0.457,0.249,0.158,1296.7,0.0301
ST014,2018-10-26,0.0,2.61,0.411,0.249,0.158,1296.7,0.0392
ST014,2018-11-02,0.0,-0.19,0.399,0.249,0.158,1296.7,0.0444
ST014,2018-11-09,0.0,-1.74,0.382,0.249,0.158,1296.7,0.0427
ST014,2018-11-16,0.0,-2.84,0.318,0.249,0.158,1296.7,0.0294
ST014,2018-11-23,0.0,1.18,0.304,0.249,0.158,1296.7,0.0318
ST014,2018-11-30,0.0,1.58,0.208,0.249,0.158,1296.7,0.0313
ST014,2018-12-07,0.0,-7.51,0.238,0.249,0.158,1296.7,0.0248
ST014,2018-12-14,0.0,-5.66,0.222,0.249,0.158,1296.7,0.1734
ST014,2018-12-21,0.0,-7.72,0.214,0.249,0.158,1296.7,0.1001
ST014,2018-12-28,0.0,-8.4,0.175,0.249,0.158,1296.7,0.0563
ST014,2019-01-04,0.0,-9.74,0.142,0.249,0.158,1296.7,0.0589
ST014,2019-01-11,0.0,-4.26,0.137,0.249,0.158,1296.7,0.079
ST014,2019-01-18,0.0,-5.74,0.116,0.249,0.158,1296.7,0.0464
ST014,2019-01-25,0.0,-3.32,0.095,0.249,0.158,1296.7,0.0459
ST014,2019-02-01,0.0,-5.48,0.116,0.249,0.158,1296.7,0.0343
ST014,2019-02-08,15.99,-5.51,0.139,0.249,0.158,1296.7,0.2004
ST014,2019-02-15,1.18,-5.7,0.142,0.249,0.158,1296.7,0.0851
ST014,2019-02-22,0.0,-7.05,0.153,0.249,0.158,1296.7,0.0576
ST014,2019-03-01,0.0,-0.53,0.118,0.249,0.158,1296.7,0.0547
ST014,2019-03-08,0.0,-4.04,0.151,0.249,0.158,1296.7,0.0979
ST014,2019-03-15,0.0,0.38,0.141,0.249,0.158,1296.7,0.0645
ST014,2019-03-22,0.0,2.39,0.147,0.249,0.158,1296.7,0.0523
ST014,2019-03-29,22.33,0.25,0.196,0.249,0.158,1296.7,0.1629
ST014,2019-04-05,0.0,1.68,0.188,0.249,0.158,1296.7,0.0748
ST014,2019-04-12,0.0,7.89,0.241,0.249,0.158,1296.7,0.1637
ST014,2019-04-19,0.0,3.41,0.257,0.249,0.158,1296.7,0.0691
ST014,2019-04-26,0.0,6.95,0.339,0.249,0.158,1296.7,0.038
ST014,2019-05-03,0.0,5.68,0.358,0.249,0.158,1296.7,0.2103
ST014,2019-05-10,0.0,5.09,0.356,0.249,0.158,1296.7,0.3784
ST014,2019-05-17,14.06,14.3,0.369,0.249,0.158,1296.7,0.2683
ST014,2019-05-24,4.44,13.78,0.386,0.249,0.158,1296.7,0.2351
ST014,2019-05-31,1.28,10.8,0.438,0.249,0.158,1296.7,0.3445
ST014,2019-06-07,0.0,12.43,0.49,0.249,0.158,1296.7,0.2417
ST014,2019-06-14,0.75,16.0,0.488,0.249,0.158,1296.7,0.0549
ST014,2019-06-21,0.0,13.52,0.532,0.249,0.158,1296.7,0.3605
ST014,2019-06-28,0.0,14.62,0.497,0.249,0.158,1296.7,0.1571
ST014,2019-07-05,0.0,14.81,0.565,0.249,0.158,1296.7,0.1347
ST014,2019-07-12,0.0,17.94,0.587,0.249,0.158,1296.7,0.0342
ST014,2019-07-19,0.0,12.42,0.608,0.249,0.158,1296.7,0.1008
ST014,2019-07-26,0.0,18.6,0.607,0.249,0.158,1296.7,0.0441
ST014,2019-08-02,0.0,14.7,0.598,0.249,0.158,1296.7,0.0655
ST014,2019-08-09,1.07,13.7,0.556,0.249,0.158,1296.7,0.1088
ST014,2019-08-16,16.38,14.75,0.582,0.249,0.158,1296.7,0.1156
ST014,2019-08-23,0.0,11.27,0.563,0.249,0.158,1296.7,0.033
ST014,2019-08-30,0.0,11.61,0.585,0.249,0.158,1296.7,0.0372
ST014,2019-09-06,0.0,11.37,0.631,0.249,0.158,1296.7,0.0464
ST014,2019-09-13,4.07,12.7,0.55,0.249,0.158,1296.7,0.0537
ST014,2019-09-20,0.0,9.22,0.506,0.249,0.158,1296.7,0.0363
ST014,2019-09-27,0.0,11.15,0.546,0.249,0.158,1296.7,0.0321
ST014,2019-10-04,0.0,9.71,0.451,0.249,0.158,1296.7,0.0267
ST014,2019-10-11,0.0,9.06,0.474,0.249,0.158,1296.7,0.0479
ST014,2019-10-18,0.0,4.83,0.388,0.249,0.158,1296.7,0.0342
ST014,2019-10-25,0.0,2.26,0.402,0.249,0.158,1296.7,0.0403
ST014,2019-11-01,0.0,5.08,0.39,0.249,0.158,1296.7,0.0485
ST014,2019-11-08,0.0,-0.63,0.338,0.249,0.158,1296.7,0.0452
ST014,2019-11-15,0.0,0.61,0.283,0.249,0.158,1296.7,0.0418
ST014,2019-11-22,0.0,-0.69,0.266,0.249,0.158,1296.7,0.0276
ST014,2019-11-29,0.0,-4.59,0.262,0.249,0.158,1296.7,0.0265
ST014,2019-12-06,0.0,-5.09,0.214,0.249,0.158,1296.7,0.0351
ST014,2019-12-13,0.0,-4.67,0.215,0.249,0.158,1296.7,0.0788
ST014,2019-12-20,0.0,-9.09,0.203,0.249,0.158,1296.7,0.0563
ST014,2019-12-27,0.0,-2.6,0.189,0.249,0.158,1296.7,0.0451
ST014,2020-01-03,0.0,-4.94,0.206,0.249,0.158,1296.7,0.0409
ST014,2020-01-10,0.0,-8.23,0.142,0.249,0.158,1296.7,0.0787
ST014,2020-01-17,0.0,-7.22,0.118,0.249,0.158,1296.7,0.0487
ST014,2020-01-24,0.0,-6.08,0.126,0.249,0.158,1296.7,0.0452
ST014,2020-01-31,0.0,-8.81,0.131,0.249,0.158,1296.7,0.0445
ST014,2020-02-07,0.0,-4.2,0.133,0.249,0.158,1296.7,0.0356
ST014,2020-02-14,0.0,-6.68,0.134,0.249,0.158,1296.7,0.0583
ST014,2020-02-21,0.0,-3.91,0.139,0.249,0.158,1296.7,0.1323
ST014,2020-02-28,0.0,-5.14,0.131,0.249,0.158,1296.7,0.1579
ST014,2020-03-06,0.0,-3.75,0.172,0.249,0.158,1296.7,0.1772
ST014,2020-03-13,0.0,0.55,0.204,0.249,0.158,1296.7,0.0895
ST014,2020-03-20,7.67,2.97,0.176,0.249,0.158,1296.7,0.1207
ST014,2020-03-27,12.04,0.26,0.175,0.249,0.158,1296.7,0.1308
ST014,2020-04-03,11.05,2.51,0.17,0.249,0.158,1296.7,0.3376
ST014,2020-04-10,0.0,3.86,0.239,0.249,0.158,1296.7,0.1616
ST014,2020-04-17,22.64,5.23,0.25,0.249,0.158,1296.7,0.1861
ST014,2020-04-24,0.0,6.53,0.269,0.249,0.158,1296.7,0.2392
ST014,2020-05-01,0.0,7.16,0.351,0.249,0.158,1296.7,0.1162
ST014,2020-05-08,16.82,7.31,0.344,0.249,0.158,1296.7,0.1781
ST014,2020-05-15,0.99,9.82,0.362,0.249,0.158,1296.7,0.0688
ST014,2020-05-22,7.32,8.79,0.352,0.249,0.158,1296.7,0.199
ST014,2020-05-29,1.56,13.99,0.456,0.249,0.158,1296.7,0.1121
ST014,2020-06-05,0.0,17.26,0.448,0.249,0.158,1296.7,0.1173
ST014,2020-06-12,0.0,15.92,0.475,0.249,0.158,1296.7,0.0453
ST014,2020-06-19,9.82,15.29,0.516,0.249,0.158,1296.7,0.1444
ST014,2020-06-26,10.38,15.76,0.531,0.249,0.158,1296.7,0.183
ST014,2020-07-03,7.2,14.88,0.552,0.249,0.158,1296.7,0.1501
ST014,2020-07-10,0.0,16.18,0.554,0.249,0.158,1296.7,0.1622
ST014,2020-07-17,0.01,10.37,0.598,0.249,0.158,1296.7,0.1809
ST014,2020-07-24,0.0,15.9,0.556,0.249,0.158,1296.7,0.0305
ST014,2020-07-31,0.0,15.01,0.594,0.249,0.158,1296.7,0.033
ST014,2020-08-07,12.23,13.41,0.584,0.249,0.158,1296.7,0.1361
ST014,2020-08-14,0.0,12.63,0.577,0.249,0.158,1296.7,0.0505
ST014,2020-08-21,0.0,12.76,0.602,0.249,0.158,1296.7,0.0299
ST014,2020-08-28,0.0,12.5,0.566,0.249,0.158,1296.7,0.046
ST014,2020-09-04,0.0,10.7,0.56,0.249,0.158,1296.7,0.037
ST014,2020-09-11,1.21,11.45,0.529,0.249,0.158,1296.7,0.0522
ST014,2020-09-18,59.61,9.61,0.522,0.249,0.158,1296.7,0.3657
ST014,2020-09-25,0.0,8.74,0.505,0.249,0.158,1296.7,0.1439
ST014,2020-10-02,0.0,12.56,0.441,0.249,0.158,1296.7,0.0561
ST014,2020-10-09,7.84,7.66,0.446,0.249,0.158,1296.7,0.1109
ST014,2020-10-16,0.0,1.59,0.492,0.249,0.158,1296.7,0.0416
ST014,2020-10-23,0.0,2.06,0.419,0.249,0.158,1296.7,0.0407
ST014,2020-10-30,0.0,-3.9,0.393,0.249,0.158,1296.7,0.0443
ST014,2020-11-06,0.0,1.5,0.316,0.249,0.158,1296.7,0.0301
ST014,2020-11-13,0.0,-5.47,0.335,0.249,0.158,1296.7,0.041
ST014,2020-11-20,0.0,-3.04,0.289,0.249,0.158,1296.7,0.0259
ST014,2020-11-27,0.0,-6.22,0.247,0.249,0.158,1296.7,0.0497
ST014,2020-12-04,0.0,-4.11,0.195,0.249,0.158,1296.7,0.0481
ST014,2020-12-11,0.0,-2.37,0.196,0.249,0.158,1296.7,0.0307
ST014,2020-12-18,0.0,-8.27,0.228,0.249,0.158,1296.7,0.0339
ST014,2020-12-25,0.0,-3.32,0.146,0.249,0.158,1296.7,0.0597
ST015,2016-01-01,0.0,-6.77,0.139,0.262,0.196,1475.7,0.2151
ST015,2016-01-08,0.0,-7.55,0.143,0.262,0.196,1475.7,0.1524
ST015,2016-01-15,0.0,-7.23,0.131,0.262,0.196,1475.7,0.0735
ST015,2016-01-22,0.0,-5.37,0.133,0.262,0.196,1475.7,0.0479
ST015,2016-01-29,11.98,-7.41,0.1,0.262,0.196,1475.7,0.1019
ST015,2016-02-05,0.0,-6.64,0.16,0.262,0.196,1475.7,0.0629
ST015,2016-02-12,0.0,-2.61,0.144,0.262,0.196,1475.7,0.0813
ST015,2016-02-19,3.06,-7.54,0.117,0.262,0.196,1475.7,0.0812
ST015,2016-02-26,0.0,-1.86,0.176,0.262,0.196,1475.7,0.0781
ST015,2016-03-04,1.2,-4.14,0.17,0.262,0.196,1475.7,0.0722
ST015,2016-03-11,0.0,-4.38,0.197,0.262,0.196,1475.7,0.0821
ST015,2016-03-18,1.77,-4.02,0.196,0.262,0.196,1475.7,0.0935
ST015,2016-03-25,57.85,1.97,0.132,0.262,0.196,1475.7,0.3714
ST015,2016-04-01,0.0,4.17,0.154,0.262,0.196,1475.7,0.2116
ST015,2016-04-08,0.0,3.31,0.284,0.262,0.196,1475.7,0.14
ST015,2016-04-15,0.0,1.35,0.221,0.262,0.196,1475.7,0.0765
ST015,2016-04-22,0.0,-0.12,0.294,0.262,0.196,1475.7,0.3627
ST015,2016-04-29,0.0,6.67,0.326,0.262,0.196,1475.7,0.3848
ST015,2016-05-06,0.0,4.4,0.328,0.262,0.196,1475.7,0.3841
ST015,2016-05-13,0.0,5.95,0.372,0.262,0.196,1475.7,0.1585
ST015,2016-05-20,0.0,14.19,0.346,0.262,0.196,1475.7,0.0403
ST015,2016-05-27,0.0,13.04,0.445,0.262,0.196,1475.7,0.1053
ST015,2016-06-03,9.29,11.13,0.475,0.262,0.196,1475.7,0.0721
ST015,2016-06-10,0.0,13.94,0.446,0.262,0.196,1475.7,0.068
ST015,2016-06-17,0.0,14.11,0.486,0.262,0.196,1475.7,0.0766
ST015,2016-06-24,2.72,14.94,0.462,0.262,0.196,1475.7,0.1119
ST015,2016-07-01,0.0,14.33,0.555,0.262,0.196,1475.7,0.0354
ST015,2016-07-08,7.4,13.08,0.602,0.262,0.196,1475.7,0.1343
ST015,2016-07-15,4.57,14.16,0.582,0.262,0.196,1475.7,0.0844
ST015,2016-07-22,0.0,16.95,0.567,0.262,0.196,1475.7,0.0474
ST015,2016-07-29,0.0,13.83,0.577,0.262,0.196,1475.7,0.0842
ST015,2016-08-05,19.49,16.22,0.581,0.262,0.196,1475.7,0.1268
ST015,2016-08-12,0.0,15.24,0.568,0.262,0.196,1475.7,0.106
ST015,2016-08-19,0.0,14.12,0.589,0.262,0.196,1475.7,0.0745
ST015,2016-08-26,0.0,10.4,0.576,0.262,0.196,1475.7,0.0364
ST015,2016-09-02,0.0,10.86,0.583,0.262,0.196,1475.7,0.0277
ST015,2016-09-09,0.0,7.38,0.541,0.262,0.196,1475.7,0.0374
ST015,2016-09-16,0.0,9.49,0.543,0.262,0.196,1475.7,0.0352
ST015,2016-09-23,0.0,9.19,0.545,0.262,0.196,1475.7,0.1942
ST015,2016-09-30,0.0,2.16,0.478,0.262,0.196,1475.7,0.0617
ST015,2016-10-07,0.0,3.19,0.428,0.262,0.196,1475.7,0.0537
ST015,2016-10-14,0.0,3.13,0.437,0.262,0.196,1475.7,0.0916
ST015,2016-10-21,0.0,2.98,0.366,0.262,0.196,1475.7,0.0744
ST015,2016-10-28,0.0,2.29,0.385,0.262,0.196,1475.7,0.0466
ST015,2016-11-04,0.0,-2.62,0.405,0.262,0.196,1475.7,0.0323
ST015,2016-11-11,0.0,0.07,0.338,0.262,0.196,1475.7,0.0543
ST015,2016-11-18,0.0,-1.6,0.337,0.262,0.196,1475.7,0.0846
ST015,2016-11-25,0.0,-5.52,0.304,0.262,0.196,1475.7,0.0592
ST015,2016-12-02,0.0,-7.06,0.261,0.262,0.196,1475.7,0.049
ST015,2016-12-09,0.0,-7.73,0.261,0.262,0.196,1475.7,0.044
ST015,2016-12-16,0.0,-7.33,0.247,0.262,0.196,1475.7,0.0501
ST015,2016-12-23,0.0,-5.06,0.209,0.262,0.196,1475.7,0.0406
ST015,2016-12-30,0.0,-6.03,0.168,0.262,0.196,1475.7,0.0397
ST015,2017-01-06,0.0,-11.08,0.11,0.262,0.196,1475.7,0.0396
ST015,2017-01-13,0.0,-6.1,0.121,0.262,0.196,1475.7,0.0607
ST015,2017-01-20,0.0,-6.67,0.141,0.262,0.196,1475.7,0.0735
ST015,2017-01-27,0.0,-5.71,0.112,0.262,0.196,1475.7,0.0543
ST015,2017-02-03,0.0,-4.57,0.075,0.262,0.196,1475.7,0.0463
ST015,2017-02-10,0.0,-8.57,0.081,0.262,0.196,1475.7,0.0671
ST015,2017-02-17,0.0,-9.94,0.141,0.262,0.196,1475.7,0.063
ST015,2017-02-24,3.03,-8.36,0.161,0.262,0.196,1475.7,0.0957
ST015,2017-03-03,0.0,-0.59,0.109,0.262,0.196,1475.7,0.1115
ST015,2017-03-10,0.0,-1.54,0.107,0.262,0.196,1475.7,0.1234
ST015,2017-03-17,0.0,-4.53,0.184,0.262,0.196,1475.7,0.0693
ST015,2017-03-24,13.22,-2.18,0.109,0.262,0.196,1475.7,0.1231
ST015,2017-03-31,0.0,-3.25,0.209,0.262,0.196,1475.7,0.1539
ST015,2017-04-07,0.0,0.91,0.209,0.262,0.196,1475.7,0.1884
ST015,2017-04-14,0.52,3.01,0.265,0.262,0.196,1475.7,0.1114
ST015,2017-04-21,0.0,2.59,0.296,0.262,0.196,1475.7,0.3384
ST015,2017-04-28,0.0,9.13,0.302,0.262,0.196,1475.7,0.2864
ST015,2017-05-05,0.0,3.7,0.34,0.262,0.196,1475.7,0.1378
ST015,2017-05-12,0.0,6.96,0.417,0.262,0.196,1475.7,0.0579
ST015,2017-05-19,10.47,9.34,0.412,0.262,0.196,1475.7,0.0809
ST015,2017-05-26,4.6,8.57,0.396,0.262,0.196,1475.7,0.0503
ST015,2017-06-02,0.0,10.8,0.43,0.262,0.196,1475.7,0.0323
ST015,2017-06-09,1.57,15.44,0.482,0.262,0.196,1475.7,0.101
ST015,2017-06-16,6.95,16.92,0.434,0.262,0.196,1475.7,0.2135
ST015,2017-06-23,0.0,13.3,0.509,0.262,0.196,1475.7,0.1946
ST015,2017-06-30,0.0,18.25,0.514,0.262,0.196,1475.7,0.1524
ST015,2017-07-07,0.0,14.06,0.517,0.262,0.196,1475.7,0.0407
ST015,2017-07-14,0.0,17.65,0.469,0.262,0.196,1475.7,0.0865
ST015,2017-07-21,0.0,12.85,0.585,0.262,0.196,1475.7,0.0366
ST015,2017-07-28,9.25,14.53,0.59,0.262,0.196,1475.7,0.0689
ST015,2017-08-04,0.0,15.36,0.528,0.262,0.196,1475.7,0.0547
ST015,2017-08-11,0.0,10.85,0.587,0.262,0.196,1475.7,0.1187
ST015,2017-08-18,0.0,15.47,0.542,0.262,0.196,1475.7,0.0912
ST015,2017-08-25,0.0,11.92,0.588,0.262,0.196,1475.7,0.0433
ST015,2017-09-01,0.0,11.03,0.557,0.262,0.196,1475.7,0.0489
ST015,2017-09-08,0.0,8.51,0.561,0.262,0.196,1475.7,0.0423
ST015,2017-09-15,0.0,9.31,0.556,0.262,0.196,1475.7,0.0412
ST015,2017-09-22,0.0,7.86,0.524,0.262,0.196,1475.7,0.0625
ST015,2017-09-29,38.94,4.57,0.535,0.262,0.196,1475.7,0.2893
ST015,2017-10-06,0.0,3.87,0.445,0.262,0.196,1475.7,0.2349
ST015,2017-10-13,0.0,-1.22,0.428,0.262,0.196,1475.7,0.0772
ST015,2017-10-20,0.0,-2.1,0.397,0.262,0.196,1475.7,0.0445
ST015,2017-10-27,0.0,-1.34,0.441,0.262,0.196,1475.7,0.0781
ST015,2017-11-03,0.0,2.56,0.392,0.262,0.196,1475.7,0.0467
ST015,2017-11-10,0.0,-2.65,0.394,0.262,0.196,1475.7,0.0594
ST015,2017-11-17,0.0,-0.69,0.321,0.262,0.196,1475.7,0.0569
ST015,2017-11-24,0.0,-1.8,0.328,0.262,0.196,1475.7,0.0411
ST015,2017-12-01,0.0,-2.77,0.255,0.262,0.196,1475.7,0.0389
ST015,2017-12-08,0.0,-4.28,0.295,0.262,0.196,1475.7,0.039
ST015,2017-12-15,0.0,-3.46,0.269,0.262,0.196,1475.7,0.0357
ST015,2017-12-22,0.0,-3.33,0.162,0.262,0.196,1475.7,0.0556
ST015,2017-12-29,0.0,-7.66,0.197,0.262,0.196,1475.7,0.0274
ST015,2018-01-05,0.0,-4.76,0.151,0.262,0.196,1475.7,0.0675
ST015,2018-01-12,0.0,-6.95,0.182,0.262,0.196,1475.7,0.0342
ST015,2018-01-19,0.0,-6.14,0.073,0.262,0.196,1475.7,0.0422
ST015,2018-01-26,4.93,-5.0,0.115,0.262,0.196,1475.7,0.0631
ST015,2018-02-02,3.44,-5.68,0.161,0.262,0.196,1475.7,0.0903
ST015,2018-02-09,0.0,-7.87,0.107,0.262,0.196,1475.7,0.0716
ST015,2018-02-16,0.0,-5.67,0.215,0.262,0.196,1475.7,0.0589
ST015,2018-02-23,0.0,-3.13,0.125,0.262,0.196,1475.7,0.0448
ST015,2018-03-02,1.5,-5.01,0.138,0.262,0.196,1475.7,0.0537
ST015,2018-03-09,0.0,-3.38,0.177,0.262,0.196,1475.7,0.0375
ST015,2018-03-16,4.25,0.87,0.126,0.262,0.196,1475.7,0.0577
ST015,2018-03-23,0.0,-2.52,0.211,0.262,0.196,1475.7,0.0569
ST015,2018-03-30,34.21,-1.0,0.193,0.262,0.196,1475.7,0.2124
ST015,2018-04-06,0.0,5.8,0.253,0.262,0.196,1475.7,0.0874
ST015,2018-04-13,0.0,2.23,0.241,0.262,0.196,1475.7,0.3527
ST015,2018-04-20,19.48,3.5,0.257,0.262,0.196,1475.7,0.389
ST015,2018-04-27,0.0,3.76,0.306,0.262,0.196,1475.7,0.4283
ST015,2018-05-04,0.0,10.48,0.342,0.262,0.196,1475.7,0.1984
ST015,2018-05-11,0.0,7.7,0.347,0.262,0.196,1475.7,0.101
ST015,2018-05-18,10.45,10.75,0.403,0.262,0.196,1475.7,0.1096
ST015,2018-05-25,0.0,12.11,0.411,0.262,0.196,1475.7,0.049
ST015,2018-06-01,0.0,8.96,0.438,0.262,0.196,1475.7,0.1303
ST015,2018-06-08,0.0,14.9,0.439,0.262,0.196,1475.7,0.1879
ST015,2018-06-15,0.0,13.54,0.479,0.262,0.196,1475.7,0.1088
ST015,2018-06-22,20.78,15.47,0.526,0.262,0.196,1475.7,0.1194
ST015,2018-06-29,0.0,15.05,0.48,0.262,0.196,1475.7,0.1684
ST015,2018-07-06,0.0,13.64,0.53,0.262,0.196,1475.7,0.0922
ST015,2018-07-13,0.0,16.16,0.468,0.262,0.196,1475.7,0.0466
ST015,2018-07-20,0.0,13.39,0.54,0.262,0.196,1475.7,0.0387
ST015,2018-07-27,0.0,9.64,0.593,0.262,0.196,1475.7,0.038
ST015,2018-08-03,5.23,15.67,0.559,0.262,0.196,1475.7,0.0514
ST015,2018-08-10,0.0,16.63,0.601,0.262,0.196,1475.7,0.0314
ST015,2018-08-17,76.64,10.73,0.569,0.262,0.196,1475.7,0.3666
ST015,2018-08-24,8.93,11.12,0.556,0.262,0.196,1475.7,0.2625
ST015,2018-08-31,0.0,12.19,0.586,0.262,0.196,1475.7,0.2146
ST015,2018-09-07,4.28,9.09,0.566,0.262,0.196,1475.7,0.146
ST015,2018-09-14,0.0,9.01,0.522,0.262,0.196,1475.7,0.1226
ST015,2018-09-21,0.0,7.54,0.488,0.262,0.196,1475.7,0.0447
ST015,2018-09-28,4.29,5.47,0.501,0.262,0.196,1475.7,0.0512
ST015,2018-10-05,0.0,5.7,0.494,0.262,0.196,1475.7,0.0496
ST015,2018-10-12,0.0,1.52,0.478,0.262,0.196,1475.7,0.0458
ST015,2018-10-19,0.0,5.98,0.418,0.262,0.196,1475.7,0.054
ST015,2018-10-26,0.0,-0.65,0.419,0.262,0.196,1475.7,0.1111
ST015,2018-11-02,0.0,3.37,0.369,0.262,0.196,1475.7,0.1572
ST015,2018-11-09,0.0,2.72,0.352,0.262,0.196,1475.7,0.0636
ST015,2018-11-16,0.0,-3.87,0.337,0.262,0.196,1475.7,0.0465
ST015,2018-11-23,0.0,-5.14,0.3,0.262,0.196,1475.7,0.1237
ST015,2018-11-30,0.0,-3.58,0.247,0.262,0.196,1475.7,0.0861
ST015,2018-12-07,0.0,-4.13,0.291,0.262,0.196,1475.7,0.0775
ST015,2018-12-14,0.0,-7.11,0.191,0.262,0.196,1475.7,0.0459
ST015,2018-12-21,0.0,-8.74,0.193,0.262,0.196,1475.7,0.0379
ST015,2018-12-28,0.0,-10.08,0.17,0.262,0.196,1475.7,0.1072
ST015,2019-01-04,0.0,-8.49,0.153,0.262,0.196,1475.7,0.0797
ST015,2019-01-11,8.26,-6.65,0.164,0.262,0.196,1475.7,0.1071
ST015,2019-01-18,0.0,-10.27,0.126,0.262,0.196,1475.7,0.107
ST015,2019-01-25,0.0,-8.67,0.131,0.262,0.196,1475.7,0.1128
ST015,2019-02-01,0.0,-7.23,0.079,0.262,0.196,1475.7,0.0986
ST015,2019-02-08,0.0,-3.67,0.13,0.262,0.196,1475.7,0.0777
ST015,2019-02-15,0.0,-8.45,0.11,0.262,0.196,1475.7,0.0719
ST015,2019-02-22,0.0,-4.27,0.109,0.262,0.196,1475.7,0.0522
ST015,2019-03-01,0.0,-6.15,0.131,0.262,0.196,1475.7,0.0812
ST015,2019-03-08,0.0,-4.92,0.161,0.262,0.196,1475.7,0.1375
ST015,2019-03-15,0.0,1.24,0.193,0.262,0.196,1475.7,0.1209
ST015,2019-03-22,0.0,-1.16,0.187,0.262,0.196,1475.7,0.2052
ST015,2019-03-29,0.0,0.21,0.262,0.262,0.196,1475.7,0.1599
ST015,2019-04-05,55.54,-4.38,0.261,0.262,0.196,1475.7,0.3771
ST015,2019-04-12,0.0,3.93,0.226,0.262,0.196,1475.7,0.1706
ST015,2019-04-19,0.0,3.42,0.207,0.262,0.196,1475.7,0.0946
ST015,2019-04-26,0.0,6.75,0.292,0.262,0.196,1475.7,0.1561
ST015,2019-05-03,0.0,7.66,0.339,0.262,0.196,1475.7,0.0612
ST015,2019-05-10,0.0,7.12,0.324,0.262,0.196,1475.7,0.0402
ST015,2019-05-17,0.0,7.22,0.335,0.262,0.196,1475.7,0.0582
ST015,2019-05-24,26.48,10.24,0.389,0.262,0.196,1475.7,0.2796
ST015,2019-05-31,0.0,12.03,0.424,0.262,0.196,1475.7,0.1166
ST015,2019-06-07,0.0,9.87,0.48,0.262,0.196,1475.7,0.1083
ST015,2019-06-14,0.89,15.35,0.441,0.262,0.196,1475.7,0.1238
ST015,2019-06-21,0.0,15.17,0.48,0.262,0.196,1475.7,0.1794
ST015,2019-06-28,41.97,13.46,0.57,0.262,0.196,1475.7,0.4327
ST015,2019-07-05,0.0,16.88,0.521,0.262,0.196,1475.7,0.2775
ST015,2019-07-12,0.0,17.32,0.535,0.262,0.196,1475.7,0.0854
ST015,2019-07-19,0.0,17.82,0.561,0.262,0.196,1475.7,0.0453
ST015,2019-07-26,0.0,13.53,0.621,0.262,0.196,1475.7,0.0718
ST015,2019-08-02,62.61,12.26,0.616,0.262,0.196,1475.7,0.3381
ST015,2019-08-09,0.0,14.84,0.539,0.262,0.196,1475.7,0.1783
ST015,2019-08-16,27.85,11.11,0.587,0.262,0.196,1475.7,0.2046
ST015,2019-08-23,20.02,14.33,0.585,0.262,0.196,1475.7,0.1342
ST015,2019-08-30,0.0,10.08,0.511,0.262,0.196,1475.7,0.0721
ST015,2019-09-06,0.0,9.26,0.534,0.262,0.196,1475.7,0.0493
ST015,2019-09-13,0.0,10.81,0.508,0.262,0.196,1475.7,0.0344
ST015,2019-09-20,0.0,8.05,0.521,0.262,0.196,1475.7,0.0409
ST015,2019-09-27,0.0,4.52,0.498,0.262,0.196,1475.7,0.1495
ST015,2019-10-04,0.0,8.18,0.52,0.262,0.196,1475.7,0.0579
ST015,2019-10-11,0.0,0.09,0.421,0.262,0.196,1475.7,0.0253
ST015,2019-10-18,0.0,-2.02,0.411,0.262,0.196,1475.7,0.0396
ST015,2019-10-25,0.0,4.42,0.433,0.262,0.196,1475.7,0.0379
ST015,2019-11-01,0.0,1.75,0.376,0.262,0.196,1475.7,0.0365
ST015,2019-11-08,0.0,-1.64,0.32,0.262,0.196,1475.7,0.0468
ST015,2019-11-15,0.0,0.83,0.272,0.262,0.196,1475.7,0.0396
ST015,2019-11-22,0.0,1.57,0.299,0.262,0.196,1475.7,0.0912
ST015,2019-11-29,0.0,-3.24,0.287,0.262,0.196,1475.7,0.0465
ST015,2019-12-06,1.09,-6.36,0.259,0.262,0.196,1475.7,0.0985
ST015,2019-12-13,0.0,-7.72,0.194,0.262,0.196,1475.7,0.0656
ST015,2019-12-20,0.0,-5.75,0.188,0.262,0.196,1475.7,0.0463
ST015,2019-12-27,0.0,-9.76,0.201,0.262,0.196,1475.7,0.0501
ST015,2020-01-03,0.0,-8.38,0.176,0.262,0.196,1475.7,0.0414
ST015,2020-01-10,0.0,-4.97,0.184,0.262,0.196,1475.7,0.0383
ST015,2020-01-17,0.0,-4.63,0.135,0.262,0.196,1475.7,0.04
ST015,2020-01-24,0.0,-3.61,0.109,0.262,0.196,1475.7,0.0441
ST015,2020-01-31,0.0,-7.04,0.065,0.262,0.196,1475.7,0.0507
ST015,2020-02-07,0.0,-9.16,0.098,0.262,0.196,1475.7,0.0606
ST015,2020-02-14,0.91,-5.84,0.133,0.262,0.196,1475.7,0.108
ST015,2020-02-21,0.0,-7.82,0.151,0.262,0.196,1475.7,0.1994
ST015,2020-02-28,9.43,-4.46,0.124,0.262,0.196,1475.7,0.1264
ST015,2020-03-06,0.0,-4.67,0.189,0.262,0.196,1475.7,0.0974
ST015,2020-03-13,0.0,-7.18,0.164,0.262,0.196,1475.7,0.0968
ST015,2020-03-20,0.0,1.18,0.133,0.262,0.196,1475.7,0.0958
ST015,2020-03-27,0.0,3.69,0.148,0.262,0.196,1475.7,0.0809
ST015,2020-04-03,0.0,-1.66,0.139,0.262,0.196,1475.7,0.139
ST015,2020-04-10,0.0,5.54,0.218,0.262,0.196,1475.7,0.22
ST015,2020-04-17,0.0,3.71,0.246,0.262,0.196,1475.7,0.3672
ST015,2020-04-24,4.16,6.47,0.3,0.262,0.196,1475.7,0.1698
ST015,2020-05-01,1.14,7.82,0.37,0.262,0.196,1475.7,0.3067
ST015,2020-05-08,0.0,8.98,0.325,0.262,0.196,1475.7,0.2291
ST015,2020-05-15,0.0,8.12,0.357,0.262,0.196,1475.7,0.1145
ST015,2020-05-22,0.0,11.22,0.387,0.262,0.196,1475.7,0.1558
ST015,2020-05-29,0.0,6.59,0.395,0.262,0.196,1475.7,0.2341
ST015,2020-06-05,2.71,12.29,0.437,0.262,0.196,1475.7,0.1567
ST015,2020-06-12,0.0,10.78,0.469,0.262,0.196,1475.7,0.0619
ST015,2020-06-19,0.0,13.53,0.557,0.262,0.196,1475.7,0.0789
ST015,2020-06-26,2.07,16.1,0.556,0.262,0.196,1475.7,0.0546
ST015,2020-07-03,0.0,15.29,0.519,0.262,0.196,1475.7,0.036
ST015,2020-07-10,0.0,16.09,0.547,0.262,0.196,1475.7,0.0699
ST015,2020-07-17,38.17,12.52,0.555,0.262,0.196,1475.7,0.2373
ST015,2020-07-24,6.41,12.96,0.614,0.262,0.196,1475.7,0.113
ST015,2020-07-31,0.0,11.83,0.602,0.262,0.196,1475.7,0.1592
ST015,2020-08-07,5.83,8.15,0.515,0.262,0.196,1475.7,0.3202
ST015,2020-08-14,7.89,12.18,0.565,0.262,0.196,1475.7,0.1752
ST015,2020-08-21,0.0,11.21,0.595,0.262,0.196,1475.7,0.0401
ST015,2020-08-28,0.0,13.29,0.572,0.262,0.196,1475.7,0.0441
ST015,2020-09-04,0.0,6.81,0.565,0.262,0.196,1475.7,0.0329
ST015,2020-09-11,0.0,10.15,0.463,0.262,0.196,1475.7,0.056
ST015,2020-09-18,0.0,4.18,0.565,0.262,0.196,1475.7,0.034
ST015,2020-09-25,0.0,7.41,0.519,0.262,0.196,1475.7,0.1006
ST015,2020-10-02,9.0,3.86,0.498,0.262,0.196,1475.7,0.2292
ST015,2020-10-09,0.0,1.6,0.455,0.262,0.196,1475.7,0.1138
ST015,2020-10-16,0.0,4.47,0.397,0.262,0.196,1475.7,0.022
ST015,2020-10-23,0.0,0.13,0.422,0.262,0.196,1475.7,0.0333
ST015,2020-10-30,2.56,0.45,0.295,0.262,0.196,1475.7,0.0582
ST015,2020-11-06,0.0,-2.96,0.29,0.262,0.196,1475.7,0.0613
ST015,2020-11-13,0.0,-4.03,0.272,0.262,0.196,1475.7,0.0322
ST015,2020-11-20,0.0,-2.4,0.3,0.262,0.196,1475.7,0.0305
ST015,2020-11-27,0.0,-4.91,0.262,0.262,0.196,1475.7,0.1144
ST015,2020-12-04,0.0,-2.6,0.219,0.262,0.196,1475.7,0.0552
ST015,2020-12-11,0.0,-5.23,0.162,0.262,0.196,1475.7,0.0564
ST015,2020-12-18,0.0,-1.75,0.176,0.262,0.196,1475.7,0.0456
ST015,2020-12-25,0.0,-9.94,0.196,0.262,0.196,1475.7,0.0731
ST016,2016-01-01,0.0,-2.41,0.129,0.76,0.159,540.5,0.1933
ST016,2016-01-08,0.0,2.71,0.074,0.76,0.159,540.5,0.1112
ST016,2016-01-15,0.0,0.43,0.118,0.76,0.159,540.5,0.0588
ST016,2016-01-22,0.0,1.77,0.077,0.76,0.159,540.5,0.0832
ST016,2016-01-29,0.0,1.62,0.113,0.76,0.159,540.5,0.0785
ST016,2016-02-05,4.94,-1.77,0.055,0.76,0.159,540.5,0.1289
ST016,2016-02-12,0.0,0.73,0.098,0.76,0.159,540.5,0.0737
ST016,2016-02-19,0.0,-1.58,0.072,0.76,0.159,540.5,0.0603
ST016,2016-02-26,0.0,1.84,0.112,0.76,0.159,540.5,0.0391
ST016,2016-03-04,0.0,-1.75,0.152,0.76,0.159,540.5,0.0336
ST016,2016-03-11,0.0,3.08,0.121,0.76,0.159,540.5,0.0394
ST016,2016-03-18,0.0,2.15,0.144,0.76,0.159,540.5,0.0377
ST016,2016-03-25,0.0,3.67,0.149,0.76,0.159,540.5,0.0363
ST016,2016-04-01,0.0,5.92,0.219,0.76,0.159,540.5,0.0706
ST016,2016-04-08,0.0,8.63,0.226,0.76,0.159,540.5,0.0855
ST016,2016-04-15,26.95,7.42,0.223,0.76,0.159,540.5,0.1699
ST016,2016-04-22,0.0,14.17,0.254,0.76,0.159,540.5,0.0584
ST016,2016-04-29,0.0,15.07,0.279,0.76,0.159,540.5,0.055
ST016,2016-05-06,6.98,11.97,0.29,0.76,0.159,540.5,0.0512
ST016,2016-05-13,0.0,13.54,0.396,0.76,0.159,540.5,0.2033
ST016,2016-05-20,4.7,17.5,0.424,0.76,0.159,540.5,0.0634
ST016,2016-05-27,0.0,14.95,0.393,0.76,0.159,540.5,0.0539
ST016,2016-06-03,8.72,16.4,0.483,0.76,0.159,540.5,0.2915
ST016,2016-06-10,0.0,18.09,0.478,0.76,0.159,540.5,0.1375
ST016,2016-06-17,0.0,18.27,0.544,0.76,0.159,540.5,0.0462
ST016,2016-06-24,0.0,19.54,0.517,0.76,0.159,540.5,0.0644
ST016,2016-07-01,0.0,19.04,0.573,0.76,0.159,540.5,0.0454
ST016,2016-07-08,0.83,18.39,0.563,0.76,0.159,540.5,0.0412
ST016,2016-07-15,0.0,20.94,0.619,0.76,0.159,540.5,0.0422
ST016,2016-07-22,0.0,19.95,0.514,0.76,0.159,540.5,0.0409
ST016,2016-07-29,0.0,20.55,0.61,0.76,0.159,540.5,0.0315
ST016,2016-08-05,0.0,17.56,0.632,0.76,0.159,540.5,0.0444
ST016,2016-08-12,0.0,19.52,0.634,0.76,0.159,540.5,0.1358
ST016,2016-08-19,0.0,15.8,0.587,0.76,0.159,540.5,0.061
ST016,2016-08-26,0.0,15.03,0.621,0.76,0.159,540.5,0.033
ST016,2016-09-02,0.0,13.39,0.55,0.76,0.159,540.5,0.0373
ST016,2016-09-09,9.23,15.56,0.607,0.76,0.159,540.5,0.0676
ST016,2016-09-16,16.0,11.33,0.538,0.76,0.159,540.5,0.1115
ST016,2016-09-23,0.0,13.67,0.481,0.76,0.159,540.5,0.0373
ST016,2016-09-30,0.0,8.69,0.572,0.76,0.159,540.5,0.1719
ST016,2016-10-07,0.0,10.7,0.496,0.76,0.159,540.5,0.0681
ST016,2016-10-14,0.0,4.66,0.494,0.76,0.159,540.5,0.0376
ST016,2016-10-21,0.0,7.6,0.404,0.76,0.159,540.5,0.0394
ST016,2016-10-28,0.0,10.9,0.42,0.76,0.159,540.5,0.045
ST016,2016-11-04,0.0,4.46,0.43,0.76,0.159,540.5,0.0518
ST016,2016-11-11,0.0,7.36,0.3,0.76,0.159,540.5,0.0376
ST016,2016-11-18,0.0,0.34,0.251,0.76,0.159,540.5,0.021
ST016,2016-11-25,0.0,3.46,0.225,0.76,0.159,540.5,0.0513
ST016,2016-12-02,0.0,2.6,0.215,0.76,0.159,540.5,0.0417
ST016,2016-12-09,0.0,5.98,0.187,0.76,0.159,540.5,0.0257
ST016,2016-12-16,0.0,2.14,0.174,0.76,0.159,540.5,0.0311
ST016,2016-12-23,6.68,-0.73,0.154,0.76,0.159,540.5,0.0758
ST016,2016-12-30,0.0,-2.99,0.123,0.76,0.159,540.5,0.0462
ST016,2017-01-06,0.0,-2.98,0.109,0.76,0.159,540.5,0.036
ST016,2017-01-13,0.0,-1.67,0.113,0.76,0.159,540.5,0.0447
ST016,2017-01-20,0.0,-3.98,0.137,0.76,0.159,540.5,0.0451
ST016,2017-01-27,0.0,-2.94,0.06,0.76,0.159,540.5,0.0274
ST016,2017-02-03,0.0,-2.15,0.077,0.76,0.159,540.5,0.03
ST016,2017-02-10,0.0,1.29,0.09,0.76,0.159,540.5,0.0266
ST016,2017-02-17,0.0,-1.57,0.076,0.76,0.159,540.5,0.0332
ST016,2017-02-24,0.0,-0.35,0.1,0.76,0.159,540.5,0.0441
ST016,2017-03-03,5.96,5.02,0.075,0.76,0.159,540.5,0.1099
ST016,2017-03-10,0.0,1.28,0.105,0.76,0.159,540.5,0.1159
ST016,2017-03-17,0.0,4.77,0.181,0.76,0.159,540.5,0.0603
ST016,2017-03-24,0.0,5.26,0.156,0.76,0.159,540.5,0.038
ST016,2017-03-31,4.89,0.53,0.194,0.76,0.159,540.5,0.1549
ST016,2017-04-07,0.0,5.13,0.186,0.76,0.159,540.5,0.0827
ST016,2017-04-14,13.15,8.49,0.26,0.76,0.159,540.5,0.1234
ST016,2017-04-21,0.0,13.62,0.199,0.76,0.159,540.5,0.0537
ST016,2017-04-28,0.0,11.76,0.314,0.76,0.159,540.5,0.1217
ST016,2017-05-05,5.34,14.42,0.33,0.76,0.159,540.5,0.064
ST016,2017-05-12,0.0,13.38,0.337,0.76,0.159,540.5,0.026
ST016,2017-05-19,9.65,13.58,0.391,0.76,0.159,540.5,0.0881
ST016,2017-05-26,2.48,16.99,0.411,0.76,0.159,540.5,0.0254
ST016,2017-06-02,0.0,18.36,0.483,0.76,0.159,540.5,0.0253
ST016,2017-06-09,0.0,20.0,0.43,0.76,0.159,540.5,0.0454
ST016,2017-06-16,0.0,21.02,0.582,0.76,0.159,540.5,0.02
ST016,2017-06-23,0.0,17.6,0.518,0.76,0.159,540.5,0.033
ST016,2017-06-30,0.0,15.38,0.572,0.76,0.159,540.5,0.1041
ST016,2017-07-07,0.0,25.61,0.635,0.76,0.159,540.5,0.0217
ST016,2017-07-14,0.0,22.75,0.591,0.76,0.159,540.5,0.0278
ST016,2017-07-21,0.0,22.81,0.604,0.76,0.159,540.5,0.0873
ST016,2017-07-28,0.0,18.64,0.573,0.76,0.159,540.5,0.1635
ST016,2017-08-04,2.81,17.76,0.596,0.76,0.159,540.5,0.0544
ST016,2017-08-11,0.0,19.85,0.667,0.76,0.159,540.5,0.0373
ST016,2017-08-18,0.0,12.46,0.6,0.76,0.159,540.5,0.0588
ST016,2017-08-25,0.0,15.62,0.673,0.76,0.159,540.5,0.046
ST016,2017-09-01,0.0,15.74,0.601,0.76,0.159,540.5,0.0387
ST016,2017-09-08,0.0,17.17,0.612,0.76,0.159,540.5,0.0446
ST016,2017-09-15,0.0,14.75,0.493,0.76,0.159,540.5,0.0241
ST016,2017-09-22,0.0,14.27,0.505,0.76,0.159,540.5,0.0453
ST016,2017-09-29,0.0,10.33,0.488,0.76,0.159,540.5,0.0353
ST016,2017-10-06,0.0,10.68,0.474,0.76,0.159,540.5,0.0397
ST016,2017-10-13,0.0,8.36,0.495,0.76,0.159,540.5,0.0375
ST016,2017-10-20,0.0,6.57,0.44,0.76,0.159,540.5,0.0263
ST016,2017-10-27,0.0,3.02,0.401,0.76,0.159,540.5,0.0476
ST016,2017-11-03,0.0,3.93,0.428,0.76,0.159,540.5,0.0389
ST016,2017-11-10,0.0,2.79,0.359,0.76,0.159,540.5,0.0261
ST016,2017-11-17,0.0,0.22,0.349,0.76,0.159,540.5,0.0356
ST016,2017-11-24,0.0,-0.26,0.278,0.76,0.159,540.5,0.0498
ST016,2017-12-01,0.0,-0.76,0.29,0.76,0.159,540.5,0.0388
ST016,2017-12-08,0.0,2.97,0.212,0.76,0.159,540.5,0.0493
ST016,2017-12-15,0.0,2.61,0.176,0.76,0.159,540.5,0.0336
ST016,2017-12-22,0.0,0.66,0.185,0.76,0.159,540.5,0.0387
ST016,2017-12-29,0.0,-2.76,0.125,0.76,0.159,540.5,0.036
ST016,2018-01-05,0.0,-1.23,0.136,0.76,0.159,540.5,0.0378
ST016,2018-01-12,0.0,-0.62,0.135,0.76,0.159,540.5,0.0692
ST016,2018-01-19,0.0,-2.88,0.05,0.76,0.159,540.5,0.0472
ST016,2018-01-26,0.0,-0.83,0.05,0.76,0.159,540.5,0.038
ST016,2018-02-02,0.0,-1.55,0.093,0.76,0.159,540.5,0.0374
ST016,2018-02-09,0.0,2.54,0.073,0.76,0.159,540.5,0.0373
ST016,2018-02-16,14.77,-0.37,0.05,0.76,0.159,540.5,0.1068
ST016,2018-02-23,0.0,2.17,0.076,0.76,0.159,540.5,0.0544
ST016,2018-03-02,0.0,1.11,0.071,0.76,0.159,540.5,0.0694
ST016,2018-03-09,0.0,-0.55,0.086,0.76,0.159,540.5,0.0427
ST016,2018-03-16,0.0,2.45,0.157,0.76,0.159,540.5,0.0676
ST016,2018-03-23,0.0,5.54,0.124,0.76,0.159,540.5,0.031
ST016,2018-03-30,9.76,5.95,0.222,0.76,0.159,540.5,0.0899
ST016,2018-04-06,0.0,8.95,0.196,0.76,0.159,540.5,0.0419
ST016,2018-04-13,0.0,9.36,0.16,0.76,0.159,540.5,0.1262
ST016,2018-04-20,0.0,11.64,0.275,0.76,0.159,540.5,0.1105
ST016,2018-04-27,0.0,9.99,0.335,0.76,0.159,540.5,0.0356
ST016,2018-05-04,0.0,10.75,0.314,0.76,0.159,540.5,0.0715
ST016,2018-05-11,0.0,13.18,0.387,0.76,0.159,540.5,0.0835
ST016,2018-05-18,2.04,21.21,0.399,0.76,0.159,540.5,0.036
ST016,2018-05-25,0.0,18.4,0.398,0.76,0.159,540.5,0.0972
ST016,2018-06-01,0.0,19.42,0.451,0.76,0.159,540.5,0.0359
ST016,2018-06-08,6.87,16.96,0.465,0.76,0.159,540.5,0.0595
ST016,2018-06-15,0.0,20.59,0.466,0.76,0.159,540.5,0.0457
ST016,2018-06-22,0.0,17.42,0.528,0.76,0.159,540.5,0.0439
ST016,2018-06-29,0.0,18.98,0.524,0.76,0.159,540.5,0.0405
ST016,2018-07-06,0.0,18.96,0.572,0.76,0.159,540.5,0.0464
ST016,2018-07-13,0.0,21.43,0.6,0.76,0.159,540.5,0.1595
ST016,2018-07-20,0.0,18.7,0.617,0.76,0.159,540.5,0.037
ST016,2018-07-27,0.0,22.07,0.608,0.76,0.159,540.5,0.0314
ST016,2018-08-03,0.0,21.71,0.659,0.76,0.159,540.5,0.0398
ST016,2018-08-10,0.0,21.36,0.621,0.76,0.159,540.5,0.0363
ST016,2018-08-17,0.0,22.54,0.602,0.76,0.159,540.5,0.1425
ST016,2018-08-24,0.0,17.04,0.65,0.76,0.159,540.5,0.0287
ST016,2018-08-31,5.81,18.1,0.547,0.76,0.159,540.5,0.0407
ST016,2018-09-07,0.0,15.62,0.562,0.76,0.159,540.5,0.0253
ST016,2018-09-14,2.62,13.87,0.601,0.76,0.159,540.5,0.0564
ST016,2018-09-21,0.0,16.18,0.571,0.76,0.159,540.5,0.0359
ST016,2018-09-28,0.0,12.5,0.517,0.76,0.159,540.5,0.0445
ST016,2018-10-05,0.0,10.45,0.525,0.76,0.159,540.5,0.0316
ST016,2018-10-12,0.0,11.27,0.46,0.76,0.159,540.5,0.025
ST016,2018-10-19,0.0,5.73,0.461,0.76,0.159,540.5,0.0296
ST016,2018-10-26,0.0,4.46,0.417,0.76,0.159,540.5,0.0365
ST016,2018-11-02,0.0,9.25,0.399,0.76,0.159,540.5,0.0467
ST016,2018-11-09,0.0,4.22,0.304,0.76,0.159,540.5,0.0566
ST016,2018-11-16,0.0,3.47,0.31,0.76,0.159,540.5,0.0382
ST016,2018-11-23,0.0,5.73,0.273,0.76,0.159,540.5,0.0292
ST016,2018-11-30,0.84,-0.14,0.286,0.76,0.159,540.5,0.0439
ST016,2018-12-07,0.0,1.05,0.215,0.76,0.159,540.5,0.0392
ST016,2018-12-14,0.0,0.69,0.214,0.76,0.159,540.5,0.0324
ST016,2018-12-21,0.0,-3.68,0.15,0.76,0.159,540.5,0.0501
ST016,2018-12-28,0.0,-4.04,0.146,0.76,0.159,540.5,0.0427
ST016,2019-01-04,0.0,-2.56,0.114,0.76,0.159,540.5,0.0302
ST016,2019-01-11,0.0,-4.13,0.067,0.76,0.159,540.5,0.0325
ST016,2019-01-18,0.0,-1.2,0.113,0.76,0.159,540.5,0.026
ST016,2019-01-25,0.0,-4.51,0.05,0.76,0.159,540.5,0.0385
ST016,2019-02-01,0.0,1.2,0.105,0.76,0.159,540.5,0.0351
ST016,2019-02-08,0.0,-1.35,0.104,0.76,0.159,540.5,0.0392
ST016,2019-02-15,0.0,2.76,0.05,0.76,0.159,540.5,0.0467
ST016,2019-02-22,0.0,-0.93,0.083,0.76,0.159,540.5,0.0712
ST016,2019-03-01,0.0,4.73,0.095,0.76,0.159,540.5,0.0448
ST016,2019-03-08,2.18,2.74,0.114,0.76,0.159,540.5,0.0614
ST016,2019-03-15,0.0,3.81,0.115,0.76,0.159,540.5,0.0477
ST016,2019-03-22,0.0,3.07,0.186,0.76,0.159,540.5,0.0887
ST016,2019-03-29,0.0,3.74,0.166,0.76,0.159,540.5,0.0698
ST016,2019-04-05,0.0,9.49,0.231,0.76,0.159,540.5,0.0349
ST016,2019-04-12,0.0,3.53,0.207,0.76,0.159,540.5,0.169
ST016,2019-04-19,0.0,6.46,0.246,0.76,0.159,540.5,0.1264
ST016,2019-04-26,0.0,14.48,0.274,0.76,0.159,540.5,0.0345
ST016,2019-05-03,0.0,14.74,0.324,0.76,0.159,540.5,0.0418
ST016,2019-05-10,1.36,10.91,0.363,0.76,0.159,540.5,0.0538
ST016,2019-05-17,0.0,17.51,0.358,0.76,0.159,540.5,0.0249
ST016,2019-05-24,0.0,14.51,0.44,0.76,0.159,540.5,0.0899
ST016,2019-05-31,0.0,16.04,0.419,0.76,0.159,540.5,0.1164
ST016,2019-06-07,0.0,18.74,0.465,0.76,0.159,540.5,0.0346
ST016,2019-06-14,0.0,18.23,0.505,0.76,0.159,540.5,0.0312
ST016,2019-06-21,0.0,20.82,0.482,0.76,0.159,540.5,0.0413
ST016,2019-06-28,0.0,20.6,0.496,0.76,0.159,540.5,0.0317
ST016,2019-07-05,0.0,18.88,0.573,0.76,0.159,540.5,0.036
ST016,2019-07-12,0.0,23.67,0.609,0.76,0.159,540.5,0.0731
ST016,2019-07-19,14.15,19.33,0.554,0.76,0.159,540.5,0.0896
ST016,2019-07-26,0.0,22.9,0.588,0.76,0.159,540.5,0.0696
ST016,2019-08-02,0.0,23.51,0.631,0.76,0.159,540.5,0.0218
ST016,2019-08-09,0.0,19.86,0.56,0.76,0.159,540.5,0.0364
ST016,2019-08-16,0.0,19.43,0.631,0.76,0.159,540.5,0.0553
ST016,2019-08-23,0.0,11.71,0.62,0.76,0.159,540.5,0.0236
ST016,2019-08-30,0.0,16.81,0.662,0.76,0.159,540.5,0.0482
ST016,2019-09-06,13.53,16.16,0.602,0.76,0.159,540.5,0.0908
ST016,2019-09-13,0.0,10.62,0.596,0.76,0.159,540.5,0.0348
ST016,2019-09-20,0.0,16.18,0.572,0.76,0.159,540.5,0.0368
ST016,2019-09-27,0.0,10.09,0.499,0.76,0.159,540.5,0.0236
ST016,2019-10-04,0.0,10.75,0.508,0.76,0.159,540.5,0.0301
ST016,2019-10-11,0.0,9.99,0.473,0.76,0.159,540.5,0.1874
ST016,2019-10-18,0.0,8.72,0.417,0.76,0.159,540.5,0.0437
ST016,2019-10-25,0.0,3.86,0.414,0.76,0.159,540.5,0.0345
ST016,2019-11-01,0.0,0.05,0.39,0.76,0.159,540.5,0.031
ST016,2019-11-08,0.0,9.43,0.318,0.76,0.159,540.5,0.026
ST016,2019-11-15,0.0,1.86,0.356,0.76,0.159,540.5,0.0259
ST016,2019-11-22,0.0,2.29,0.296,0.76,0.159,540.5,0.0336
ST016,2019-11-29,0.0,1.68,0.214,0.76,0.159,540.5,0.0369
ST016,2019-12-06,0.0,3.04,0.195,0.76,0.159,540.5,0.0307
ST016,2019-12-13,0.0,-1.98,0.235,0.76,0.159,540.5,0.0369
ST016,2019-12-20,0.0,-0.2,0.201,0.76,0.159,540.5,0.0229
ST016,2019-12-27,0.0,0.49,0.152,0.76,0.159,540.5,0.0323
ST016,2020-01-03,0.0,-0.15,0.147,0.76,0.159,540.5,0.0398
ST016,2020-01-10,0.0,-3.8,0.135,0.76,0.159,540.5,0.0341
ST016,2020-01-17,0.0,-1.29,0.067,0.76,0.159,540.5,0.1011
ST016,2020-01-24,0.0,-0.71,0.083,0.76,0.159,540.5,0.0565
ST016,2020-01-31,0.0,-4.23,0.078,0.76,0.159,540.5,0.0458
ST016,2020-02-07,0.0,-1.04,0.09,0.76,0.159,540.5,0.0328
ST016,2020-02-14,0.0,0.03,0.155,0.76,0.159,540.5,0.0434
ST016,2020-02-21,0.0,-1.55,0.067,0.76,0.159,540.5,0.026
ST016,2020-02-28,31.73,6.25,0.096,0.76,0.159,540.5,0.1943
ST016,2020-03-06,0.0,1.37,0.092,0.76,0.159,540.5,0.0994
ST016,2020-03-13,11.59,-4.65,0.147,0.76,0.159,540.5,0.0933
ST016,2020-03-20,0.0,5.15,0.144,0.76,0.159,540.5,0.0983
ST016,2020-03-27,0.0,6.6,0.146,0.76,0.159,540.5,0.0566
ST016,2020-04-03,0.0,11.12,0.143,0.76,0.159,540.5,0.0275
ST016,2020-04-10,41.5,8.31,0.218,0.76,0.159,540.5,0.2673
ST016,2020-04-17,0.0,6.73,0.295,0.76,0.159,540.5,0.1336
ST016,2020-04-24,0.0,9.88,0.32,0.76,0.159,540.5,0.0584
ST016,2020-05-01,0.0,10.37,0.308,0.76,0.159,540.5,0.048
ST016,2020-05-08,0.0,11.51,0.323,0.76,0.159,540.5,0.0427
ST016,2020-05-15,0.0,14.06,0.373,0.76,0.159,540.5,0.0526
ST016,2020-05-22,0.0,15.66,0.463,0.76,0.159,540.5,0.0258
ST016,2020-05-29,0.0,19.03,0.451,0.76,0.159,540.5,0.0465
ST016,2020-06-05,0.0,14.42,0.479,0.76,0.159,540.5,0.0743
ST016,2020-06-12,0.0,21.46,0.532,0.76,0.159,540.5,0.045
ST016,2020-06-19,0.0,20.22,0.546,0.76,0.159,540.5,0.0362
ST016,2020-06-26,0.0,15.67,0.566,0.76,0.159,540.5,0.0201
ST016,2020-07-03,0.0,22.7,0.62,0.76,0.159,540.5,0.0257
ST016,2020-07-10,0.0,21.52,0.609,0.76,0.159,540.5,0.0338
ST016,2020-07-17,0.0,20.87,0.596,0.76,0.159,540.5,0.0419
ST016,2020-07-24,0.0,16.79,0.609,0.76,0.159,540.5,0.0294
ST016,2020-07-31,0.0,18.76,0.697,0.76,0.159,540.5,0.0363
ST016,2020-08-07,13.08,20.46,0.672,0.76,0.159,540.5,0.068
ST016,2020-08-14,0.0,15.86,0.622,0.76,0.159,540.5,0.0491
ST016,2020-08-21,0.0,17.68,0.571,0.76,0.159,540.5,0.0294
ST016,2020-08-28,8.34,14.86,0.566,0.76,0.159,540.5,0.1018
ST016,2020-09-04,0.0,17.55,0.574,0.76,0.159,540.5,0.0344
ST016,2020-09-11,28.0,16.38,0.529,0.76,0.159,540.5,0.1403
ST016,2020-09-18,3.18,14.56,0.593,0.76,0.159,540.5,0.0417
ST016,2020-09-25,0.0,13.25,0.531,0.76,0.159,540.5,0.0438
ST016,2020-10-02,0.0,10.35,0.516,0.76,0.159,540.5,0.0277
ST016,2020-10-09,0.22,11.42,0.501,0.76,0.159,540.5,0.0491
ST016,2020-10-16,0.0,13.7,0.43,0.76,0.159,540.5,0.0325
ST016,2020-10-23,1.69,6.93,0.41,0.76,0.159,540.5,0.0401
ST016,2020-10-30,0.0,10.4,0.385,0.76,0.159,540.5,0.0299
ST016,2020-11-06,3.08,2.01,0.301,0.76,0.159,540.5,0.0255
ST016,2020-11-13,0.0,1.76,0.287,0.76,0.159,540.5,0.0452
ST016,2020-11-20,0.0,3.19,0.284,0.76,0.159,540.5,0.034
ST016,2020-11-27,0.0,5.38,0.227,0.76,0.159,540.5,0.0391
ST016,2020-12-04,0.0,4.73,0.165,0.76,0.159,540.5,0.0424
ST016,2020-12-11,0.0,1.13,0.14,0.76,0.159,540.5,0.0255
ST016,2020-12-18,0.0,-1.04,0.147,0.76,0.159,540.5,0.0834
ST016,2020-12-25,0.0,-0.81,0.115,0.76,0.159,540.5,0.0491
ST017,2016-01-01,4.3,-5.03,0.131,0.656,0.091,1163.1,0.1928
ST017,2016-01-08,0.0,-5.31,0.115,0.656,0.091,1163.1,0.1226
ST017,2016-01-15,0.0,-4.42,0.078,0.656,0.091,1163.1,0.045
ST017,2016-01-22,0.0,-6.72,0.177,0.656,0.091,1163.1,0.0229
ST017,2016-01-29,0.0,-4.74,0.117,0.656,0.091,1163.1,0.0416
ST017,2016-02-05,0.0,-5.99,0.096,0.656,0.091,1163.1,0.032
ST017,2016-02-12,0.0,-4.77,0.094,0.656,0.091,1163.1,0.0284
ST017,2016-02-19,0.0,-4.13,0.102,0.656,0.091,1163.1,0.0593
ST017,2016-02-26,0.0,-1.35,0.172,0.656,0.091,1163.1,0.0697
ST017,2016-03-04,0.0,-6.9,0.136,0.656,0.091,1163.1,0.0424
ST017,2016-03-11,0.0,-2.17,0.132,0.656,0.091,1163.1,0.0325
ST017,2016-03-18,16.51,2.28,0.134,0.656,0.091,1163.1,0.1041
ST017,2016-03-25,1.34,1.13,0.192,0.656,0.091,1163.1,0.1319
ST017,2016-04-01,11.0,8.5,0.212,0.656,0.091,1163.1,0.1774
ST017,2016-04-08,5.95,6.35,0.236,0.656,0.091,1163.1,0.0781
ST017,2016-04-15,0.0,8.3,0.26,0.656,0.091,1163.1,0.094
ST017,2016-04-22,0.0,5.59,0.249,0.656,0.091,1163.1,0.02
ST017,2016-04-29,0.0,7.04,0.317,0.656,0.091,1163.1,0.041
ST017,2016-05-06,0.0,12.95,0.336,0.656,0.091,1163.1,0.1184
ST017,2016-05-13,0.0,12.69,0.406,0.656,0.091,1163.1,0.1421
ST017,2016-05-20,0.0,13.51,0.378,0.656,0.091,1163.1,0.047
ST017,2016-05-27,0.0,10.27,0.436,0.656,0.091,1163.1,0.033
ST017,2016-06-03,24.64,10.32,0.46,0.656,0.091,1163.1,0.2305
ST017,2016-06-10,0.0,12.89,0.471,0.656,0.091,1163.1,0.1122
ST017,2016-06-17,0.0,18.48,0.436,0.656,0.091,1163.1,0.0512
ST017,2016-06-24,0.0,18.78,0.493,0.656,0.091,1163.1,0.0341
ST017,2016-07-01,0.0,13.67,0.547,0.656,0.091,1163.1,0.0363
ST017,2016-07-08,0.0,16.87,0.538,0.656,0.091,1163.1,0.0337
ST017,2016-07-15,0.0,17.55,0.601,0.656,0.091,1163.1,0.0621
ST017,2016-07-22,0.0,18.83,0.578,0.656,0.091,1163.1,0.0468
ST017,2016-07-29,0.0,21.46,0.605,0.656,0.091,1163.1,0.1375
ST017,2016-08-05,0.0,15.89,0.599,0.656,0.091,1163.1,0.0631
ST017,2016-08-12,0.0,17.32,0.583,0.656,0.091,1163.1,0.02
ST017,2016-08-19,0.0,13.14,0.58,0.656,0.091,1163.1,0.0365
ST017,2016-08-26,0.0,14.04,0.516,0.656,0.091,1163.1,0.0799
ST017,2016-09-02,0.0,13.65,0.548,0.656,0.091,1163.1,0.0251
ST017,2016-09-09,0.0,13.63,0.552,0.656,0.091,1163.1,0.0407
ST017,2016-09-16,0.0,7.19,0.535,0.656,0.091,1163.1,0.0306
ST017,2016-09-23,0.0,12.22,0.527,0.656,0.091,1163.1,0.0352
ST017,2016-09-30,0.0,11.97,0.489,0.656,0.091,1163.1,0.02
ST017,2016-10-07,0.0,8.32,0.477,0.656,0.091,1163.1,0.051
ST017,2016-10-14,0.0,4.1,0.451,0.656,0.091,1163.1,0.0322
ST017,2016-10-21,0.0,1.94,0.446,0.656,0.091,1163.1,0.0477
ST017,2016-10-28,0.0,3.62,0.424,0.656,0.091,1163.1,0.0269
ST017,2016-11-04,0.0,0.02,0.338,0.656,0.091,1163.1,0.02
ST017,2016-11-11,0.0,0.79,0.35,0.656,0.091,1163.1,0.0346
ST017,2016-11-18,0.0,1.58,0.308,0.656,0.091,1163.1,0.0283
ST017,2016-11-25,0.0,-0.24,0.313,0.656,0.091,1163.1,0.0509
ST017,2016-12-02,0.0,-3.18,0.29,0.656,0.091,1163.1,0.0337
ST017,2016-12-09,0.0,-3.17,0.208,0.656,0.091,1163.1,0.0317
ST017,2016-12-16,3.11,-5.69,0.27,0.656,0.091,1163.1,0.051
ST017,2016-12-23,0.0,-7.04,0.171,0.656,0.091,1163.1,0.0335
ST017,2016-12-30,0.0,-4.99,0.216,0.656,0.091,1163.1,0.02
ST017,2017-01-06,0.0,-4.53,0.159,0.656,0.091,1163.1,0.02
ST017,2017-01-13,0.0,-6.19,0.114,0.656,0.091,1163.1,0.0325
ST017,2017-01-20,0.0,-4.82,0.149,0.656,0.091,1163.1,0.0382
ST017,2017-01-27,0.0,-4.58,0.104,0.656,0.091,1163.1,0.02
ST017,2017-02-03,0.0,-5.88,0.091,0.656,0.091,1163.1,0.0301
ST017,2017-02-10,0.0,-7.77,0.107,0.656,0.091,1163.1,0.0339
ST017,2017-02-17,0.0,-3.87,0.09,0.656,0.091,1163.1,0.0527
ST017,2017-02-24,0.0,-3.13,0.117,0.656,0.091,1163.1,0.094
ST017,2017-03-03,3.7,-5.72,0.122,0.656,0.091,1163.1,0.0965
ST017,2017-03-10,0.0,0.59,0.117,0.656,0.091,1163.1,0.1201
ST017,2017-03-17,0.0,2.87,0.145,0.656,0.091,1163.1,0.1567
ST017,2017-03-24,26.94,1.87,0.149,0.656,0.091,1163.1,0.3959
ST017,2017-03-31,0.0,3.51,0.2,0.656,0.091,1163.1,0.3163
ST017,2017-04-07,0.0,3.67,0.21,0.656,0.091,1163.1,0.1329
ST017,2017-04-14,0.0,6.73,0.238,0.656,0.091,1163.1,0.2816
ST017,2017-04-21,0.0,6.81,0.252,0.656,0.091,1163.1,0.124
ST017,2017-04-28,53.18,9.68,0.311,0.656,0.091,1163.1,0.2561
ST017,2017-05-05,0.0,6.8,0.362,0.656,0.091,1163.1,0.0836
ST017,2017-05-12,0.0,13.22,0.35,0.656,0.091,1163.1,0.2526
ST017,2017-05-19,0.0,11.93,0.406,0.656,0.091,1163.1,0.1595
ST017,2017-05-26,0.0,12.41,0.4,0.656,0.091,1163.1,0.3139
ST017,2017-06-02,2.64,11.66,0.47,0.656,0.091,1163.1,0.1623
ST017,2017-06-09,0.0,14.68,0.474,0.656,0.091,1163.1,0.084
ST017,2017-06-16,0.0,20.62,0.472,0.656,0.091,1163.1,0.2834
ST017,2017-06-23,0.0,18.86,0.55,0.656,0.091,1163.1,0.0838
ST017,2017-06-30,0.0,13.95,0.574,0.656,0.091,1163.1,0.136
ST017,2017-07-07,2.2,14.01,0.54,0.656,0.091,1163.1,0.0234
ST017,2017-07-14,0.0,16.58,0.596,0.656,0.091,1163.1,0.0527
ST017,2017-07-21,0.0,16.91,0.629,0.656,0.091,1163.1,0.0345
ST017,2017-07-28,0.0,13.38,0.583,0.656,0.091,1163.1,0.0388
ST017,2017-08-04,0.0,17.24,0.565,0.656,0.091,1163.1,0.02
ST017,2017-08-11,0.0,17.41,0.604,0.656,0.091,1163.1,0.0289
ST017,2017-08-18,1.45,12.8,0.582,0.656,0.091,1163.1,0.0275
ST017,2017-08-25,0.0,12.94,0.581,0.656,0.091,1163.1,0.022
ST017,2017-09-01,0.96,16.11,0.559,0.656,0.091,1163.1,0.0333
ST017,2017-09-08,0.0,15.07,0.611,0.656,0.091,1163.1,0.023
ST017,2017-09-15,0.0,12.78,0.552,0.656,0.091,1163.1,0.025
ST017,2017-09-22,0.0,9.71,0.531,0.656,0.091,1163.1,0.02
ST017,2017-09-29,0.0,10.52,0.506,0.656,0.091,1163.1,0.0674
ST017,2017-10-06,0.0,9.0,0.465,0.656,0.091,1163.1,0.0845
ST017,2017-10-13,0.0,3.47,0.495,0.656,0.091,1163.1,0.0202
ST017,2017-10-20,0.0,2.21,0.425,0.656,0.091,1163.1,0.0313
ST017,2017-10-27,0.0,5.28,0.398,0.656,0.091,1163.1,0.1304
ST017,2017-11-03,0.0,0.75,0.404,0.656,0.091,1163.1,0.0551
ST017,2017-11-10,4.23,2.23,0.426,0.656,0.091,1163.1,0.062
ST017,2017-11-17,0.0,-2.56,0.341,0.656,0.091,1163.1,0.089
ST017,2017-11-24,8.69,-0.17,0.343,0.656,0.091,1163.1,0.0908
ST017,2017-12-01,0.0,0.3,0.261,0.656,0.091,1163.1,0.0519
ST017,2017-12-08,0.0,-4.41,0.229,0.656,0.091,1163.1,0.0298
ST017,2017-12-15,0.0,-2.93,0.217,0.656,0.091,1163.1,0.0227
ST017,2017-12-22,0.0,-2.79,0.223,0.656,0.091,1163.1,0.0596
ST017,2017-12-29,0.0,-9.22,0.199,0.656,0.091,1163.1,0.0296
ST017,2018-01-05,0.0,-2.9,0.132,0.656,0.091,1163.1,0.0245
ST017,2018-01-12,0.0,-6.23,0.177,0.656,0.091,1163.1,0.0247
ST017,2018-01-19,0.0,-10.05,0.125,0.656,0.091,1163.1,0.0303
ST017,2018-01-26,0.0,-4.61,0.114,0.656,0.091,1163.1,0.0245
ST017,2018-02-02,0.0,-6.31,0.101,0.656,0.091,1163.1,0.0231
ST017,2018-02-09,0.0,-4.82,0.124,0.656,0.091,1163.1,0.0343
ST017,2018-02-16,0.0,-3.62,0.117,0.656,0.091,1163.1,0.1394
ST017,2018-02-23,0.0,-3.07,0.114,0.656,0.091,1163.1,0.067
ST017,2018-03-02,0.0,-6.29,0.143,0.656,0.091,1163.1,0.0699
ST017,2018-03-09,0.0,-2.67,0.148,0.656,0.091,1163.1,0.0364
ST017,2018-03-16,0.0,-1.68,0.206,0.656,0.091,1163.1,0.0301
ST017,2018-03-23,0.0,1.95,0.183,0.656,0.091,1163.1,0.0206
ST017,2018-03-30,0.0,3.89,0.19,0.656,0.091,1163.1,0.02
ST017,2018-04-06,0.0,3.0,0.262,0.656,0.091,1163.1,0.02
ST017,2018-04-13,17.46,-0.67,0.228,0.656,0.091,1163.1,0.0894
ST017,2018-04-20,1.1,4.94,0.288,0.656,0.091,1163.1,0.0574
ST017,2018-04-27,3.25,8.37,0.296,0.656,0.091,1163.1,0.0352
ST017,2018-05-04,3.81,9.27,0.352,0.656,0.091,1163.1,0.0587
ST017,2018-05-11,0.0,11.05,0.316,0.656,0.091,1163.1,0.0452
ST017,2018-05-18,0.0,7.56,0.378,0.656,0.091,1163.1,0.1573
ST017,2018-05-25,0.0,10.37,0.386,0.656,0.091,1163.1,0.02
ST017,2018-06-01,0.0,10.59,0.387,0.656,0.091,1163.1,0.0617
ST017,2018-06-08,0.0,13.62,0.463,0.656,0.091,1163.1,0.0496
ST017,2018-06-15,0.0,13.99,0.489,0.656,0.091,1163.1,0.2116
ST017,2018-06-22,17.97,14.01,0.5,0.656,0.091,1163.1,0.2963
ST017,2018-06-29,0.0,17.61,0.517,0.656,0.091,1163.1,0.1494
ST017,2018-07-06,0.0,14.98,0.551,0.656,0.091,1163.1,0.0742
ST017,2018-07-13,0.0,16.2,0.582,0.656,0.091,1163.1,0.1305
ST017,2018-07-20,0.0,16.58,0.523,0.656,0.091,1163.1,0.026
ST017,2018-07-27,1.03,14.86,0.583,0.656,0.091,1163.1,0.0293
ST017,2018-08-03,0.0,18.54,0.626,0.656,0.091,1163.1,0.0658
ST017,2018-08-10,0.0,16.15,0.598,0.656,0.091,1163.1,0.0259
ST017,2018-08-17,0.0,11.0,0.596,0.656,0.091,1163.1,0.0388
ST017,2018-08-24,0.0,15.31,0.627,0.656,0.091,1163.1,0.0356
ST017,2018-08-31,0.0,15.35,0.601,0.656,0.091,1163.1,0.0303
ST017,2018-09-07,0.0,12.85,0.617,0.656,0.091,1163.1,0.0362
ST017,2018-09-14,7.99,6.11,0.603,0.656,0.091,1163.1,0.1402
ST017,2018-09-21,0.0,10.66,0.549,0.656,0.091,1163.1,0.06
ST017,2018-09-28,7.9,8.76,0.436,0.656,0.091,1163.1,0.053
ST017,2018-10-05,0.0,5.7,0.493,0.656,0.091,1163.1,0.0383
ST017,2018-10-12,4.33,10.23,0.48,0.656,0.091,1163.1,0.0356
ST017,2018-10-19,0.0,3.99,0.372,0.656,0.091,1163.1,0.02
ST017,2018-10-26,0.0,0.72,0.435,0.656,0.091,1163.1,0.0796
ST017,2018-11-02,0.0,2.91,0.368,0.656,0.091,1163.1,0.0601
ST017,2018-11-09,0.0,0.8,0.348,0.656,0.091,1163.1,0.063
ST017,2018-11-16,0.0,-1.52,0.286,0.656,0.091,1163.1,0.0302
ST017,2018-11-23,0.0,-10.0,0.241,0.656,0.091,1163.1,0.0785
ST017,2018-11-30,0.0,-2.44,0.234,0.656,0.091,1163.1,0.0291
ST017,2018-12-07,0.0,0.32,0.245,0.656,0.091,1163.1,0.034
ST017,2018-12-14,0.0,-0.99,0.257,0.656,0.091,1163.1,0.046
ST017,2018-12-21,0.0,-6.08,0.192,0.656,0.091,1163.1,0.0438
ST017,2018-12-28,0.0,-2.09,0.206,0.656,0.091,1163.1,0.0288
ST017,2019-01-04,0.0,-0.87,0.182,0.656,0.091,1163.1,0.02
ST017,2019-01-11,0.0,-3.81,0.117,0.656,0.091,1163.1,0.0843
ST017,2019-01-18,2.12,-5.14,0.132,0.656,0.091,1163.1,0.0592
ST017,2019-01-25,0.0,-1.36,0.078,0.656,0.091,1163.1,0.131
ST017,2019-02-01,0.0,-5.53,0.072,0.656,0.091,1163.1,0.0613
ST017,2019-02-08,4.68,-7.11,0.129,0.656,0.091,1163.1,0.0708
ST017,2019-02-15,0.0,-3.03,0.162,0.656,0.091,1163.1,0.0533
ST017,2019-02-22,4.07,-2.56,0.058,0.656,0.091,1163.1,0.0583
ST017,2019-03-01,2.09,-4.3,0.088,0.656,0.091,1163.1,0.0837
ST017,2019-03-08,0.0,-1.08,0.144,0.656,0.091,1163.1,0.0794
ST017,2019-03-15,38.0,-2.49,0.108,0.656,0.091,1163.1,0.2686
ST017,2019-03-22,0.0,-2.06,0.125,0.656,0.091,1163.1,0.1406
ST017,2019-03-29,13.09,1.15,0.221,0.656,0.091,1163.1,0.1656
ST017,2019-04-05,0.0,1.41,0.201,0.656,0.091,1163.1,0.0822
ST017,2019-04-12,0.0,2.35,0.234,0.656,0.091,1163.1,0.021
ST017,2019-04-19,0.0,8.96,0.289,0.656,0.091,1163.1,0.0421
ST017,2019-04-26,0.0,6.98,0.28,0.656,0.091,1163.1,0.02
ST017,2019-05-03,4.43,8.68,0.318,0.656,0.091,1163.1,0.1139
ST017,2019-05-10,6.17,8.26,0.318,0.656,0.091,1163.1,0.3723
ST017,2019-05-17,0.0,11.19,0.406,0.656,0.091,1163.1,0.1193
ST017,2019-05-24,0.0,13.25,0.431,0.656,0.091,1163.1,0.029
ST017,2019-05-31,7.94,14.41,0.438,0.656,0.091,1163.1,0.0971
ST017,2019-06-07,0.0,14.77,0.444,0.656,0.091,1163.1,0.0544
ST017,2019-06-14,0.0,15.34,0.481,0.656,0.091,1163.1,0.02
ST017,2019-06-21,2.31,13.39,0.533,0.656,0.091,1163.1,0.039
ST017,2019-06-28,8.75,18.05,0.498,0.656,0.091,1163.1,0.0998
ST017,2019-07-05,0.0,14.42,0.56,0.656,0.091,1163.1,0.1767
ST017,2019-07-12,0.0,17.88,0.583,0.656,0.091,1163.1,0.0402
ST017,2019-07-19,0.0,15.65,0.604,0.656,0.091,1163.1,0.02
ST017,2019-07-26,0.0,12.78,0.613,0.656,0.091,1163.1,0.0217
ST017,2019-08-02,0.0,15.39,0.568,0.656,0.091,1163.1,0.0258
ST017,2019-08-09,0.0,11.85,0.543,0.656,0.091,1163.1,0.0295
ST017,2019-08-16,0.0,10.98,0.595,0.656,0.091,1163.1,0.0272
ST017,2019-08-23,0.09,11.28,0.603,0.656,0.091,1163.1,0.0619
ST017,2019-08-30,0.0,10.28,0.617,0.656,0.091,1163.1,0.0396
ST017,2019-09-06,0.0,9.48,0.567,0.656,0.091,1163.1,0.026
ST017,2019-09-13,0.0,6.31,0.559,0.656,0.091,1163.1,0.1112
ST017,2019-09-20,0.0,9.54,0.574,0.656,0.091,1163.1,0.0284
ST017,2019-09-27,16.58,10.16,0.505,0.656,0.091,1163.1,0.1294
ST017,2019-10-04,0.0,9.59,0.475,0.656,0.091,1163.1,0.02
ST017,2019-10-11,23.48,8.83,0.506,0.656,0.091,1163.1,0.1627
ST017,2019-10-18,0.0,2.91,0.375,0.656,0.091,1163.1,0.0388
ST017,2019-10-25,0.0,2.21,0.405,0.656,0.091,1163.1,0.036
ST017,2019-11-01,0.0,6.35,0.413,0.656,0.091,1163.1,0.0428
ST017,2019-11-08,0.0,3.07,0.362,0.656,0.091,1163.1,0.0419
ST017,2019-11-15,8.92,0.23,0.389,0.656,0.091,1163.1,0.0787
ST017,2019-11-22,0.0,1.17,0.306,0.656,0.091,1163.1,0.0324
ST017,2019-11-29,0.0,-5.02,0.261,0.656,0.091,1163.1,0.02
ST017,2019-12-06,0.0,-2.54,0.246,0.656,0.091,1163.1,0.0267
ST017,2019-12-13,0.0,-7.49,0.204,0.656,0.091,1163.1,0.0225
ST017,2019-12-20,0.0,-3.46,0.144,0.656,0.091,1163.1,0.0333
ST017,2019-12-27,0.0,-5.96,0.156,0.656,0.091,1163.1,0.0362
ST017,2020-01-03,0.0,-6.18,0.156,0.656,0.091,1163.1,0.0491
ST017,2020-01-10,0.0,-4.66,0.083,0.656,0.091,1163.1,0.0343
ST017,2020-01-17,0.0,-6.16,0.12,0.656,0.091,1163.1,0.0321
ST017,2020-01-24,0.0,-6.79,0.156,0.656,0.091,1163.1,0.0299
ST017,2020-01-31,3.35,-7.17,0.147,0.656,0.091,1163.1,0.0959
ST017,2020-02-07,0.0,-1.74,0.106,0.656,0.091,1163.1,0.1034
ST017,2020-02-14,0.0,-4.83,0.114,0.656,0.091,1163.1,0.1131
ST017,2020-02-21,0.0,-1.1,0.124,0.656,0.091,1163.1,0.0768
ST017,2020-02-28,3.06,-5.66,0.111,0.656,0.091,1163.1,0.107
ST017,2020-03-06,15.46,-1.62,0.137,0.656,0.091,1163.1,0.1463
ST017,2020-03-13,0.0,-3.57,0.126,0.656,0.091,1163.1,0.1091
ST017,2020-03-20,0.0,1.68,0.136,0.656,0.091,1163.1,0.2153
ST017,2020-03-27,5.92,-0.74,0.185,0.656,0.091,1163.1,0.0979
ST017,2020-04-03,25.41,1.16,0.218,0.656,0.091,1163.1,0.2452
ST017,2020-04-10,0.0,3.39,0.261,0.656,0.091,1163.1,0.2319
ST017,2020-04-17,0.0,8.15,0.281,0.656,0.091,1163.1,0.1744
ST017,2020-04-24,7.45,8.65,0.271,0.656,0.091,1163.1,0.0661
ST017,2020-05-01,0.0,9.59,0.335,0.656,0.091,1163.1,0.0446
ST017,2020-05-08,0.0,10.47,0.306,0.656,0.091,1163.1,0.1184
ST017,2020-05-15,19.73,10.81,0.323,0.656,0.091,1163.1,0.295
ST017,2020-05-22,0.0,14.76,0.403,0.656,0.091,1163.1,0.1495
ST017,2020-05-29,0.0,15.18,0.43,0.656,0.091,1163.1,0.0486
ST017,2020-06-05,0.0,13.22,0.498,0.656,0.091,1163.1,0.2193
ST017,2020-06-12,10.3,15.95,0.497,0.656,0.091,1163.1,0.1126
ST017,2020-06-19,0.0,13.44,0.501,0.656,0.091,1163.1,0.0676
ST017,2020-06-26,9.48,15.48,0.47,0.656,0.091,1163.1,0.1861
ST017,2020-07-03,0.0,20.07,0.512,0.656,0.091,1163.1,0.1683
ST017,2020-07-10,0.0,14.76,0.57,0.656,0.091,1163.1,0.045
ST017,2020-07-17,0.0,18.45,0.57,0.656,0.091,1163.1,0.2792
ST017,2020-07-24,5.43,16.55,0.537,0.656,0.091,1163.1,0.1108
ST017,2020-07-31,0.0,18.97,0.543,0.656,0.091,1163.1,0.0337
ST017,2020-08-07,0.0,16.21,0.54,0.656,0.091,1163.1,0.0327
ST017,2020-08-14,1.8,16.88,0.588,0.656,0.091,1163.1,0.02
ST017,2020-08-21,0.0,15.1,0.565,0.656,0.091,1163.1,0.1023
ST017,2020-08-28,16.61,13.32,0.579,0.656,0.091,1163.1,0.0993
ST017,2020-09-04,0.0,12.9,0.556,0.656,0.091,1163.1,0.0344
ST017,2020-09-11,0.03,10.37,0.556,0.656,0.091,1163.1,0.02
ST017,2020-09-18,0.0,5.23,0.5,0.656,0.091,1163.1,0.0314
ST017,2020-09-25,2.5,6.76,0.5,0.656,0.091,1163.1,0.04
ST017,2020-10-02,0.0,4.15,0.509,0.656,0.091,1163.1,0.02
ST017,2020-10-09,0.0,1.53,0.494,0.656,0.091,1163.1,0.0304
ST017,2020-10-16,0.0,8.26,0.407,0.656,0.091,1163.1,0.02
ST017,2020-10-23,0.0,0.5,0.448,0.656,0.091,1163.1,0.02
ST017,2020-10-30,0.0,3.46,0.355,0.656,0.091,1163.1,0.0428
ST017,2020-11-06,6.98,2.8,0.313,0.656,0.091,1163.1,0.0578
ST017,2020-11-13,0.0,1.66,0.26,0.656,0.091,1163.1,0.0224
ST017,2020-11-20,0.0,-1.53,0.307,0.656,0.091,1163.1,0.0213
ST017,2020-11-27,0.0,-3.04,0.256,0.656,0.091,1163.1,0.0313
ST017,2020-12-04,0.0,-4.34,0.304,0.656,0.091,1163.1,0.0318
ST017,2020-12-11,0.0,0.3,0.163,0.656,0.091,1163.1,0.0243
ST017,2020-12-18,0.0,-5.5,0.184,0.656,0.091,1163.1,0.0346
ST017,2020-12-25,0.0,-4.11,0.179,0.656,0.091,1163.1,0.0313
ST018,2016-01-01,0.0,-5.75,0.115,0.369,0.076,1162.9,0.2558
ST018,2016-01-08,0.0,-1.71,0.147,0.369,0.076,1162.9,0.0537
ST018,2016-01-15,0.0,-5.78,0.175,0.369,0.076,1162.9,0.0896
ST018,2016-01-22,0.0,-2.59,0.05,0.369,0.076,1162.9,0.0502
ST018,2016-01-29,0.0,-5.12,0.142,0.369,0.076,1162.9,0.0317
ST018,2016-02-05,0.0,-6.23,0.069,0.369,0.076,1162.9,0.087
ST018,2016-02-12,0.0,-2.82,0.129,0.369,0.076,1162.9,0.0437
ST018,2016-02-19,0.0,-7.04,0.092,0.369,0.076,1162.9,0.0444
ST018,2016-02-26,0.0,0.37,0.078,0.369,0.076,1162.9,0.0407
ST018,2016-03-04,0.0,-1.98,0.108,0.369,0.076,1162.9,0.0625
ST018,2016-03-11,0.0,0.46,0.119,0.369,0.076,1162.9,0.0853
ST018,2016-03-18,0.0,-0.38,0.103,0.369,0.076,1162.9,0.0411
ST018,2016-03-25,0.0,1.11,0.217,0.369,0.076,1162.9,0.1506
ST018,2016-04-01,0.0,4.17,0.245,0.369,0.076,1162.9,0.2017
ST018,2016-04-08,0.33,2.49,0.157,0.369,0.076,1162.9,0.1487
ST018,2016-04-15,6.74,2.61,0.288,0.369,0.076,1162.9,0.131
ST018,2016-04-22,0.0,3.44,0.304,0.369,0.076,1162.9,0.1587
ST018,2016-04-29,0.0,10.88,0.253,0.369,0.076,1162.9,0.073
ST018,2016-05-06,0.0,12.84,0.373,0.369,0.076,1162.9,0.053
ST018,2016-05-13,0.0,7.59,0.324,0.369,0.076,1162.9,0.1455
ST018,2016-05-20,0.0,10.42,0.387,0.369,0.076,1162.9,0.1248
ST018,2016-05-27,19.84,13.14,0.5,0.369,0.076,1162.9,0.3261
ST018,2016-06-03,0.64,16.44,0.386,0.369,0.076,1162.9,0.0965
ST018,2016-06-10,30.73,13.26,0.484,0.369,0.076,1162.9,0.389
ST018,2016-06-17,0.0,11.19,0.509,0.369,0.076,1162.9,0.1424
ST018,2016-06-24,0.0,16.4,0.474,0.369,0.076,1162.9,0.042
ST018,2016-07-01,0.0,13.93,0.532,0.369,0.076,1162.9,0.1313
ST018,2016-07-08,0.0,13.48,0.533,0.369,0.076,1162.9,0.0274
ST018,2016-07-15,19.32,16.16,0.565,0.369,0.076,1162.9,0.1457
ST018,2016-07-22,0.0,14.95,0.585,0.369,0.076,1162.9,0.0352
ST018,2016-07-29,2.08,19.69,0.612,0.369,0.076,1162.9,0.1079
ST018,2016-08-05,0.0,12.62,0.637,0.369,0.076,1162.9,0.0289
ST018,2016-08-12,0.0,16.08,0.562,0.369,0.076,1162.9,0.0418
ST018,2016-08-19,0.0,15.93,0.596,0.369,0.076,1162.9,0.0544
ST018,2016-08-26,0.0,13.63,0.578,0.369,0.076,1162.9,0.1055
ST018,2016-09-02,0.0,13.87,0.563,0.369,0.076,1162.9,0.0426
ST018,2016-09-09,0.0,11.95,0.48,0.369,0.076,1162.9,0.0288
ST018,2016-09-16,0.0,8.65,0.524,0.369,0.076,1162.9,0.0344
ST018,2016-09-23,0.0,10.57,0.531,0.369,0.076,1162.9,0.0254
ST018,2016-09-30,0.0,4.35,0.519,0.369,0.076,1162.9,0.0332
ST018,2016-10-07,0.0,7.2,0.481,0.369,0.076,1162.9,0.1202
ST018,2016-10-14,0.0,2.96,0.444,0.369,0.076,1162.9,0.033
ST018,2016-10-21,0.0,5.34,0.392,0.369,0.076,1162.9,0.0393
ST018,2016-10-28,0.0,6.92,0.389,0.369,0.076,1162.9,0.0211
ST018,2016-11-04,0.0,0.55,0.394,0.369,0.076,1162.9,0.0333
ST018,2016-11-11,0.0,-1.52,0.367,0.369,0.076,1162.9,0.0383
ST018,2016-11-18,0.0,-4.65,0.237,0.369,0.076,1162.9,0.033
ST018,2016-11-25,0.0,-3.83,0.295,0.369,0.076,1162.9,0.0361
ST018,2016-12-02,0.0,-3.91,0.262,0.369,0.076,1162.9,0.049
ST018,2016-12-09,0.0,-7.89,0.213,0.369,0.076,1162.9,0.029
ST018,2016-12-16,0.0,-0.42,0.233,0.369,0.076,1162.9,0.0328
ST018,2016-12-23,0.0,-5.76,0.208,0.369,0.076,1162.9,0.0292
ST018,2016-12-30,0.0,-5.16,0.201,0.369,0.076,1162.9,0.0329
ST018,2017-01-06,0.0,-4.52,0.124,0.369,0.076,1162.9,0.0289
ST018,2017-01-13,0.0,-4.79,0.052,0.369,0.076,1162.9,0.0559
ST018,2017-01-20,15.67,-3.71,0.119,0.369,0.076,1162.9,0.1599
ST018,2017-01-27,0.0,-4.16,0.121,0.369,0.076,1162.9,0.0862
ST018,2017-02-03,0.0,-8.38,0.109,0.369,0.076,1162.9,0.0495
ST018,2017-02-10,0.0,-6.62,0.156,0.369,0.076,1162.9,0.0375
ST018,2017-02-17,0.0,-3.38,0.114,0.369,0.076,1162.9,0.0233
ST018,2017-02-24,0.0,-0.46,0.137,0.369,0.076,1162.9,0.0358
ST018,2017-03-03,0.0,-4.17,0.107,0.369,0.076,1162.9,0.0445
ST018,2017-03-10,0.0,0.09,0.148,0.369,0.076,1162.9,0.0238
ST018,2017-03-17,0.0,4.26,0.177,0.369,0.076,1162.9,0.0658
ST018,2017-03-24,1.48,2.67,0.128,0.369,0.076,1162.9,0.0831
ST018,2017-03-31,0.0,2.59,0.229,0.369,0.076,1162.9,0.074
ST018,2017-04-07,0.71,4.18,0.237,0.369,0.076,1162.9,0.0287
ST018,2017-04-14,0.0,5.14,0.228,0.369,0.076,1162.9,0.287
ST018,2017-04-21,9.49,5.79,0.283,0.369,0.076,1162.9,0.2154
ST018,2017-04-28,11.29,11.28,0.348,0.369,0.076,1162.9,0.1078
ST018,2017-05-05,0.0,9.96,0.315,0.369,0.076,1162.9,0.0663
ST018,2017-05-12,0.0,12.3,0.331,0.369,0.076,1162.9,0.1033
ST018,2017-05-19,0.77,13.44,0.403,0.369,0.076,1162.9,0.282
ST018,2017-05-26,0.0,11.9,0.396,0.369,0.076,1162.9,0.2003
ST018,2017-06-02,24.82,11.67,0.475,0.369,0.076,1162.9,0.2504
ST018,2017-06-09,0.0,14.63,0.488,0.369,0.076,1162.9,0.0562
ST018,2017-06-16,0.0,17.07,0.474,0.369,0.076,1162.9,0.0988
ST018,2017-06-23,0.0,18.02,0.555,0.369,0.076,1162.9,0.0272
ST018,2017-06-30,0.0,16.12,0.572,0.369,0.076,1162.9,0.0634
ST018,2017-07-07,0.0,15.57,0.506,0.369,0.076,1162.9,0.1205
ST018,2017-07-14,10.54,17.93,0.626,0.369,0.076,1162.9,0.1144
ST018,2017-07-21,32.67,15.59,0.548,0.369,0.076,1162.9,0.303
ST018,2017-07-28,0.0,16.21,0.586,0.369,0.076,1162.9,0.038
ST018,2017-08-04,0.0,15.79,0.529,0.369,0.076,1162.9,0.02
ST018,2017-08-11,0.0,16.39,0.596,0.369,0.076,1162.9,0.0522
ST018,2017-08-18,29.72,12.74,0.548,0.369,0.076,1162.9,0.1866
ST018,2017-08-25,4.57,13.47,0.607,0.369,0.076,1162.9,0.2212
ST018,2017-09-01,0.0,14.27,0.598,0.369,0.076,1162.9,0.0888
ST018,2017-09-08,0.0,11.43,0.564,0.369,0.076,1162.9,0.0265
ST018,2017-09-15,0.0,10.29,0.548,0.369,0.076,1162.9,0.0302
ST018,2017-09-22,0.0,10.42,0.506,0.369,0.076,1162.9,0.0229
ST018,2017-09-29,0.0,11.37,0.512,0.369,0.076,1162.9,0.0321
ST018,2017-10-06,0.0,8.14,0.479,0.369,0.076,1162.9,0.2047
ST018,2017-10-13,0.0,9.85,0.491,0.369,0.076,1162.9,0.08
ST018,2017-10-20,0.0,-0.43,0.465,0.369,0.076,1162.9,0.0451
ST018,2017-10-27,0.0,7.49,0.412,0.369,0.076,1162.9,0.0347
ST018,2017-11-03,0.0,2.38,0.366,0.369,0.076,1162.9,0.031
ST018,2017-11-10,0.0,2.07,0.321,0.369,0.076,1162.9,0.1376
ST018,2017-11-17,0.0,-0.6,0.331,0.369,0.076,1162.9,0.071
ST018,2017-11-24,0.0,-0.14,0.32,0.369,0.076,1162.9,0.0261
ST018,2017-12-01,0.0,-2.05,0.242,0.369,0.076,1162.9,0.0457
ST018,2017-12-08,0.0,-1.57,0.26,0.369,0.076,1162.9,0.0277
ST018,2017-12-15,0.0,-2.88,0.277,0.369,0.076,1162.9,0.02
ST018,2017-12-22,0.0,-5.63,0.163,0.369,0.076,1162.9,0.1207
ST018,2017-12-29,0.0,-6.29,0.15,0.369,0.076,1162.9,0.0582
ST018,2018-01-05,0.0,-4.39,0.138,0.369,0.076,1162.9,0.0338
ST018,2018-01-12,26.85,-8.68,0.085,0.369,0.076,1162.9,0.1921
ST018,2018-01-19,4.66,-5.72,0.173,0.369,0.076,1162.9,0.1208
ST018,2018-01-26,0.0,-4.29,0.12,0.369,0.076,1162.9,0.0938
ST018,2018-02-02,7.08,-3.73,0.139,0.369,0.076,1162.9,0.0663
ST018,2018-02-09,0.0,-4.92,0.143,0.369,0.076,1162.9,0.074
ST018,2018-02-16,0.0,-4.78,0.105,0.369,0.076,1162.9,0.071
ST018,2018-02-23,0.0,-4.75,0.091,0.369,0.076,1162.9,0.0882
ST018,2018-03-02,0.0,-1.19,0.106,0.369,0.076,1162.9,0.041
ST018,2018-03-09,2.28,-5.85,0.058,0.369,0.076,1162.9,0.0515
ST018,2018-03-16,0.0,-0.59,0.17,0.369,0.076,1162.9,0.0241
ST018,2018-03-23,0.35,0.65,0.234,0.369,0.076,1162.9,0.043
ST018,2018-03-30,0.0,6.04,0.238,0.369,0.076,1162.9,0.0323
ST018,2018-04-06,0.0,7.38,0.294,0.369,0.076,1162.9,0.0306
ST018,2018-04-13,0.0,6.19,0.243,0.369,0.076,1162.9,0.0438
ST018,2018-04-20,5.98,7.01,0.274,0.369,0.076,1162.9,0.349
ST018,2018-04-27,0.33,8.43,0.376,0.369,0.076,1162.9,0.3247
ST018,2018-05-04,10.66,7.79,0.366,0.369,0.076,1162.9,0.2051
ST018,2018-05-11,0.0,10.43,0.359,0.369,0.076,1162.9,0.1379
ST018,2018-05-18,0.0,13.09,0.368,0.369,0.076,1162.9,0.0626
ST018,2018-05-25,0.0,12.42,0.489,0.369,0.076,1162.9,0.2085
ST018,2018-06-01,5.86,9.92,0.47,0.369,0.076,1162.9,0.0609
ST018,2018-06-08,0.0,14.68,0.446,0.369,0.076,1162.9,0.0504
ST018,2018-06-15,0.0,15.2,0.5,0.369,0.076,1162.9,0.2477
ST018,2018-06-22,2.28,14.55,0.507,0.369,0.076,1162.9,0.0348
ST018,2018-06-29,0.16,15.14,0.525,0.369,0.076,1162.9,0.036
ST018,2018-07-06,0.0,14.81,0.543,0.369,0.076,1162.9,0.1015
ST018,2018-07-13,9.28,12.97,0.557,0.369,0.076,1162.9,0.2027
ST018,2018-07-20,0.01,18.83,0.58,0.369,0.076,1162.9,0.0251
ST018,2018-07-27,0.0,19.83,0.552,0.369,0.076,1162.9,0.0271
ST018,2018-08-03,0.0,18.66,0.568,0.369,0.076,1162.9,0.0294
ST018,2018-08-10,0.0,14.61,0.575,0.369,0.076,1162.9,0.0663
ST018,2018-08-17,0.0,13.96,0.572,0.369,0.076,1162.9,0.0312
ST018,2018-08-24,6.36,14.01,0.555,0.369,0.076,1162.9,0.107
ST018,2018-08-31,1.72,11.31,0.576,0.369,0.076,1162.9,0.0491
ST018,2018-09-07,0.0,12.99,0.555,0.369,0.076,1162.9,0.02
ST018,2018-09-14,0.0,12.01,0.488,0.369,0.076,1162.9,0.0277
ST018,2018-09-21,0.0,9.34,0.539,0.369,0.076,1162.9,0.0304
ST018,2018-09-28,0.0,7.56,0.508,0.369,0.076,1162.9,0.02
ST018,2018-10-05,0.0,3.65,0.535,0.369,0.076,1162.9,0.0311
ST018,2018-10-12,8.48,5.7,0.456,0.369,0.076,1162.9,0.0754
ST018,2018-10-19,0.0,3.53,0.425,0.369,0.076,1162.9,0.02
ST018,2018-10-26,0.0,-0.41,0.358,0.369,0.076,1162.9,0.0298
ST018,2018-11-02,6.15,0.66,0.369,0.369,0.076,1162.9,0.0744
ST018,2018-11-09,0.0,3.86,0.363,0.369,0.076,1162.9,0.0334
ST018,2018-11-16,0.0,-4.37,0.283,0.369,0.076,1162.9,0.1097
ST018,2018-11-23,0.0,0.46,0.265,0.369,0.076,1162.9,0.0331
ST018,2018-11-30,0.0,-4.6,0.309,0.369,0.076,1162.9,0.042
ST018,2018-12-07,0.0,-3.2,0.22,0.369,0.076,1162.9,0.0254
ST018,2018-12-14,0.0,-1.96,0.202,0.369,0.076,1162.9,0.0222
ST018,2018-12-21,0.0,-3.64,0.13,0.369,0.076,1162.9,0.0692
ST018,2018-12-28,0.0,-2.37,0.188,0.369,0.076,1162.9,0.0534
ST018,2019-01-04,0.0,-6.97,0.068,0.369,0.076,1162.9,0.0408
ST018,2019-01-11,0.85,-8.05,0.152,0.369,0.076,1162.9,0.0354
ST018,2019-01-18,0.0,-3.7,0.15,0.369,0.076,1162.9,0.1069
ST018,2019-01-25,0.0,-8.68,0.074,0.369,0.076,1162.9,0.0453
ST018,2019-02-01,6.58,-5.18,0.096,0.369,0.076,1162.9,0.0705
ST018,2019-02-08,0.0,-3.95,0.078,0.369,0.076,1162.9,0.0934
ST018,2019-02-15,0.0,-2.67,0.068,0.369,0.076,1162.9,0.0756
ST018,2019-02-22,0.0,-3.45,0.075,0.369,0.076,1162.9,0.1129
ST018,2019-03-01,0.0,-0.28,0.149,0.369,0.076,1162.9,0.053
ST018,2019-03-08,0.0,-3.14,0.128,0.369,0.076,1162.9,0.1738
ST018,2019-03-15,0.0,1.19,0.177,0.369,0.076,1162.9,0.0548
ST018,2019-03-22,0.0,1.34,0.163,0.369,0.076,1162.9,0.1751
ST018,2019-03-29,61.39,0.54,0.189,0.369,0.076,1162.9,0.4022
ST018,2019-04-05,0.0,4.02,0.191,0.369,0.076,1162.9,0.1593
ST018,2019-04-12,0.0,4.49,0.236,0.369,0.076,1162.9,0.0304
ST018,2019-04-19,0.0,6.17,0.238,0.369,0.076,1162.9,0.0894
ST018,2019-04-26,0.0,7.51,0.252,0.369,0.076,1162.9,0.0351
ST018,2019-05-03,3.06,9.81,0.301,0.369,0.076,1162.9,0.051
ST018,2019-05-10,20.24,9.52,0.32,0.369,0.076,1162.9,0.1075
ST018,2019-05-17,0.0,15.31,0.357,0.369,0.076,1162.9,0.0872
ST018,2019-05-24,0.0,13.57,0.42,0.369,0.076,1162.9,0.1108
ST018,2019-05-31,0.0,13.2,0.373,0.369,0.076,1162.9,0.2253
ST018,2019-06-07,0.0,15.44,0.48,0.369,0.076,1162.9,0.02
ST018,2019-06-14,11.38,14.78,0.495,0.369,0.076,1162.9,0.0752
ST018,2019-06-21,0.0,13.01,0.524,0.369,0.076,1162.9,0.0682
ST018,2019-06-28,0.0,16.64,0.493,0.369,0.076,1162.9,0.02
ST018,2019-07-05,0.0,16.78,0.584,0.369,0.076,1162.9,0.1306
ST018,2019-07-12,0.0,17.26,0.611,0.369,0.076,1162.9,0.0389
ST018,2019-07-19,8.61,16.54,0.556,0.369,0.076,1162.9,0.1835
ST018,2019-07-26,5.3,14.54,0.594,0.369,0.076,1162.9,0.0508
ST018,2019-08-02,0.0,16.48,0.585,0.369,0.076,1162.9,0.0434
ST018,2019-08-09,0.0,13.39,0.627,0.369,0.076,1162.9,0.0238
ST018,2019-08-16,4.38,16.97,0.527,0.369,0.076,1162.9,0.0623
ST018,2019-08-23,0.0,12.08,0.537,0.369,0.076,1162.9,0.0937
ST018,2019-08-30,0.0,12.57,0.537,0.369,0.076,1162.9,0.02
ST018,2019-09-06,0.0,12.8,0.527,0.369,0.076,1162.9,0.0445
ST018,2019-09-13,0.0,11.46,0.566,0.369,0.076,1162.9,0.0211
ST018,2019-09-20,0.0,8.54,0.537,0.369,0.076,1162.9,0.0366
ST018,2019-09-27,0.0,9.0,0.458,0.369,0.076,1162.9,0.0305
ST018,2019-10-04,0.0,10.48,0.452,0.369,0.076,1162.9,0.0297
ST018,2019-10-11,0.0,6.35,0.484,0.369,0.076,1162.9,0.0325
ST018,2019-10-18,0.0,3.49,0.422,0.369,0.076,1162.9,0.0253
ST018,2019-10-25,0.0,1.8,0.394,0.369,0.076,1162.9,0.0227
ST018,2019-11-01,0.0,3.64,0.391,0.369,0.076,1162.9,0.0607
ST018,2019-11-08,0.0,3.89,0.346,0.369,0.076,1162.9,0.0272
ST018,2019-11-15,0.0,-0.75,0.337,0.369,0.076,1162.9,0.0376
ST018,2019-11-22,0.0,-4.86,0.308,0.369,0.076,1162.9,0.0359
ST018,2019-11-29,0.0,-0.44,0.257,0.369,0.076,1162.9,0.0329
ST018,2019-12-06,0.0,-3.8,0.298,0.369,0.076,1162.9,0.028
ST018,2019-12-13,0.0,-10.77,0.227,0.369,0.076,1162.9,0.0396
ST018,2019-12-20,0.0,-2.45,0.248,0.369,0.076,1162.9,0.0375
ST018,2019-12-27,0.0,-3.21,0.188,0.369,0.076,1162.9,0.023
ST018,2020-01-03,0.0,-5.19,0.161,0.369,0.076,1162.9,0.0426
ST018,2020-01-10,0.0,-6.56,0.106,0.369,0.076,1162.9,0.068
ST018,2020-01-17,0.0,-1.39,0.068,0.369,0.076,1162.9,0.0264
ST018,2020-01-24,4.63,-6.61,0.154,0.369,0.076,1162.9,0.0522
ST018,2020-01-31,0.0,-3.83,0.096,0.369,0.076,1162.9,0.0828
ST018,2020-02-07,0.0,-1.96,0.152,0.369,0.076,1162.9,0.0555
ST018,2020-02-14,0.0,-3.94,0.095,0.369,0.076,1162.9,0.0547
ST018,2020-02-21,0.0,-3.96,0.163,0.369,0.076,1162.9,0.0284
ST018,2020-02-28,0.0,-4.27,0.111,0.369,0.076,1162.9,0.1111
ST018,2020-03-06,0.0,-3.24,0.195,0.369,0.076,1162.9,0.0691
ST018,2020-03-13,0.0,0.62,0.134,0.369,0.076,1162.9,0.0376
ST018,2020-03-20,15.92,2.98,0.184,0.369,0.076,1162.9,0.1727
ST018,2020-03-27,8.71,2.85,0.183,0.369,0.076,1162.9,0.1655
ST018,2020-04-03,0.0,6.42,0.206,0.369,0.076,1162.9,0.0737
ST018,2020-04-10,0.0,4.23,0.23,0.369,0.076,1162.9,0.0793
ST018,2020-04-17,0.0,7.78,0.243,0.369,0.076,1162.9,0.24
ST018,2020-04-24,13.19,11.27,0.269,0.369,0.076,1162.9,0.1495
ST018,2020-05-01,0.0,12.36,0.304,0.369,0.076,1162.9,0.0943
ST018,2020-05-08,0.0,6.87,0.382,0.369,0.076,1162.9,0.2307
ST018,2020-05-15,10.17,4.87,0.385,0.369,0.076,1162.9,0.2545
ST018,2020-05-22,30.72,12.97,0.365,0.369,0.076,1162.9,0.2908
ST018,2020-05-29,0.0,11.54,0.398,0.369,0.076,1162.9,0.2045
ST018,2020-06-05,0.0,13.33,0.476,0.369,0.076,1162.9,0.1038
ST018,2020-06-12,0.0,11.43,0.522,0.369,0.076,1162.9,0.02
ST018,2020-06-19,0.0,16.0,0.401,0.369,0.076,1162.9,0.0326
ST018,2020-06-26,4.57,14.43,0.572,0.369,0.076,1162.9,0.0519
ST018,2020-07-03,0.93,11.95,0.5,0.369,0.076,1162.9,0.02
ST018,2020-07-10,0.0,18.63,0.54,0.369,0.076,1162.9,0.0317
ST018,2020-07-17,0.0,17.78,0.594,0.369,0.076,1162.9,0.0351
ST018,2020-07-24,0.0,16.19,0.607,0.369,0.076,1162.9,0.1163
ST018,2020-07-31,0.0,20.78,0.585,0.369,0.076,1162.9,0.02
ST018,2020-08-07,0.0,15.03,0.622,0.369,0.076,1162.9,0.0335
ST018,2020-08-14,0.0,16.56,0.57,0.369,0.076,1162.9,0.0261
ST018,2020-08-21,0.0,13.16,0.579,0.369,0.076,1162.9,0.0569
ST018,2020-08-28,0.0,15.08,0.563,0.369,0.076,1162.9,0.0283
ST018,2020-09-04,0.0,14.76,0.582,0.369,0.076,1162.9,0.0393
ST018,2020-09-11,0.0,13.63,0.564,0.369,0.076,1162.9,0.0316
ST018,2020-09-18,0.0,11.32,0.57,0.369,0.076,1162.9,0.0381
ST018,2020-09-25,0.0,9.87,0.553,0.369,0.076,1162.9,0.0365
ST018,2020-10-02,0.0,6.08,0.544,0.369,0.076,1162.9,0.0281
ST018,2020-10-09,0.0,4.41,0.406,0.369,0.076,1162.9,0.0205
ST018,2020-10-16,0.0,1.92,0.448,0.369,0.076,1162.9,0.0362
ST018,2020-10-23,0.0,2.6,0.417,0.369,0.076,1162.9,0.0251
ST018,2020-10-30,0.0,-0.2,0.392,0.369,0.076,1162.9,0.02
ST018,2020-11-06,0.0,2.91,0.395,0.369,0.076,1162.9,0.1139
ST018,2020-11-13,0.0,-0.97,0.315,0.369,0.076,1162.9,0.0529
ST018,2020-11-20,0.0,-0.21,0.313,0.369,0.076,1162.9,0.0241
ST018,2020-11-27,0.0,-3.79,0.272,0.369,0.076,1162.9,0.036
ST018,2020-12-04,0.0,-5.4,0.228,0.369,0.076,1162.9,0.0349
ST018,2020-12-11,0.0,-3.07,0.182,0.369,0.076,1162.9,0.02
ST018,2020-12-18,0.0,-2.65,0.242,0.369,0.076,1162.9,0.032
ST018,2020-12-25,0.0,-4.24,0.142,0.369,0.076,1162.9,0.0277
ST019,2016-01-01,3.66,-2.34,0.202,0.232,0.082,915.4,0.2571
ST019,2016-01-08,0.0,-5.2,0.168,0.232,0.082,915.4,0.0771
ST019,2016-01-15,0.0,0.44,0.134,0.232,0.082,915.4,0.0386
ST019,2016-01-22,0.0,-6.7,0.125,0.232,0.082,915.4,0.0306
ST019,2016-01-29,0.0,-4.06,0.077,0.232,0.082,915.4,0.089
ST019,2016-02-05,13.24,-3.22,0.117,0.232,0.082,915.4,0.1185
ST019,2016-02-12,0.0,-5.89,0.094,0.232,0.082,915.4,0.078
ST019,2016-02-19,0.0,-1.0,0.07,0.232,0.082,915.4,0.0407
ST019,2016-02-26,0.0,-1.81,0.123,0.232,0.082,915.4,0.1218
ST019,2016-03-04,5.03,-2.46,0.121,0.232,0.082,915.4,0.0771
ST019,2016-03-11,0.0,2.21,0.106,0.232,0.082,915.4,0.0462
ST019,2016-03-18,0.0,0.86,0.163,0.232,0.082,915.4,0.0225
ST019,2016-03-25,0.0,5.3,0.176,0.232,0.082,915.4,0.088
ST019,2016-04-01,0.0,3.98,0.205,0.232,0.082,915.4,0.0333
ST019,2016-04-08,2.5,6.6,0.25,0.232,0.082,915.4,0.2294
ST019,2016-04-15,39.72,8.32,0.265,0.232,0.082,915.4,0.3308
ST019,2016-04-22,13.09,5.0,0.309,0.232,0.082,915.4,0.2354
ST019,2016-04-29,0.0,11.64,0.306,0.232,0.082,915.4,0.0765
ST019,2016-05-06,0.0,12.41,0.365,0.232,0.082,915.4,0.0369
ST019,2016-05-13,0.0,12.98,0.364,0.232,0.082,915.4,0.099
ST019,2016-05-20,0.0,12.41,0.405,0.232,0.082,915.4,0.0348
ST019,2016-05-27,0.0,11.38,0.398,0.232,0.082,915.4,0.0531
ST019,2016-06-03,0.0,14.43,0.479,0.232,0.082,915.4,0.0446
ST019,2016-06-10,0.0,18.59,0.534,0.232,0.082,915.4,0.1196
ST019,2016-06-17,0.0,16.74,0.558,0.232,0.082,915.4,0.0476
ST019,2016-06-24,0.0,18.33,0.527,0.232,0.082,915.4,0.1672
ST019,2016-07-01,24.62,15.2,0.508,0.232,0.082,915.4,0.1973
ST019,2016-07-08,0.0,18.53,0.591,0.232,0.082,915.4,0.0422
ST019,2016-07-15,14.53,18.28,0.622,0.232,0.082,915.4,0.0924
ST019,2016-07-22,9.2,17.55,0.568,0.232,0.082,915.4,0.0622
ST019,2016-07-29,0.0,18.53,0.596,0.232,0.082,915.4,0.0322
ST019,2016-08-05,0.0,19.91,0.595,0.232,0.082,915.4,0.0258
ST019,2016-08-12,0.0,19.68,0.617,0.232,0.082,915.4,0.0206
ST019,2016-08-19,0.0,16.79,0.555,0.232,0.082,915.4,0.0304
ST019,2016-08-26,0.0,16.11,0.588,0.232,0.082,915.4,0.043
ST019,2016-09-02,16.83,13.52,0.576,0.232,0.082,915.4,0.1178
ST019,2016-09-09,3.74,10.53,0.538,0.232,0.082,915.4,0.1078
ST019,2016-09-16,0.0,12.77,0.558,0.232,0.082,915.4,0.0322
ST019,2016-09-23,0.0,15.6,0.554,0.232,0.082,915.4,0.0357
ST019,2016-09-30,0.0,8.37,0.465,0.232,0.082,915.4,0.0693
ST019,2016-10-07,0.0,9.63,0.474,0.232,0.082,915.4,0.02
ST019,2016-10-14,0.0,6.03,0.438,0.232,0.082,915.4,0.02
ST019,2016-10-21,0.0,4.19,0.391,0.232,0.082,915.4,0.0606
ST019,2016-10-28,0.0,6.24,0.376,0.232,0.082,915.4,0.02
ST019,2016-11-04,0.0,2.99,0.397,0.232,0.082,915.4,0.0245
ST019,2016-11-11,0.0,6.43,0.265,0.232,0.082,915.4,0.0273
ST019,2016-11-18,0.0,4.31,0.358,0.232,0.082,915.4,0.0222
ST019,2016-11-25,0.0,-2.73,0.258,0.232,0.082,915.4,0.0272
ST019,2016-12-02,0.0,-0.63,0.235,0.232,0.082,915.4,0.0358
ST019,2016-12-09,0.0,0.84,0.234,0.232,0.082,915.4,0.0321
ST019,2016-12-16,0.0,-4.87,0.164,0.232,0.082,915.4,0.0437
ST019,2016-12-23,0.0,-2.48,0.168,0.232,0.082,915.4,0.04
ST019,2016-12-30,0.0,-4.84,0.183,0.232,0.082,915.4,0.0249
ST019,2017-01-06,0.0,-2.98,0.111,0.232,0.082,915.4,0.02
ST019,2017-01-13,0.0,-5.32,0.092,0.232,0.082,915.4,0.0358
ST019,2017-01-20,0.0,-6.64,0.089,0.232,0.082,915.4,0.0995
ST019,2017-01-27,0.0,-0.79,0.05,0.232,0.082,915.4,0.0502
ST019,2017-02-03,0.0,-4.17,0.064,0.232,0.082,915.4,0.0492
ST019,2017-02-10,0.0,-3.36,0.125,0.232,0.082,915.4,0.0481
ST019,2017-02-17,0.0,-3.26,0.098,0.232,0.082,915.4,0.0552
ST019,2017-02-24,0.0,-0.71,0.14,0.232,0.082,915.4,0.1014
ST019,2017-03-03,0.0,-2.6,0.108,0.232,0.082,915.4,0.0759
ST019,2017-03-10,39.1,2.23,0.163,0.232,0.082,915.4,0.3336
ST019,2017-03-17,0.0,1.77,0.142,0.232,0.082,915.4,0.1005
ST019,2017-03-24,0.0,0.8,0.124,0.232,0.082,915.4,0.1132
ST019,2017-03-31,2.42,5.37,0.174,0.232,0.082,915.4,0.2426
ST019,2017-04-07,0.0,3.75,0.244,0.232,0.082,915.4,0.17
ST019,2017-04-14,0.0,6.43,0.186,0.232,0.082,915.4,0.1585
ST019,2017-04-21,0.0,9.29,0.263,0.232,0.082,915.4,0.1012
ST019,2017-04-28,0.0,8.11,0.303,0.232,0.082,915.4,0.2491
ST019,2017-05-05,19.2,13.73,0.348,0.232,0.082,915.4,0.2448
ST019,2017-05-12,6.92,12.52,0.395,0.232,0.082,915.4,0.2188
ST019,2017-05-19,0.0,9.68,0.392,0.232,0.082,915.4,0.0546
ST019,2017-05-26,0.08,16.06,0.428,0.232,0.082,915.4,0.1311
ST019,2017-06-02,17.04,14.79,0.446,0.232,0.082,915.4,0.3114
ST019,2017-06-09,1.13,16.14,0.476,0.232,0.082,915.4,0.0569
ST019,2017-06-16,14.21,18.25,0.505,0.232,0.082,915.4,0.155
ST019,2017-06-23,0.0,17.48,0.577,0.232,0.082,915.4,0.1829
ST019,2017-06-30,0.0,14.65,0.539,0.232,0.082,915.4,0.09
ST019,2017-07-07,0.0,18.34,0.537,0.232,0.082,915.4,0.2033
ST019,2017-07-14,0.0,19.34,0.532,0.232,0.082,915.4,0.1854
ST019,2017-07-21,0.0,16.29,0.565,0.232,0.082,915.4,0.2543
ST019,2017-07-28,0.0,19.47,0.56,0.232,0.082,915.4,0.0401
ST019,2017-08-04,0.0,16.7,0.622,0.232,0.082,915.4,0.0778
ST019,2017-08-11,10.53,18.61,0.568,0.232,0.082,915.4,0.1443
ST019,2017-08-18,0.0,17.9,0.577,0.232,0.082,915.4,0.0284
ST019,2017-08-25,0.0,14.65,0.573,0.232,0.082,915.4,0.0232
ST019,2017-09-01,0.0,15.29,0.577,0.232,0.082,915.4,0.0308
ST019,2017-09-08,0.0,17.97,0.589,0.232,0.082,915.4,0.02
ST019,2017-09-15,0.0,12.97,0.583,0.232,0.082,915.4,0.0404
ST019,2017-09-22,0.0,14.32,0.578,0.232,0.082,915.4,0.02
ST019,2017-09-29,42.26,9.36,0.485,0.232,0.082,915.4,0.2518
ST019,2017-10-06,0.0,7.8,0.463,0.232,0.082,915.4,0.0703
ST019,2017-10-13,0.0,8.33,0.434,0.232,0.082,915.4,0.0329
ST019,2017-10-20,2.42,4.93,0.452,0.232,0.082,915.4,0.0499
ST019,2017-10-27,0.0,5.59,0.422,0.232,0.082,915.4,0.0408
ST019,2017-11-03,0.0,4.98,0.375,0.232,0.082,915.4,0.0314
ST019,2017-11-10,0.0,5.21,0.326,0.232,0.082,915.4,0.0335
ST019,2017-11-17,0.0,3.2,0.304,0.232,0.082,915.4,0.0454
ST019,2017-11-24,0.0,-0.72,0.261,0.232,0.082,915.4,0.0316
ST019,2017-12-01,0.0,-1.07,0.223,0.232,0.082,915.4,0.023
ST019,2017-12-08,0.0,-0.16,0.197,0.232,0.082,915.4,0.0237
ST019,2017-12-15,0.0,-3.68,0.209,0.232,0.082,915.4,0.02
ST019,2017-12-22,0.0,-3.47,0.269,0.232,0.082,915.4,0.0434
ST019,2017-12-29,0.32,-6.4,0.211,0.232,0.082,915.4,0.0411
ST019,2018-01-05,0.0,-1.57,0.172,0.232,0.082,915.4,0.0862
ST019,2018-01-12,0.0,-4.44,0.135,0.232,0.082,915.4,0.1236
ST019,2018-01-19,0.0,-1.79,0.16,0.232,0.082,915.4,0.1283
ST019,2018-01-26,0.0,-3.65,0.106,0.232,0.082,915.4,0.1215
ST019,2018-02-02,0.0,-3.81,0.076,0.232,0.082,915.4,0.1009
ST019,2018-02-09,0.0,-4.62,0.05,0.232,0.082,915.4,0.0876
ST019,2018-02-16,27.84,-4.61,0.093,0.232,0.082,915.4,0.2404
ST019,2018-02-23,0.0,-0.31,0.126,0.232,0.082,915.4,0.0634
ST019,2018-03-02,0.0,-2.18,0.146,0.232,0.082,915.4,0.0542
ST019,2018-03-09,0.0,0.0,0.12,0.232,0.082,915.4,0.0594
ST019,2018-03-16,3.45,3.39,0.175,0.232,0.082,915.4,0.0389
ST019,2018-03-23,0.0,4.94,0.105,0.232,0.082,915.4,0.1542
ST019,2018-03-30,4.48,2.67,0.192,0.232,0.082,915.4,0.0859
ST019,2018-04-06,0.0,4.9,0.258,0.232,0.082,915.4,0.1693
ST019,2018-04-13,0.0,5.39,0.232,0.232,0.082,915.4,0.0374
ST019,2018-04-20,15.8,4.85,0.321,0.232,0.082,915.4,0.1197
ST019,2018-04-27,0.0,4.59,0.337,0.232,0.082,915.4,0.1634
ST019,2018-05-04,0.0,9.16,0.32,0.232,0.082,915.4,0.2633
ST019,2018-05-11,0.0,12.65,0.34,0.232,0.082,915.4,0.38
ST019,2018-05-18,64.83,10.35,0.44,0.232,0.082,915.4,0.4143
ST019,2018-05-25,0.0,13.34,0.371,0.232,0.082,915.4,0.1024
ST019,2018-06-01,0.0,14.59,0.502,0.232,0.082,915.4,0.1986
ST019,2018-06-08,0.0,18.95,0.463,0.232,0.082,915.4,0.1006
ST019,2018-06-15,0.0,16.16,0.509,0.232,0.082,915.4,0.0673
ST019,2018-06-22,6.97,16.47,0.575,0.232,0.082,915.4,0.0524
ST019,2018-06-29,0.0,18.86,0.566,0.232,0.082,915.4,0.0315
ST019,2018-07-06,0.0,20.55,0.616,0.232,0.082,915.4,0.0416
ST019,2018-07-13,0.0,17.6,0.624,0.232,0.082,915.4,0.0231
ST019,2018-07-20,0.0,20.49,0.594,0.232,0.082,915.4,0.1009
ST019,2018-07-27,0.0,16.7,0.579,0.232,0.082,915.4,0.0362
ST019,2018-08-03,42.46,19.81,0.601,0.232,0.082,915.4,0.3694
ST019,2018-08-10,0.0,20.88,0.612,0.232,0.082,915.4,0.0955
ST019,2018-08-17,0.0,16.32,0.566,0.232,0.082,915.4,0.02
ST019,2018-08-24,0.0,17.14,0.601,0.232,0.082,915.4,0.049
ST019,2018-08-31,0.0,15.6,0.559,0.232,0.082,915.4,0.0251
ST019,2018-09-07,0.0,15.82,0.587,0.232,0.082,915.4,0.02
ST019,2018-09-14,0.0,8.72,0.543,0.232,0.082,915.4,0.0264
ST019,2018-09-21,0.0,13.7,0.591,0.232,0.082,915.4,0.0414
ST019,2018-09-28,0.0,6.99,0.585,0.232,0.082,915.4,0.0325
ST019,2018-10-05,0.0,8.91,0.505,0.232,0.082,915.4,0.0244
ST019,2018-10-12,0.0,11.99,0.454,0.232,0.082,915.4,0.0213
ST019,2018-10-19,0.0,4.65,0.433,0.232,0.082,915.4,0.0247
ST019,2018-10-26,0.0,4.41,0.393,0.232,0.082,915.4,0.0865
ST019,2018-11-02,0.0,4.57,0.437,0.232,0.082,915.4,0.0245
ST019,2018-11-09,0.0,0.41,0.342,0.232,0.082,915.4,0.041
ST019,2018-11-16,0.0,0.3,0.289,0.232,0.082,915.4,0.0318
ST019,2018-11-23,0.0,-0.84,0.342,0.232,0.082,915.4,0.0314
ST019,2018-11-30,0.0,-0.59,0.294,0.232,0.082,915.4,0.0624
ST019,2018-12-07,0.0,2.9,0.252,0.232,0.082,915.4,0.0366
ST019,2018-12-14,0.0,-2.61,0.211,0.232,0.082,915.4,0.0662
ST019,2018-12-21,0.0,-3.78,0.207,0.232,0.082,915.4,0.0388
ST019,2018-12-28,0.0,-2.61,0.166,0.232,0.082,915.4,0.0261
ST019,2019-01-04,0.0,-5.07,0.167,0.232,0.082,915.4,0.026
ST019,2019-01-11,0.0,-10.4,0.106,0.232,0.082,915.4,0.0793
ST019,2019-01-18,0.0,-0.22,0.088,0.232,0.082,915.4,0.0292
ST019,2019-01-25,0.0,-4.78,0.076,0.232,0.082,915.4,0.0351
ST019,2019-02-01,0.0,-0.42,0.096,0.232,0.082,915.4,0.0306
ST019,2019-02-08,0.0,-3.77,0.064,0.232,0.082,915.4,0.1053
ST019,2019-02-15,0.0,-1.29,0.113,0.232,0.082,915.4,0.0486
ST019,2019-02-22,0.0,-1.65,0.074,0.232,0.082,915.4,0.0543
ST019,2019-03-01,0.0,-2.98,0.073,0.232,0.082,915.4,0.0453
ST019,2019-03-08,0.0,-1.3,0.13,0.232,0.082,915.4,0.1755
ST019,2019-03-15,0.0,1.74,0.142,0.232,0.082,915.4,0.1716
ST019,2019-03-22,0.0,1.65,0.171,0.232,0.082,915.4,0.0479
ST019,2019-03-29,0.0,2.21,0.265,0.232,0.082,915.4,0.3136
ST019,2019-04-05,0.0,5.38,0.302,0.232,0.082,915.4,0.0998
ST019,2019-04-12,8.83,6.64,0.265,0.232,0.082,915.4,0.2035
ST019,2019-04-19,0.92,10.75,0.21,0.232,0.082,915.4,0.1463
ST019,2019-04-26,6.3,6.67,0.341,0.232,0.082,915.4,0.0598
ST019,2019-05-03,5.83,9.23,0.326,0.232,0.082,915.4,0.0789
ST019,2019-05-10,0.0,9.41,0.374,0.232,0.082,915.4,0.104
ST019,2019-05-17,9.55,11.49,0.367,0.232,0.082,915.4,0.2042
ST019,2019-05-24,0.0,14.43,0.441,0.232,0.082,915.4,0.0974
ST019,2019-05-31,11.97,15.14,0.442,0.232,0.082,915.4,0.1488
ST019,2019-06-07,0.0,13.82,0.447,0.232,0.082,915.4,0.1788
ST019,2019-06-14,0.0,16.15,0.504,0.232,0.082,915.4,0.1083
ST019,2019-06-21,0.0,18.55,0.56,0.232,0.082,915.4,0.0249
ST019,2019-06-28,1.39,19.11,0.551,0.232,0.082,915.4,0.0568
ST019,2019-07-05,0.0,21.37,0.55,0.232,0.082,915.4,0.0856
ST019,2019-07-12,13.94,17.02,0.545,0.232,0.082,915.4,0.1108
ST019,2019-07-19,8.19,18.43,0.638,0.232,0.082,915.4,0.1773
ST019,2019-07-26,0.0,18.59,0.596,0.232,0.082,915.4,0.0388
ST019,2019-08-02,1.83,23.62,0.576,0.232,0.082,915.4,0.0353
ST019,2019-08-09,0.0,16.28,0.575,0.232,0.082,915.4,0.0356
ST019,2019-08-16,1.46,18.37,0.566,0.232,0.082,915.4,0.0206
ST019,2019-08-23,26.67,17.62,0.609,0.232,0.082,915.4,0.1771
ST019,2019-08-30,7.09,18.01,0.58,0.232,0.082,915.4,0.0345
ST019,2019-09-06,0.0,16.9,0.601,0.232,0.082,915.4,0.0298
ST019,2019-09-13,0.0,9.95,0.65,0.232,0.082,915.4,0.0267
ST019,2019-09-20,7.45,12.47,0.571,0.232,0.082,915.4,0.0971
ST019,2019-09-27,0.08,10.2,0.495,0.232,0.082,915.4,0.027
ST019,2019-10-04,0.0,6.93,0.5,0.232,0.082,915.4,0.034
ST019,2019-10-11,0.0,5.97,0.463,0.232,0.082,915.4,0.0268
ST019,2019-10-18,0.0,7.6,0.466,0.232,0.082,915.4,0.0207
ST019,2019-10-25,12.7,6.41,0.403,0.232,0.082,915.4,0.1043
ST019,2019-11-01,0.0,6.6,0.387,0.232,0.082,915.4,0.02
ST019,2019-11-08,0.0,1.78,0.382,0.232,0.082,915.4,0.0411
ST019,2019-11-15,8.47,0.77,0.28,0.232,0.082,915.4,0.0949
ST019,2019-11-22,0.0,-0.65,0.308,0.232,0.082,915.4,0.0272
ST019,2019-11-29,0.36,-3.2,0.196,0.232,0.082,915.4,0.0324
ST019,2019-12-06,0.0,0.43,0.215,0.232,0.082,915.4,0.0313
ST019,2019-12-13,0.0,1.84,0.23,0.232,0.082,915.4,0.0298
ST019,2019-12-20,0.0,-0.95,0.146,0.232,0.082,915.4,0.0221
ST019,2019-12-27,0.0,-5.63,0.107,0.232,0.082,915.4,0.0502
ST019,2020-01-03,0.0,-5.68,0.15,0.232,0.082,915.4,0.02
ST019,2020-01-10,0.0,-1.96,0.132,0.232,0.082,915.4,0.0533
ST019,2020-01-17,0.0,-5.24,0.066,0.232,0.082,915.4,0.0319
ST019,2020-01-24,0.0,-3.7,0.087,0.232,0.082,915.4,0.04
ST019,2020-01-31,0.0,-4.16,0.091,0.232,0.082,915.4,0.0869
ST019,2020-02-07,4.89,-2.03,0.093,0.232,0.082,915.4,0.073
ST019,2020-02-14,0.0,-5.65,0.072,0.232,0.082,915.4,0.0422
ST019,2020-02-21,0.0,-1.57,0.071,0.232,0.082,915.4,0.0661
ST019,2020-02-28,0.74,-2.09,0.112,0.232,0.082,915.4,0.0857
ST019,2020-03-06,0.0,-0.88,0.155,0.232,0.082,915.4,0.0416
ST019,2020-03-13,0.0,3.2,0.097,0.232,0.082,915.4,0.1101
ST019,2020-03-20,0.0,4.03,0.162,0.232,0.082,915.4,0.0401
ST019,2020-03-27,11.87,-0.35,0.189,0.232,0.082,915.4,0.2023
ST019,2020-04-03,4.96,6.52,0.186,0.232,0.082,915.4,0.1814
ST019,2020-04-10,0.0,5.61,0.175,0.232,0.082,915.4,0.1738
ST019,2020-04-17,0.0,6.2,0.248,0.232,0.082,915.4,0.1995
ST019,2020-04-24,0.0,9.82,0.295,0.232,0.082,915.4,0.1531
ST019,2020-05-01,2.03,10.05,0.321,0.232,0.082,915.4,0.2349
ST019,2020-05-08,0.0,14.77,0.4,0.232,0.082,915.4,0.1415
ST019,2020-05-15,21.25,11.38,0.342,0.232,0.082,915.4,0.3562
ST019,2020-05-22,0.0,13.78,0.417,0.232,0.082,915.4,0.2149
ST019,2020-05-29,23.66,15.0,0.376,0.232,0.082,915.4,0.1619
ST019,2020-06-05,0.0,14.39,0.468,0.232,0.082,915.4,0.2082
ST019,2020-06-12,18.92,14.4,0.531,0.232,0.082,915.4,0.4609
ST019,2020-06-19,0.0,14.14,0.52,0.232,0.082,915.4,0.1881
ST019,2020-06-26,0.0,15.55,0.515,0.232,0.082,915.4,0.2745
ST019,2020-07-03,0.0,18.74,0.569,0.232,0.082,915.4,0.0274
ST019,2020-07-10,0.0,15.81,0.566,0.232,0.082,915.4,0.238
ST019,2020-07-17,0.0,18.64,0.562,0.232,0.082,915.4,0.039
ST019,2020-07-24,0.0,18.68,0.594,0.232,0.082,915.4,0.0694
ST019,2020-07-31,0.0,17.24,0.637,0.232,0.082,915.4,0.0391
ST019,2020-08-07,0.0,18.53,0.587,0.232,0.082,915.4,0.1314
ST019,2020-08-14,0.0,16.92,0.55,0.232,0.082,915.4,0.02
ST019,2020-08-21,0.0,18.78,0.577,0.232,0.082,915.4,0.0273
ST019,2020-08-28,0.0,14.43,0.599,0.232,0.082,915.4,0.0275
ST019,2020-09-04,0.0,13.19,0.579,0.232,0.082,915.4,0.0321
ST019,2020-09-11,0.0,14.64,0.582,0.232,0.082,915.4,0.0392
ST019,2020-09-18,20.42,9.24,0.534,0.232,0.082,915.4,0.268
ST019,2020-09-25,0.0,12.64,0.513,0.232,0.082,915.4,0.0788
ST019,2020-10-02,0.51,8.21,0.528,0.232,0.082,915.4,0.02
ST019,2020-10-09,0.0,6.0,0.479,0.232,0.082,915.4,0.0314
ST019,2020-10-16,0.0,6.96,0.505,0.232,0.082,915.4,0.0252
ST019,2020-10-23,0.0,2.99,0.482,0.232,0.082,915.4,0.0334
ST019,2020-10-30,0.0,4.08,0.408,0.232,0.082,915.4,0.0274
ST019,2020-11-06,0.0,5.47,0.342,0.232,0.082,915.4,0.02
ST019,2020-11-13,0.0,4.84,0.295,0.232,0.082,915.4,0.0254
ST019,2020-11-20,0.0,-1.35,0.341,0.232,0.082,915.4,0.0253
ST019,2020-11-27,0.0,-0.29,0.21,0.232,0.082,915.4,0.0275
ST019,2020-12-04,0.0,-1.53,0.265,0.232,0.082,915.4,0.0997
ST019,2020-12-11,0.0,-0.24,0.202,0.232,0.082,915.4,0.0313
ST019,2020-12-18,0.0,-7.99,0.166,0.232,0.082,915.4,0.0219
ST019,2020-12-25,0.0,-3.93,0.203,0.232,0.082,915.4,0.0394
ST020,2016-01-01,0.0,-8.88,0.157,0.385,0.436,1374.6,0.2928
ST020,2016-01-08,0.0,-5.64,0.097,0.385,0.436,1374.6,0.1797
ST020,2016-01-15,7.28,-5.46,0.156,0.385,0.436,1374.6,0.1639
ST020,2016-01-22,0.0,-8.23,0.11,0.385,0.436,1374.6,0.1063
ST020,2016-01-29,0.0,-8.26,0.12,0.385,0.436,1374.6,0.0907
ST020,2016-02-05,0.0,-2.0,0.091,0.385,0.436,1374.6,0.0845
ST020,2016-02-12,0.0,-8.11,0.119,0.385,0.436,1374.6,0.0641
ST020,2016-02-19,0.0,-2.71,0.121,0.385,0.436,1374.6,0.0677
ST020,2016-02-26,0.0,-3.85,0.139,0.385,0.436,1374.6,0.0601
ST020,2016-03-04,0.0,-8.19,0.12,0.385,0.436,1374.6,0.1125
ST020,2016-03-11,0.0,0.18,0.099,0.385,0.436,1374.6,0.1102
ST020,2016-03-18,0.0,1.83,0.123,0.385,0.436,1374.6,0.0879
ST020,2016-03-25,0.0,-1.88,0.194,0.385,0.436,1374.6,0.0918
ST020,2016-04-01,16.55,-1.27,0.226,0.385,0.436,1374.6,0.1087
ST020,2016-04-08,0.0,4.64,0.194,0.385,0.436,1374.6,0.1186
ST020,2016-04-15,10.41,5.98,0.24,0.385,0.436,1374.6,0.1365
ST020,2016-04-22,0.0,4.31,0.351,0.385,0.436,1374.6,0.1299
ST020,2016-04-29,0.0,6.62,0.3,0.385,0.436,1374.6,0.0996
ST020,2016-05-06,14.93,9.98,0.343,0.385,0.436,1374.6,0.3107
ST020,2016-05-13,0.0,8.97,0.336,0.385,0.436,1374.6,0.2066
ST020,2016-05-20,2.95,9.77,0.408,0.385,0.436,1374.6,0.1909
ST020,2016-05-27,0.0,9.98,0.399,0.385,0.436,1374.6,0.1296
ST020,2016-06-03,10.77,8.59,0.478,0.385,0.436,1374.6,0.1576
ST020,2016-06-10,0.0,16.27,0.455,0.385,0.436,1374.6,0.2114
ST020,2016-06-17,0.0,9.96,0.472,0.385,0.436,1374.6,0.1299
ST020,2016-06-24,0.0,17.8,0.539,0.385,0.436,1374.6,0.0969
ST020,2016-07-01,0.0,14.43,0.562,0.385,0.436,1374.6,0.0758
ST020,2016-07-08,8.68,17.58,0.568,0.385,0.436,1374.6,0.1905
ST020,2016-07-15,0.0,10.79,0.541,0.385,0.436,1374.6,0.0885
ST020,2016-07-22,0.0,17.07,0.582,0.385,0.436,1374.6,0.0638
ST020,2016-07-29,1.44,15.17,0.574,0.385,0.436,1374.6,0.0656
ST020,2016-08-05,3.26,16.88,0.56,0.385,0.436,1374.6,0.0657
ST020,2016-08-12,0.23,10.1,0.519,0.385,0.436,1374.6,0.0808
ST020,2016-08-19,2.92,11.17,0.563,0.385,0.436,1374.6,0.0863
ST020,2016-08-26,0.0,13.69,0.61,0.385,0.436,1374.6,0.0561
ST020,2016-09-02,0.0,14.58,0.519,0.385,0.436,1374.6,0.0543
ST020,2016-09-09,1.87,7.67,0.563,0.385,0.436,1374.6,0.0701
ST020,2016-09-16,0.0,8.48,0.505,0.385,0.436,1374.6,0.069
ST020,2016-09-23,0.0,5.13,0.547,0.385,0.436,1374.6,0.0538
ST020,2016-09-30,0.0,8.08,0.52,0.385,0.436,1374.6,0.0709
ST020,2016-10-07,0.0,1.17,0.489,0.385,0.436,1374.6,0.0964
ST020,2016-10-14,1.58,1.49,0.405,0.385,0.436,1374.6,0.1012
ST020,2016-10-21,0.0,3.27,0.455,0.385,0.436,1374.6,0.0757
ST020,2016-10-28,0.0,0.77,0.39,0.385,0.436,1374.6,0.0693
ST020,2016-11-04,0.0,-0.14,0.373,0.385,0.436,1374.6,0.0622
ST020,2016-11-11,0.0,-3.24,0.403,0.385,0.436,1374.6,0.0631
ST020,2016-11-18,0.0,-1.53,0.313,0.385,0.436,1374.6,0.0524
ST020,2016-11-25,0.0,-4.58,0.274,0.385,0.436,1374.6,0.0648
ST020,2016-12-02,0.0,-2.17,0.31,0.385,0.436,1374.6,0.0548
ST020,2016-12-09,0.0,-8.44,0.274,0.385,0.436,1374.6,0.0747
ST020,2016-12-16,0.0,-7.36,0.209,0.385,0.436,1374.6,0.0663
ST020,2016-12-23,0.0,-3.06,0.188,0.385,0.436,1374.6,0.0674
ST020,2016-12-30,0.0,-8.67,0.16,0.385,0.436,1374.6,0.0739
ST020,2017-01-06,0.0,-5.35,0.128,0.385,0.436,1374.6,0.0684
ST020,2017-01-13,26.29,-4.43,0.114,0.385,0.436,1374.6,0.1428
ST020,2017-01-20,0.0,-5.94,0.086,0.385,0.436,1374.6,0.1263
ST020,2017-01-27,0.0,-4.7,0.133,0.385,0.436,1374.6,0.1262
ST020,2017-02-03,2.38,-4.65,0.093,0.385,0.436,1374.6,0.122
ST020,2017-02-10,0.0,-4.15,0.088,0.385,0.436,1374.6,0.101
ST020,2017-02-17,0.0,-2.45,0.066,0.385,0.436,1374.6,0.0997
ST020,2017-02-24,0.0,-2.94,0.149,0.385,0.436,1374.6,0.1636
ST020,2017-03-03,0.0,-4.94,0.12,0.385,0.436,1374.6,0.1085
ST020,2017-03-10,0.0,-2.45,0.148,0.385,0.436,1374.6,0.1053
ST020,2017-03-17,0.0,-1.83,0.163,0.385,0.436,1374.6,0.0743
ST020,2017-03-24,0.0,-2.47,0.167,0.385,0.436,1374.6,0.0891
ST020,2017-03-31,0.0,2.52,0.242,0.385,0.436,1374.6,0.0894
ST020,2017-04-07,0.0,2.39,0.221,0.385,0.436,1374.6,0.1229
ST020,2017-04-14,0.0,2.03,0.257,0.385,0.436,1374.6,0.0881
ST020,2017-04-21,0.0,6.27,0.263,0.385,0.436,1374.6,0.1279
ST020,2017-04-28,0.0,3.98,0.296,0.385,0.436,1374.6,0.1558
ST020,2017-05-05,0.0,8.2,0.325,0.385,0.436,1374.6,0.0909
ST020,2017-05-12,25.72,9.19,0.378,0.385,0.436,1374.6,0.2501
ST020,2017-05-19,0.0,13.21,0.338,0.385,0.436,1374.6,0.2383
ST020,2017-05-26,0.0,9.15,0.404,0.385,0.436,1374.6,0.2259
ST020,2017-06-02,0.0,12.66,0.401,0.385,0.436,1374.6,0.2576
ST020,2017-06-09,0.0,12.62,0.445,0.385,0.436,1374.6,0.1269
ST020,2017-06-16,1.15,15.6,0.455,0.385,0.436,1374.6,0.1732
ST020,2017-06-23,0.0,17.1,0.529,0.385,0.436,1374.6,0.0999
ST020,2017-06-30,0.0,12.32,0.475,0.385,0.436,1374.6,0.0614
ST020,2017-07-07,2.15,13.83,0.564,0.385,0.436,1374.6,0.0857
ST020,2017-07-14,0.0,20.46,0.577,0.385,0.436,1374.6,0.0714
ST020,2017-07-21,0.0,13.8,0.573,0.385,0.436,1374.6,0.0962
ST020,2017-07-28,0.0,17.27,0.561,0.385,0.436,1374.6,0.0677
ST020,2017-08-04,0.0,12.26,0.586,0.385,0.436,1374.6,0.0622
ST020,2017-08-11,0.0,8.67,0.604,0.385,0.436,1374.6,0.1753
ST020,2017-08-18,0.0,12.33,0.575,0.385,0.436,1374.6,0.1309
ST020,2017-08-25,0.0,8.6,0.594,0.385,0.436,1374.6,0.089
ST020,2017-09-01,0.0,14.3,0.536,0.385,0.436,1374.6,0.0587
ST020,2017-09-08,0.0,8.09,0.541,0.385,0.436,1374.6,0.0686
ST020,2017-09-15,0.0,12.03,0.545,0.385,0.436,1374.6,0.0552
ST020,2017-09-22,0.0,7.05,0.534,0.385,0.436,1374.6,0.0592
ST020,2017-09-29,0.0,6.41,0.488,0.385,0.436,1374.6,0.2449
ST020,2017-10-06,0.0,5.7,0.457,0.385,0.436,1374.6,0.1517
ST020,2017-10-13,0.0,5.95,0.459,0.385,0.436,1374.6,0.1115
ST020,2017-10-20,0.0,-2.08,0.417,0.385,0.436,1374.6,0.0694
ST020,2017-10-27,0.0,0.89,0.439,0.385,0.436,1374.6,0.0706
ST020,2017-11-03,0.0,2.3,0.347,0.385,0.436,1374.6,0.0677
ST020,2017-11-10,0.0,2.3,0.328,0.385,0.436,1374.6,0.0749
ST020,2017-11-17,0.0,-4.13,0.294,0.385,0.436,1374.6,0.0708
ST020,2017-11-24,0.0,-3.36,0.288,0.385,0.436,1374.6,0.0713
ST020,2017-12-01,0.0,-3.89,0.266,0.385,0.436,1374.6,0.0655
ST020,2017-12-08,0.0,-4.56,0.243,0.385,0.436,1374.6,0.0515
ST020,2017-12-15,0.0,-4.4,0.203,0.385,0.436,1374.6,0.0639
ST020,2017-12-22,0.0,-8.45,0.195,0.385,0.436,1374.6,0.0579
ST020,2017-12-29,0.0,-2.24,0.171,0.385,0.436,1374.6,0.0686
ST020,2018-01-05,0.0,-3.97,0.126,0.385,0.436,1374.6,0.0633
ST020,2018-01-12,0.0,-6.28,0.196,0.385,0.436,1374.6,0.0628
ST020,2018-01-19,0.0,-7.15,0.101,0.385,0.436,1374.6,0.0494
ST020,2018-01-26,0.0,-5.56,0.1,0.385,0.436,1374.6,0.0703
ST020,2018-02-02,0.0,-6.3,0.122,0.385,0.436,1374.6,0.0649
ST020,2018-02-09,0.0,-5.82,0.138,0.385,0.436,1374.6,0.0602
ST020,2018-02-16,0.0,-3.75,0.124,0.385,0.436,1374.6,0.0726
ST020,2018-02-23,0.0,-7.18,0.128,0.385,0.436,1374.6,0.0858
ST020,2018-03-02,4.33,-2.44,0.134,0.385,0.436,1374.6,0.0721
ST020,2018-03-09,0.0,-1.33,0.104,0.385,0.436,1374.6,0.0735
ST020,2018-03-16,0.0,1.72,0.149,0.385,0.436,1374.6,0.0722
ST020,2018-03-23,0.0,0.13,0.147,0.385,0.436,1374.6,0.0664
ST020,2018-03-30,16.59,-0.03,0.2,0.385,0.436,1374.6,0.1783
ST020,2018-04-06,3.65,0.91,0.183,0.385,0.436,1374.6,0.2142
ST020,2018-04-13,7.27,4.83,0.243,0.385,0.436,1374.6,0.1763
ST020,2018-04-20,3.33,5.39,0.273,0.385,0.436,1374.6,0.2101
ST020,2018-04-27,0.0,3.53,0.275,0.385,0.436,1374.6,0.2281
ST020,2018-05-04,0.0,8.22,0.287,0.385,0.436,1374.6,0.2188
ST020,2018-05-11,0.0,8.2,0.385,0.385,0.436,1374.6,0.1426
ST020,2018-05-18,0.0,8.88,0.387,0.385,0.436,1374.6,0.2061
ST020,2018-05-25,0.0,10.73,0.402,0.385,0.436,1374.6,0.1008
ST020,2018-06-01,2.14,12.71,0.483,0.385,0.436,1374.6,0.0867
ST020,2018-06-08,0.0,11.15,0.414,0.385,0.436,1374.6,0.2542
ST020,2018-06-15,0.0,11.45,0.5,0.385,0.436,1374.6,0.1538
ST020,2018-06-22,0.0,18.54,0.474,0.385,0.436,1374.6,0.0913
ST020,2018-06-29,21.04,16.28,0.513,0.385,0.436,1374.6,0.2808
ST020,2018-07-06,0.0,13.44,0.513,0.385,0.436,1374.6,0.1332
ST020,2018-07-13,0.0,11.18,0.565,0.385,0.436,1374.6,0.0982
ST020,2018-07-20,0.0,13.02,0.634,0.385,0.436,1374.6,0.2022
ST020,2018-07-27,3.61,16.59,0.591,0.385,0.436,1374.6,0.1588
ST020,2018-08-03,0.46,11.72,0.599,0.385,0.436,1374.6,0.0712
ST020,2018-08-10,0.0,14.28,0.579,0.385,0.436,1374.6,0.0743
ST020,2018-08-17,0.0,17.46,0.634,0.385,0.436,1374.6,0.0638
ST020,2018-08-24,0.0,13.52,0.551,0.385,0.436,1374.6,0.0735
ST020,2018-08-31,0.0,11.24,0.55,0.385,0.436,1374.6,0.0621
ST020,2018-09-07,10.05,9.12,0.521,0.385,0.436,1374.6,0.0928
ST020,2018-09-14,0.0,11.12,0.546,0.385,0.436,1374.6,0.0684
ST020,2018-09-21,0.0,12.29,0.511,0.385,0.436,1374.6,0.1042
ST020,2018-09-28,2.71,8.74,0.5,0.385,0.436,1374.6,0.0733
ST020,2018-10-05,0.0,7.23,0.437,0.385,0.436,1374.6,0.0672
ST020,2018-10-12,0.0,5.51,0.41,0.385,0.436,1374.6,0.087
ST020,2018-10-19,1.15,2.96,0.427,0.385,0.436,1374.6,0.0562
ST020,2018-10-26,0.0,0.86,0.429,0.385,0.436,1374.6,0.0733
ST020,2018-11-02,0.0,5.43,0.324,0.385,0.436,1374.6,0.0644
ST020,2018-11-09,0.0,1.6,0.37,0.385,0.436,1374.6,0.06
ST020,2018-11-16,0.0,-3.09,0.39,0.385,0.436,1374.6,0.0749
ST020,2018-11-23,0.0,-4.26,0.338,0.385,0.436,1374.6,0.0751
ST020,2018-11-30,0.0,-4.98,0.251,0.385,0.436,1374.6,0.0645
ST020,2018-12-07,0.0,-7.74,0.241,0.385,0.436,1374.6,0.0771
ST020,2018-12-14,0.0,-4.33,0.208,0.385,0.436,1374.6,0.1032
ST020,2018-12-21,3.29,-4.62,0.208,0.385,0.436,1374.6,0.1032
ST020,2018-12-28,0.0,-4.91,0.138,0.385,0.436,1374.6,0.081
ST020,2019-01-04,0.0,-9.66,0.136,0.385,0.436,1374.6,0.0796
ST020,2019-01-11,0.0,-8.19,0.137,0.385,0.436,1374.6,0.0767
ST020,2019-01-18,0.0,-8.23,0.135,0.385,0.436,1374.6,0.0652
ST020,2019-01-25,0.0,-6.51,0.117,0.385,0.436,1374.6,0.0895
ST020,2019-02-01,0.0,-2.96,0.077,0.385,0.436,1374.6,0.0987
ST020,2019-02-08,0.0,-7.62,0.135,0.385,0.436,1374.6,0.0953
ST020,2019-02-15,0.0,-7.69,0.131,0.385,0.436,1374.6,0.1299
ST020,2019-02-22,0.0,-1.3,0.155,0.385,0.436,1374.6,0.081
ST020,2019-03-01,0.0,-2.98,0.133,0.385,0.436,1374.6,0.1352
ST020,2019-03-08,0.0,-3.99,0.12,0.385,0.436,1374.6,0.1473
ST020,2019-03-15,0.0,1.89,0.17,0.385,0.436,1374.6,0.1244
ST020,2019-03-22,0.0,-1.2,0.144,0.385,0.436,1374.6,0.1093
ST020,2019-03-29,0.0,4.81,0.185,0.385,0.436,1374.6,0.1616
ST020,2019-04-05,0.0,5.05,0.225,0.385,0.436,1374.6,0.1103
ST020,2019-04-12,0.0,4.6,0.176,0.385,0.436,1374.6,0.0935
ST020,2019-04-19,0.0,2.0,0.32,0.385,0.436,1374.6,0.1706
ST020,2019-04-26,0.0,5.71,0.266,0.385,0.436,1374.6,0.0934
ST020,2019-05-03,0.0,9.82,0.349,0.385,0.436,1374.6,0.0811
ST020,2019-05-10,2.69,13.76,0.372,0.385,0.436,1374.6,0.1348
ST020,2019-05-17,0.0,8.52,0.381,0.385,0.436,1374.6,0.1757
ST020,2019-05-24,7.95,14.36,0.43,0.385,0.436,1374.6,0.1823
ST020,2019-05-31,3.91,14.4,0.435,0.385,0.436,1374.6,0.3872
ST020,2019-06-07,0.0,10.91,0.466,0.385,0.436,1374.6,0.2146
ST020,2019-06-14,0.0,17.74,0.502,0.385,0.436,1374.6,0.1125
ST020,2019-06-21,0.0,13.94,0.546,0.385,0.436,1374.6,0.0901
ST020,2019-06-28,0.0,16.75,0.557,0.385,0.436,1374.6,0.0971
ST020,2019-07-05,0.0,14.21,0.542,0.385,0.436,1374.6,0.0933
ST020,2019-07-12,0.0,17.61,0.566,0.385,0.436,1374.6,0.0804
ST020,2019-07-19,0.0,18.11,0.599,0.385,0.436,1374.6,0.1048
ST020,2019-07-26,0.0,14.04,0.568,0.385,0.436,1374.6,0.1811
ST020,2019-08-02,43.87,15.1,0.595,0.385,0.436,1374.6,0.2946
ST020,2019-08-09,0.0,17.65,0.557,0.385,0.436,1374.6,0.1367
ST020,2019-08-16,1.35,17.11,0.602,0.385,0.436,1374.6,0.0861
ST020,2019-08-23,0.0,12.62,0.551,0.385,0.436,1374.6,0.0715
ST020,2019-08-30,0.0,11.93,0.602,0.385,0.436,1374.6,0.0625
ST020,2019-09-06,0.0,8.59,0.579,0.385,0.436,1374.6,0.0698
ST020,2019-09-13,0.0,9.78,0.537,0.385,0.436,1374.6,0.064
ST020,2019-09-20,0.0,9.6,0.531,0.385,0.436,1374.6,0.0614
ST020,2019-09-27,0.0,8.34,0.514,0.385,0.436,1374.6,0.0709
ST020,2019-10-04,0.0,8.3,0.471,0.385,0.436,1374.6,0.0628
ST020,2019-10-11,2.18,2.72,0.39,0.385,0.436,1374.6,0.0811
ST020,2019-10-18,0.0,6.64,0.451,0.385,0.436,1374.6,0.0695
ST020,2019-10-25,0.0,-1.31,0.403,0.385,0.436,1374.6,0.1312
ST020,2019-11-01,0.0,-0.83,0.355,0.385,0.436,1374.6,0.0793
ST020,2019-11-08,0.0,-2.37,0.38,0.385,0.436,1374.6,0.0829
ST020,2019-11-15,0.0,-1.68,0.349,0.385,0.436,1374.6,0.0657
ST020,2019-11-22,0.0,-3.15,0.326,0.385,0.436,1374.6,0.0692
ST020,2019-11-29,0.0,-3.44,0.258,0.385,0.436,1374.6,0.0604
ST020,2019-12-06,0.0,-4.55,0.26,0.385,0.436,1374.6,0.0637
ST020,2019-12-13,0.0,-4.1,0.221,0.385,0.436,1374.6,0.0753
ST020,2019-12-20,0.0,-5.42,0.154,0.385,0.436,1374.6,0.1029
ST020,2019-12-27,0.0,-9.67,0.211,0.385,0.436,1374.6,0.0633
ST020,2020-01-03,0.0,-6.45,0.127,0.385,0.436,1374.6,0.0773
ST020,2020-01-10,0.0,-8.43,0.094,0.385,0.436,1374.6,0.061
ST020,2020-01-17,2.04,-8.99,0.116,0.385,0.436,1374.6,0.0939
ST020,2020-01-24,0.41,-9.06,0.146,0.385,0.436,1374.6,0.0963
ST020,2020-01-31,0.0,-6.98,0.156,0.385,0.436,1374.6,0.0723
ST020,2020-02-07,0.0,-0.01,0.131,0.385,0.436,1374.6,0.0806
ST020,2020-02-14,0.0,-5.48,0.123,0.385,0.436,1374.6,0.1203
ST020,2020-02-21,0.0,-4.07,0.121,0.385,0.436,1374.6,0.1224
ST020,2020-02-28,0.0,-5.07,0.128,0.385,0.436,1374.6,0.1441
ST020,2020-03-06,0.0,0.85,0.159,0.385,0.436,1374.6,0.1213
ST020,2020-03-13,0.0,-3.86,0.163,0.385,0.436,1374.6,0.0632
ST020,2020-03-20,6.72,0.67,0.226,0.385,0.436,1374.6,0.1021
ST020,2020-03-27,22.58,-0.29,0.156,0.385,0.436,1374.6,0.197
ST020,2020-04-03,9.84,2.74,0.237,0.385,0.436,1374.6,0.253
ST020,2020-04-10,0.0,6.14,0.241,0.385,0.436,1374.6,0.1487
ST020,2020-04-17,0.0,5.67,0.223,0.385,0.436,1374.6,0.1375
ST020,2020-04-24,0.0,7.56,0.346,0.385,0.436,1374.6,0.1477
ST020,2020-05-01,0.0,9.94,0.329,0.385,0.436,1374.6,0.1649
ST020,2020-05-08,0.0,10.51,0.333,0.385,0.436,1374.6,0.1551
ST020,2020-05-15,7.63,12.51,0.402,0.385,0.436,1374.6,0.1806
ST020,2020-05-22,0.0,6.91,0.376,0.385,0.436,1374.6,0.2686
ST020,2020-05-29,0.0,14.27,0.402,0.385,0.436,1374.6,0.3877
ST020,2020-06-05,14.59,14.0,0.47,0.385,0.436,1374.6,0.3175
ST020,2020-06-12,0.0,12.74,0.491,0.385,0.436,1374.6,0.1934
ST020,2020-06-19,0.0,11.98,0.494,0.385,0.436,1374.6,0.326
ST020,2020-06-26,28.54,12.84,0.514,0.385,0.436,1374.6,0.2816
ST020,2020-07-03,0.0,17.98,0.506,0.385,0.436,1374.6,0.271
ST020,2020-07-10,10.87,14.49,0.617,0.385,0.436,1374.6,0.1687
ST020,2020-07-17,0.0,16.85,0.611,0.385,0.436,1374.6,0.0727
ST020,2020-07-24,4.74,14.78,0.582,0.385,0.436,1374.6,0.1441
ST020,2020-07-31,0.0,8.6,0.603,0.385,0.436,1374.6,0.0711
ST020,2020-08-07,0.0,12.48,0.575,0.385,0.436,1374.6,0.0739
ST020,2020-08-14,0.0,13.46,0.629,0.385,0.436,1374.6,0.0542
ST020,2020-08-21,0.0,12.72,0.546,0.385,0.436,1374.6,0.0851
ST020,2020-08-28,0.0,14.82,0.552,0.385,0.436,1374.6,0.1311
ST020,2020-09-04,2.29,11.96,0.579,0.385,0.436,1374.6,0.1109
ST020,2020-09-11,0.0,10.08,0.516,0.385,0.436,1374.6,0.1228
ST020,2020-09-18,0.0,9.61,0.495,0.385,0.436,1374.6,0.0892
ST020,2020-09-25,0.0,7.57,0.439,0.385,0.436,1374.6,0.0866
ST020,2020-10-02,0.0,9.87,0.527,0.385,0.436,1374.6,0.0647
ST020,2020-10-09,0.0,4.09,0.493,0.385,0.436,1374.6,0.0454
ST020,2020-10-16,0.0,4.03,0.503,0.385,0.436,1374.6,0.0554
ST020,2020-10-23,0.0,2.5,0.422,0.385,0.436,1374.6,0.0613
ST020,2020-10-30,0.0,3.33,0.444,0.385,0.436,1374.6,0.0652
ST020,2020-11-06,0.0,-2.55,0.372,0.385,0.436,1374.6,0.0697
ST020,2020-11-13,0.0,-2.85,0.323,0.385,0.436,1374.6,0.0624
ST020,2020-11-20,0.0,-3.02,0.33,0.385,0.436,1374.6,0.0512
ST020,2020-11-27,0.0,-6.4,0.258,0.385,0.436,1374.6,0.0666
ST020,2020-12-04,0.0,-6.53,0.258,0.385,0.436,1374.6,0.1026
ST020,2020-12-11,0.0,-4.03,0.233,0.385,0.436,1374.6,0.1225
ST020,2020-12-18,0.0,-6.31,0.206,0.385,0.436,1374.6,0.0885
ST020,2020-12-25,0.0,-5.24,0.193,0.385,0.436,1374.6,0.0667
ST021,2016-01-01,0.0,-5.73,0.184,0.591,0.051,1469.3,0.1981
ST021,2016-01-08,0.0,-8.24,0.065,0.591,0.051,1469.3,0.0565
ST021,2016-01-15,0.0,-5.92,0.098,0.591,0.051,1469.3,0.0368
ST021,2016-01-22,0.0,-6.88,0.135,0.591,0.051,1469.3,0.093
ST021,2016-01-29,0.0,-6.24,0.158,0.591,0.051,1469.3,0.0275
ST021,2016-02-05,0.0,-4.43,0.072,0.591,0.051,1469.3,0.0461
ST021,2016-02-12,0.0,-6.2,0.083,0.591,0.051,1469.3,0.0338
ST021,2016-02-19,0.0,-2.75,0.129,0.591,0.051,1469.3,0.0335
ST021,2016-02-26,4.51,-7.34,0.13,0.591,0.051,1469.3,0.0603
ST021,2016-03-04,0.0,-4.68,0.218,0.591,0.051,1469.3,0.0552
ST021,2016-03-11,0.0,0.3,0.206,0.591,0.051,1469.3,0.0401
ST021,2016-03-18,9.52,-3.58,0.106,0.591,0.051,1469.3,0.1462
ST021,2016-03-25,11.55,-2.45,0.172,0.591,0.051,1469.3,0.1365
ST021,2016-04-01,0.0,1.23,0.184,0.591,0.051,1469.3,0.0697
ST021,2016-04-08,0.0,-0.84,0.216,0.591,0.051,1469.3,0.0356
ST021,2016-04-15,0.0,4.33,0.219,0.591,0.051,1469.3,0.0248
ST021,2016-04-22,0.0,9.6,0.319,0.591,0.051,1469.3,0.0386
ST021,2016-04-29,11.66,4.0,0.292,0.591,0.051,1469.3,0.1109
ST021,2016-05-06,0.0,3.72,0.337,0.591,0.051,1469.3,0.1179
ST021,2016-05-13,0.0,13.19,0.338,0.591,0.051,1469.3,0.1645
ST021,2016-05-20,58.42,13.0,0.403,0.591,0.051,1469.3,0.4031
ST021,2016-05-27,0.14,11.48,0.412,0.591,0.051,1469.3,0.1015
ST021,2016-06-03,0.0,9.78,0.477,0.591,0.051,1469.3,0.0301
ST021,2016-06-10,5.63,13.63,0.46,0.591,0.051,1469.3,0.0642
ST021,2016-06-17,2.16,16.64,0.521,0.591,0.051,1469.3,0.0994
ST021,2016-06-24,0.0,13.74,0.504,0.591,0.051,1469.3,0.0271
ST021,2016-07-01,0.0,14.67,0.585,0.591,0.051,1469.3,0.1094
ST021,2016-07-08,0.0,19.26,0.511,0.591,0.051,1469.3,0.0576
ST021,2016-07-15,30.8,15.44,0.49,0.591,0.051,1469.3,0.1756
ST021,2016-07-22,6.49,13.16,0.555,0.591,0.051,1469.3,0.1719
ST021,2016-07-29,0.0,18.31,0.53,0.591,0.051,1469.3,0.0826
ST021,2016-08-05,0.0,14.65,0.618,0.591,0.051,1469.3,0.0249
ST021,2016-08-12,0.0,10.24,0.6,0.591,0.051,1469.3,0.0299
ST021,2016-08-19,0.0,12.37,0.569,0.591,0.051,1469.3,0.0253
ST021,2016-08-26,0.0,9.22,0.657,0.591,0.051,1469.3,0.0306
ST021,2016-09-02,0.0,8.69,0.586,0.591,0.051,1469.3,0.0584
ST021,2016-09-09,0.0,9.29,0.611,0.591,0.051,1469.3,0.0323
ST021,2016-09-16,2.26,9.76,0.542,0.591,0.051,1469.3,0.0838
ST021,2016-09-23,0.0,9.15,0.531,0.591,0.051,1469.3,0.09
ST021,2016-09-30,0.0,4.9,0.465,0.591,0.051,1469.3,0.0974
ST021,2016-10-07,0.0,5.99,0.452,0.591,0.051,1469.3,0.02
ST021,2016-10-14,0.0,2.66,0.454,0.591,0.051,1469.3,0.0206
ST021,2016-10-21,0.0,3.79,0.454,0.591,0.051,1469.3,0.0644
ST021,2016-10-28,0.0,1.5,0.408,0.591,0.051,1469.3,0.0404
ST021,2016-11-04,0.0,-1.7,0.356,0.591,0.051,1469.3,0.0471
ST021,2016-11-11,0.0,2.51,0.36,0.591,0.051,1469.3,0.0209
ST021,2016-11-18,0.0,-3.65,0.3,0.591,0.051,1469.3,0.0412
ST021,2016-11-25,0.0,-3.11,0.215,0.591,0.051,1469.3,0.0427
ST021,2016-12-02,0.0,-1.94,0.255,0.591,0.051,1469.3,0.02
ST021,2016-12-09,2.79,-6.5,0.193,0.591,0.051,1469.3,0.0333
ST021,2016-12-16,0.0,-5.01,0.208,0.591,0.051,1469.3,0.0324
ST021,2016-12-23,9.56,-5.79,0.201,0.591,0.051,1469.3,0.0671
ST021,2016-12-30,0.0,-6.94,0.174,0.591,0.051,1469.3,0.0558
ST021,2017-01-06,0.0,-9.85,0.189,0.591,0.051,1469.3,0.028
ST021,2017-01-13,0.0,-12.65,0.156,0.591,0.051,1469.3,0.02
ST021,2017-01-20,0.0,-6.03,0.128,0.591,0.051,1469.3,0.02
ST021,2017-01-27,0.0,-8.08,0.188,0.591,0.051,1469.3,0.0325
ST021,2017-02-03,17.21,-6.81,0.153,0.591,0.051,1469.3,0.1575
ST021,2017-02-10,0.0,-8.82,0.129,0.591,0.051,1469.3,0.1035
ST021,2017-02-17,0.0,-8.89,0.14,0.591,0.051,1469.3,0.1214
ST021,2017-02-24,8.2,-7.18,0.081,0.591,0.051,1469.3,0.1195
ST021,2017-03-03,0.0,-4.71,0.123,0.591,0.051,1469.3,0.0578
ST021,2017-03-10,0.0,-0.82,0.162,0.591,0.051,1469.3,0.0395
ST021,2017-03-17,0.0,-0.89,0.183,0.591,0.051,1469.3,0.2653
ST021,2017-03-24,16.5,-0.67,0.164,0.591,0.051,1469.3,0.2222
ST021,2017-03-31,0.0,-0.71,0.186,0.591,0.051,1469.3,0.0527
ST021,2017-04-07,0.0,2.35,0.268,0.591,0.051,1469.3,0.1739
ST021,2017-04-14,1.2,6.6,0.276,0.591,0.051,1469.3,0.1626
ST021,2017-04-21,0.0,4.67,0.218,0.591,0.051,1469.3,0.0747
ST021,2017-04-28,0.57,4.33,0.268,0.591,0.051,1469.3,0.0627
ST021,2017-05-05,0.0,6.32,0.372,0.591,0.051,1469.3,0.175
ST021,2017-05-12,10.17,6.97,0.336,0.591,0.051,1469.3,0.2103
ST021,2017-05-19,0.0,7.29,0.38,0.591,0.051,1469.3,0.0766
ST021,2017-05-26,5.07,10.64,0.446,0.591,0.051,1469.3,0.1244
ST021,2017-06-02,0.0,17.31,0.43,0.591,0.051,1469.3,0.2771
ST021,2017-06-09,0.0,13.01,0.463,0.591,0.051,1469.3,0.1288
ST021,2017-06-16,2.1,12.61,0.54,0.591,0.051,1469.3,0.0591
ST021,2017-06-23,0.0,17.2,0.505,0.591,0.051,1469.3,0.02
ST021,2017-06-30,0.0,13.36,0.49,0.591,0.051,1469.3,0.1461
ST021,2017-07-07,0.0,12.11,0.521,0.591,0.051,1469.3,0.0275
ST021,2017-07-14,0.0,11.22,0.556,0.591,0.051,1469.3,0.0305
ST021,2017-07-21,0.38,12.54,0.53,0.591,0.051,1469.3,0.0601
ST021,2017-07-28,0.0,16.02,0.629,0.591,0.051,1469.3,0.0219
ST021,2017-08-04,0.0,10.92,0.6,0.591,0.051,1469.3,0.02
ST021,2017-08-11,0.0,14.78,0.573,0.591,0.051,1469.3,0.0563
ST021,2017-08-18,0.0,11.28,0.598,0.591,0.051,1469.3,0.0644
ST021,2017-08-25,0.0,10.25,0.594,0.591,0.051,1469.3,0.0362
ST021,2017-09-01,0.0,9.01,0.595,0.591,0.051,1469.3,0.0209
ST021,2017-09-08,0.0,9.65,0.556,0.591,0.051,1469.3,0.0257
ST021,2017-09-15,0.0,11.16,0.559,0.591,0.051,1469.3,0.0563
ST021,2017-09-22,0.0,10.81,0.548,0.591,0.051,1469.3,0.0853
ST021,2017-09-29,0.0,6.37,0.483,0.591,0.051,1469.3,0.02
ST021,2017-10-06,5.26,6.7,0.483,0.591,0.051,1469.3,0.0683
ST021,2017-10-13,0.0,2.76,0.426,0.591,0.051,1469.3,0.0212
ST021,2017-10-20,0.0,7.02,0.398,0.591,0.051,1469.3,0.0227
ST021,2017-10-27,0.0,3.32,0.391,0.591,0.051,1469.3,0.0288
ST021,2017-11-03,0.0,-1.17,0.31,0.591,0.051,1469.3,0.0261
ST021,2017-11-10,0.0,-2.19,0.345,0.591,0.051,1469.3,0.0304
ST021,2017-11-17,0.0,-4.95,0.298,0.591,0.051,1469.3,0.0272
ST021,2017-11-24,0.0,-2.29,0.29,0.591,0.051,1469.3,0.02
ST021,2017-12-01,0.0,-7.1,0.275,0.591,0.051,1469.3,0.02
ST021,2017-12-08,0.0,-6.55,0.268,0.591,0.051,1469.3,0.0351
ST021,2017-12-15,0.0,-7.01,0.25,0.591,0.051,1469.3,0.0322
ST021,2017-12-22,0.0,-7.21,0.211,0.591,0.051,1469.3,0.0282
ST021,2017-12-29,0.0,-11.4,0.2,0.591,0.051,1469.3,0.0208
ST021,2018-01-05,0.0,-4.86,0.194,0.591,0.051,1469.3,0.043
ST021,2018-01-12,0.0,-8.42,0.229,0.591,0.051,1469.3,0.0308
ST021,2018-01-19,0.0,-7.85,0.128,0.591,0.051,1469.3,0.0367
ST021,2018-01-26,0.0,-5.45,0.121,0.591,0.051,1469.3,0.0336
ST021,2018-02-02,0.0,-7.03,0.133,0.591,0.051,1469.3,0.0632
ST021,2018-02-09,0.0,-4.08,0.166,0.591,0.051,1469.3,0.0467
ST021,2018-02-16,0.0,-6.6,0.146,0.591,0.051,1469.3,0.0316
ST021,2018-02-23,0.0,-6.81,0.108,0.591,0.051,1469.3,0.0631
ST021,2018-03-02,0.0,-3.46,0.099,0.591,0.051,1469.3,0.1129
ST021,2018-03-09,0.0,-2.96,0.154,0.591,0.051,1469.3,0.1263
ST021,2018-03-16,0.0,1.3,0.139,0.591,0.051,1469.3,0.0565
ST021,2018-03-23,4.5,-3.34,0.203,0.591,0.051,1469.3,0.0926
ST021,2018-03-30,0.0,2.05,0.201,0.591,0.051,1469.3,0.0962
ST021,2018-04-06,0.0,5.13,0.261,0.591,0.051,1469.3,0.0598
ST021,2018-04-13,0.0,2.71,0.265,0.591,0.051,1469.3,0.02
ST021,2018-04-20,0.0,3.16,0.251,0.591,0.051,1469.3,0.0205
ST021,2018-04-27,0.0,6.72,0.304,0.591,0.051,1469.3,0.0279
ST021,2018-05-04,0.0,4.84,0.382,0.591,0.051,1469.3,0.1221
ST021,2018-05-11,0.0,9.35,0.381,0.591,0.051,1469.3,0.1098
ST021,2018-05-18,11.28,8.94,0.388,0.591,0.051,1469.3,0.0684
ST021,2018-05-25,10.52,11.0,0.425,0.591,0.051,1469.3,0.289
ST021,2018-06-01,23.33,11.63,0.476,0.591,0.051,1469.3,0.2184
ST021,2018-06-08,0.0,11.68,0.448,0.591,0.051,1469.3,0.0292
ST021,2018-06-15,0.0,14.53,0.504,0.591,0.051,1469.3,0.0244
ST021,2018-06-22,36.99,11.18,0.475,0.591,0.051,1469.3,0.4086
ST021,2018-06-29,0.0,15.74,0.52,0.591,0.051,1469.3,0.0804
ST021,2018-07-06,0.0,17.0,0.56,0.591,0.051,1469.3,0.1191
ST021,2018-07-13,0.0,13.16,0.486,0.591,0.051,1469.3,0.039
ST021,2018-07-20,4.05,15.36,0.59,0.591,0.051,1469.3,0.1906
ST021,2018-07-27,0.0,16.81,0.543,0.591,0.051,1469.3,0.0238
ST021,2018-08-03,0.0,12.44,0.588,0.591,0.051,1469.3,0.044
ST021,2018-08-10,1.0,14.87,0.608,0.591,0.051,1469.3,0.0358
ST021,2018-08-17,0.0,15.13,0.617,0.591,0.051,1469.3,0.0392
ST021,2018-08-24,0.0,6.23,0.598,0.591,0.051,1469.3,0.0475
ST021,2018-08-31,0.0,8.69,0.536,0.591,0.051,1469.3,0.0452
ST021,2018-09-07,0.0,9.59,0.535,0.591,0.051,1469.3,0.0224
ST021,2018-09-14,0.0,7.3,0.54,0.591,0.051,1469.3,0.0351
ST021,2018-09-21,0.0,5.95,0.462,0.591,0.051,1469.3,0.0264
ST021,2018-09-28,0.0,7.8,0.522,0.591,0.051,1469.3,0.02
ST021,2018-10-05,0.0,4.34,0.486,0.591,0.051,1469.3,0.0267
ST021,2018-10-12,0.0,7.9,0.465,0.591,0.051,1469.3,0.0292
ST021,2018-10-19,0.0,3.89,0.457,0.591,0.051,1469.3,0.0254
ST021,2018-10-26,0.0,-5.1,0.396,0.591,0.051,1469.3,0.0266
ST021,2018-11-02,0.0,-5.14,0.426,0.591,0.051,1469.3,0.0324
ST021,2018-11-09,0.0,-0.55,0.372,0.591,0.051,1469.3,0.02
ST021,2018-11-16,0.0,-1.99,0.328,0.591,0.051,1469.3,0.02
ST021,2018-11-23,0.0,0.22,0.335,0.591,0.051,1469.3,0.0282
ST021,2018-11-30,0.0,-1.0,0.256,0.591,0.051,1469.3,0.02
ST021,2018-12-07,0.0,-5.27,0.256,0.591,0.051,1469.3,0.07
ST021,2018-12-14,0.0,-1.2,0.246,0.591,0.051,1469.3,0.0295
ST021,2018-12-21,0.0,-3.3,0.202,0.591,0.051,1469.3,0.0342
ST021,2018-12-28,0.0,-2.94,0.233,0.591,0.051,1469.3,0.0271
ST021,2019-01-04,0.0,-6.58,0.199,0.591,0.051,1469.3,0.0214
ST021,2019-01-11,0.0,-6.12,0.189,0.591,0.051,1469.3,0.0439
ST021,2019-01-18,0.0,-9.3,0.113,0.591,0.051,1469.3,0.0393
ST021,2019-01-25,0.0,-6.59,0.081,0.591,0.051,1469.3,0.0352
ST021,2019-02-01,1.4,-3.27,0.125,0.591,0.051,1469.3,0.0391
ST021,2019-02-08,0.0,-4.43,0.12,0.591,0.051,1469.3,0.111
ST021,2019-02-15,0.0,-6.56,0.15,0.591,0.051,1469.3,0.0386
ST021,2019-02-22,0.0,-5.74,0.083,0.591,0.051,1469.3,0.0315
ST021,2019-03-01,1.14,-6.86,0.155,0.591,0.051,1469.3,0.0656
ST021,2019-03-08,0.0,-0.42,0.092,0.591,0.051,1469.3,0.0333
ST021,2019-03-15,0.0,-5.87,0.149,0.591,0.051,1469.3,0.0591
ST021,2019-03-22,0.0,-2.22,0.163,0.591,0.051,1469.3,0.1071
ST021,2019-03-29,5.62,0.45,0.172,0.591,0.051,1469.3,0.2477
ST021,2019-04-05,4.13,0.75,0.228,0.591,0.051,1469.3,0.2363
ST021,2019-04-12,4.42,2.49,0.252,0.591,0.051,1469.3,0.116
ST021,2019-04-19,0.0,2.85,0.284,0.591,0.051,1469.3,0.2859
ST021,2019-04-26,0.0,4.42,0.319,0.591,0.051,1469.3,0.1139
ST021,2019-05-03,0.0,9.22,0.28,0.591,0.051,1469.3,0.0708
ST021,2019-05-10,43.86,9.24,0.367,0.591,0.051,1469.3,0.3614
ST021,2019-05-17,0.0,8.86,0.402,0.591,0.051,1469.3,0.0817
ST021,2019-05-24,0.0,6.87,0.44,0.591,0.051,1469.3,0.0247
ST021,2019-05-31,0.0,12.21,0.427,0.591,0.051,1469.3,0.0406
ST021,2019-06-07,16.88,11.69,0.481,0.591,0.051,1469.3,0.2469
ST021,2019-06-14,10.08,9.31,0.449,0.591,0.051,1469.3,0.1345
ST021,2019-06-21,0.0,15.62,0.475,0.591,0.051,1469.3,0.1253
ST021,2019-06-28,11.55,14.51,0.531,0.591,0.051,1469.3,0.1086
ST021,2019-07-05,0.0,16.93,0.529,0.591,0.051,1469.3,0.0258
ST021,2019-07-12,0.0,16.79,0.581,0.591,0.051,1469.3,0.0308
ST021,2019-07-19,0.0,16.96,0.595,0.591,0.051,1469.3,0.02
ST021,2019-07-26,0.0,12.38,0.552,0.591,0.051,1469.3,0.02
ST021,2019-08-02,0.0,11.98,0.612,0.591,0.051,1469.3,0.0812
ST021,2019-08-09,0.0,12.27,0.639,0.591,0.051,1469.3,0.02
ST021,2019-08-16,0.0,11.92,0.601,0.591,0.051,1469.3,0.0231
ST021,2019-08-23,0.0,11.22,0.559,0.591,0.051,1469.3,0.0442
ST021,2019-08-30,0.0,6.88,0.546,0.591,0.051,1469.3,0.0404
ST021,2019-09-06,5.98,8.06,0.567,0.591,0.051,1469.3,0.1162
ST021,2019-09-13,0.0,6.6,0.525,0.591,0.051,1469.3,0.0282
ST021,2019-09-20,0.0,9.51,0.505,0.591,0.051,1469.3,0.02
ST021,2019-09-27,0.0,4.26,0.52,0.591,0.051,1469.3,0.0374
ST021,2019-10-04,7.45,9.98,0.444,0.591,0.051,1469.3,0.0634
ST021,2019-10-11,0.0,4.33,0.466,0.591,0.051,1469.3,0.0681
ST021,2019-10-18,32.39,3.7,0.452,0.591,0.051,1469.3,0.2291
ST021,2019-10-25,0.0,0.09,0.427,0.591,0.051,1469.3,0.0632
ST021,2019-11-01,0.0,0.57,0.459,0.591,0.051,1469.3,0.02
ST021,2019-11-08,0.0,2.84,0.335,0.591,0.051,1469.3,0.028
ST021,2019-11-15,0.0,-4.82,0.325,0.591,0.051,1469.3,0.0316
ST021,2019-11-22,0.0,-4.17,0.337,0.591,0.051,1469.3,0.02
ST021,2019-11-29,0.0,-5.79,0.291,0.591,0.051,1469.3,0.0236
ST021,2019-12-06,0.0,-9.38,0.229,0.591,0.051,1469.3,0.0412
ST021,2019-12-13,0.0,-6.48,0.267,0.591,0.051,1469.3,0.0641
ST021,2019-12-20,0.0,-10.37,0.182,0.591,0.051,1469.3,0.0571
ST021,2019-12-27,0.0,-5.89,0.208,0.591,0.051,1469.3,0.0321
ST021,2020-01-03,0.0,-8.26,0.211,0.591,0.051,1469.3,0.0244
ST021,2020-01-10,0.29,-8.65,0.106,0.591,0.051,1469.3,0.0504
ST021,2020-01-17,0.0,-7.7,0.075,0.591,0.051,1469.3,0.0296
ST021,2020-01-24,0.0,-4.57,0.127,0.591,0.051,1469.3,0.0353
ST021,2020-01-31,0.0,-5.54,0.087,0.591,0.051,1469.3,0.0297
ST021,2020-02-07,5.02,-7.53,0.128,0.591,0.051,1469.3,0.0638
ST021,2020-02-14,0.0,-6.25,0.116,0.591,0.051,1469.3,0.0606
ST021,2020-02-21,0.0,-6.46,0.116,0.591,0.051,1469.3,0.0434
ST021,2020-02-28,0.0,-3.05,0.091,0.591,0.051,1469.3,0.0415
ST021,2020-03-06,0.0,-3.78,0.183,0.591,0.051,1469.3,0.1685
ST021,2020-03-13,0.0,-1.78,0.159,0.591,0.051,1469.3,0.2823
ST021,2020-03-20,9.79,2.31,0.14,0.591,0.051,1469.3,0.1401
ST021,2020-03-27,0.0,-0.82,0.191,0.591,0.051,1469.3,0.0933
ST021,2020-04-03,6.9,2.28,0.252,0.591,0.051,1469.3,0.119
ST021,2020-04-10,0.0,6.55,0.21,0.591,0.051,1469.3,0.115
ST021,2020-04-17,0.0,4.93,0.252,0.591,0.051,1469.3,0.1168
ST021,2020-04-24,0.0,4.07,0.312,0.591,0.051,1469.3,0.0807
ST021,2020-05-01,0.0,5.54,0.335,0.591,0.051,1469.3,0.0325
ST021,2020-05-08,0.0,6.98,0.323,0.591,0.051,1469.3,0.1247
ST021,2020-05-15,9.84,11.57,0.3,0.591,0.051,1469.3,0.0742
ST021,2020-05-22,24.13,6.64,0.392,0.591,0.051,1469.3,0.1745
ST021,2020-05-29,35.54,9.84,0.411,0.591,0.051,1469.3,0.4145
ST021,2020-06-05,0.0,11.45,0.487,0.591,0.051,1469.3,0.0699
ST021,2020-06-12,25.3,14.71,0.479,0.591,0.051,1469.3,0.1561
ST021,2020-06-19,8.34,12.52,0.474,0.591,0.051,1469.3,0.0959
ST021,2020-06-26,0.0,15.23,0.534,0.591,0.051,1469.3,0.1053
ST021,2020-07-03,34.26,12.92,0.538,0.591,0.051,1469.3,0.2178
ST021,2020-07-10,35.81,14.72,0.554,0.591,0.051,1469.3,0.2568
ST021,2020-07-17,0.0,17.25,0.591,0.591,0.051,1469.3,0.0875
ST021,2020-07-24,0.0,14.9,0.601,0.591,0.051,1469.3,0.0297
ST021,2020-07-31,0.0,13.6,0.577,0.591,0.051,1469.3,0.0247
ST021,2020-08-07,0.0,17.07,0.583,0.591,0.051,1469.3,0.0311
ST021,2020-08-14,0.0,10.79,0.532,0.591,0.051,1469.3,0.0303
ST021,2020-08-21,5.37,13.0,0.547,0.591,0.051,1469.3,0.0741
ST021,2020-08-28,0.0,8.42,0.545,0.591,0.051,1469.3,0.0567
ST021,2020-09-04,0.0,10.72,0.543,0.591,0.051,1469.3,0.02
ST021,2020-09-11,0.0,9.65,0.522,0.591,0.051,1469.3,0.0253
ST021,2020-09-18,19.54,4.09,0.552,0.591,0.051,1469.3,0.2078
ST021,2020-09-25,7.25,5.17,0.502,0.591,0.051,1469.3,0.0615
ST021,2020-10-02,0.0,5.28,0.448,0.591,0.051,1469.3,0.0345
ST021,2020-10-09,0.0,2.84,0.487,0.591,0.051,1469.3,0.0388
ST021,2020-10-16,0.0,-0.1,0.41,0.591,0.051,1469.3,0.02
ST021,2020-10-23,2.4,1.05,0.45,0.591,0.051,1469.3,0.0343
ST021,2020-10-30,0.0,1.17,0.365,0.591,0.051,1469.3,0.0291
ST021,2020-11-06,0.0,-2.84,0.37,0.591,0.051,1469.3,0.0288
ST021,2020-11-13,0.0,-1.7,0.284,0.591,0.051,1469.3,0.0653
ST021,2020-11-20,0.0,-0.57,0.312,0.591,0.051,1469.3,0.0325
ST021,2020-11-27,0.0,-3.74,0.258,0.591,0.051,1469.3,0.0333
ST021,2020-12-04,0.0,-6.7,0.301,0.591,0.051,1469.3,0.0261
ST021,2020-12-11,4.43,-1.0,0.177,0.591,0.051,1469.3,0.1362
ST021,2020-12-18,0.0,-6.9,0.233,0.591,0.051,1469.3,0.036
ST021,2020-12-25,0.0,-6.2,0.219,0.591,0.051,1469.3,0.0248
ST022,2016-01-01,0.0,-3.02,0.113,0.686,0.11,463.3,0.2256
ST022,2016-01-08,0.0,-3.27,0.107,0.686,0.11,463.3,0.0852
ST022,2016-01-15,0.0,-2.97,0.102,0.686,0.11,463.3,0.059
ST022,2016-01-22,0.0,-3.9,0.087,0.686,0.11,463.3,0.0534
ST022,2016-01-29,0.0,-0.94,0.05,0.686,0.11,463.3,0.0434
ST022,2016-02-05,0.0,-3.24,0.05,0.686,0.11,463.3,0.0349
ST022,2016-02-12,0.0,1.02,0.05,0.686,0.11,463.3,0.0238
ST022,2016-02-19,27.8,0.75,0.053,0.686,0.11,463.3,0.1803
ST022,2016-02-26,0.0,-3.28,0.121,0.686,0.11,463.3,0.0846
ST022,2016-03-04,4.87,2.37,0.109,0.686,0.11,463.3,0.0723
ST022,2016-03-11,16.7,0.91,0.107,0.686,0.11,463.3,0.1184
ST022,2016-03-18,0.0,4.8,0.096,0.686,0.11,463.3,0.0603
ST022,2016-03-25,0.0,8.95,0.176,0.686,0.11,463.3,0.0297
ST022,2016-04-01,0.0,6.29,0.167,0.686,0.11,463.3,0.0357
ST022,2016-04-08,0.0,12.03,0.257,0.686,0.11,463.3,0.0659
ST022,2016-04-15,0.0,11.9,0.227,0.686,0.11,463.3,0.0432
ST022,2016-04-22,0.0,8.78,0.281,0.686,0.11,463.3,0.0376
ST022,2016-04-29,12.01,11.12,0.329,0.686,0.11,463.3,0.0781
ST022,2016-05-06,0.0,15.04,0.367,0.686,0.11,463.3,0.0415
ST022,2016-05-13,0.0,16.52,0.358,0.686,0.11,463.3,0.068
ST022,2016-05-20,0.0,13.45,0.422,0.686,0.11,463.3,0.0351
ST022,2016-05-27,0.0,21.17,0.45,0.686,0.11,463.3,0.0529
ST022,2016-06-03,0.0,18.73,0.533,0.686,0.11,463.3,0.0207
ST022,2016-06-10,0.0,19.7,0.538,0.686,0.11,463.3,0.1773
ST022,2016-06-17,15.55,17.76,0.544,0.686,0.11,463.3,0.1578
ST022,2016-06-24,35.02,18.94,0.541,0.686,0.11,463.3,0.1566
ST022,2016-07-01,4.28,19.01,0.532,0.686,0.11,463.3,0.0366
ST022,2016-07-08,0.0,21.79,0.573,0.686,0.11,463.3,0.0475
ST022,2016-07-15,0.0,23.43,0.645,0.686,0.11,463.3,0.0306
ST022,2016-07-22,0.0,23.69,0.594,0.686,0.11,463.3,0.0339
ST022,2016-07-29,0.0,17.22,0.572,0.686,0.11,463.3,0.0388
ST022,2016-08-05,0.0,16.78,0.606,0.686,0.11,463.3,0.0377
ST022,2016-08-12,0.0,20.15,0.645,0.686,0.11,463.3,0.0305
ST022,2016-08-19,0.0,16.52,0.612,0.686,0.11,463.3,0.0282
ST022,2016-08-26,3.95,19.32,0.623,0.686,0.11,463.3,0.0441
ST022,2016-09-02,0.0,14.73,0.636,0.686,0.11,463.3,0.0342
ST022,2016-09-09,0.0,14.03,0.625,0.686,0.11,463.3,0.038
ST022,2016-09-16,0.0,14.95,0.59,0.686,0.11,463.3,0.0312
ST022,2016-09-23,0.0,17.86,0.587,0.686,0.11,463.3,0.0245
ST022,2016-09-30,0.0,11.33,0.488,0.686,0.11,463.3,0.0304
ST022,2016-10-07,0.0,11.11,0.437,0.686,0.11,463.3,0.0299
ST022,2016-10-14,8.19,6.92,0.432,0.686,0.11,463.3,0.0646
ST022,2016-10-21,0.0,6.83,0.431,0.686,0.11,463.3,0.02
ST022,2016-10-28,0.0,4.33,0.412,0.686,0.11,463.3,0.0206
ST022,2016-11-04,0.0,8.84,0.403,0.686,0.11,463.3,0.0407
ST022,2016-11-11,0.0,4.56,0.331,0.686,0.11,463.3,0.0204
ST022,2016-11-18,9.75,6.92,0.285,0.686,0.11,463.3,0.0677
ST022,2016-11-25,0.0,5.98,0.261,0.686,0.11,463.3,0.0406
ST022,2016-12-02,0.0,5.78,0.277,0.686,0.11,463.3,0.0257
ST022,2016-12-09,0.0,3.73,0.271,0.686,0.11,463.3,0.0381
ST022,2016-12-16,0.0,-0.9,0.205,0.686,0.11,463.3,0.02
ST022,2016-12-23,0.0,-0.16,0.173,0.686,0.11,463.3,0.0342
ST022,2016-12-30,0.0,-0.28,0.123,0.686,0.11,463.3,0.0397
ST022,2017-01-06,0.0,-2.22,0.17,0.686,0.11,463.3,0.0428
ST022,2017-01-13,0.0,-0.29,0.055,0.686,0.11,463.3,0.0556
ST022,2017-01-20,0.0,-2.69,0.159,0.686,0.11,463.3,0.0411
ST022,2017-01-27,0.0,-1.7,0.089,0.686,0.11,463.3,0.0468
ST022,2017-02-03,0.0,0.34,0.053,0.686,0.11,463.3,0.02
ST022,2017-02-10,0.0,3.09,0.073,0.686,0.11,463.3,0.035
ST022,2017-02-17,0.0,2.53,0.081,0.686,0.11,463.3,0.0514
ST022,2017-02-24,0.0,2.41,0.08,0.686,0.11,463.3,0.0401
ST022,2017-03-03,0.0,1.42,0.153,0.686,0.11,463.3,0.034
ST022,2017-03-10,0.75,2.67,0.076,0.686,0.11,463.3,0.0627
ST022,2017-03-17,0.0,4.58,0.129,0.686,0.11,463.3,0.0492
ST022,2017-03-24,7.98,6.73,0.158,0.686,0.11,463.3,0.0725
ST022,2017-03-31,0.0,9.29,0.172,0.686,0.11,463.3,0.1977
ST022,2017-04-07,0.0,8.21,0.213,0.686,0.11,463.3,0.0818
ST022,2017-04-14,0.0,11.78,0.262,0.686,0.11,463.3,0.0421
ST022,2017-04-21,0.0,13.94,0.309,0.686,0.11,463.3,0.0302
ST022,2017-04-28,0.0,16.43,0.312,0.686,0.11,463.3,0.0292
ST022,2017-05-05,41.1,13.76,0.329,0.686,0.11,463.3,0.2195
ST022,2017-05-12,0.0,12.43,0.417,0.686,0.11,463.3,0.1382
ST022,2017-05-19,0.0,15.9,0.367,0.686,0.11,463.3,0.162
ST022,2017-05-26,0.0,14.1,0.457,0.686,0.11,463.3,0.0438
ST022,2017-06-02,0.0,19.49,0.46,0.686,0.11,463.3,0.0303
ST022,2017-06-09,0.0,20.92,0.447,0.686,0.11,463.3,0.0303
ST022,2017-06-16,0.0,19.1,0.438,0.686,0.11,463.3,0.0307
ST022,2017-06-23,0.0,21.24,0.479,0.686,0.11,463.3,0.3419
ST022,2017-06-30,0.0,19.76,0.567,0.686,0.11,463.3,0.2639
ST022,2017-07-07,13.46,20.46,0.541,0.686,0.11,463.3,0.2082
ST022,2017-07-14,0.0,22.16,0.632,0.686,0.11,463.3,0.02
ST022,2017-07-21,0.0,19.63,0.667,0.686,0.11,463.3,0.038
ST022,2017-07-28,33.79,17.82,0.625,0.686,0.11,463.3,0.183
ST022,2017-08-04,15.39,19.18,0.6,0.686,0.11,463.3,0.1137
ST022,2017-08-11,62.75,22.3,0.653,0.686,0.11,463.3,0.4195
ST022,2017-08-18,0.0,13.8,0.578,0.686,0.11,463.3,0.1259
ST022,2017-08-25,0.0,16.4,0.608,0.686,0.11,463.3,0.029
ST022,2017-09-01,0.0,18.56,0.601,0.686,0.11,463.3,0.0266
ST022,2017-09-08,16.16,12.78,0.53,0.686,0.11,463.3,0.1063
ST022,2017-09-15,0.0,17.43,0.568,0.686,0.11,463.3,0.029
ST022,2017-09-22,0.0,11.84,0.585,0.686,0.11,463.3,0.0378
ST022,2017-09-29,0.0,13.46,0.553,0.686,0.11,463.3,0.0238
ST022,2017-10-06,0.0,13.87,0.486,0.686,0.11,463.3,0.0324
ST022,2017-10-13,0.0,10.03,0.48,0.686,0.11,463.3,0.0458
ST022,2017-10-20,0.0,6.35,0.402,0.686,0.11,463.3,0.0384
ST022,2017-10-27,0.0,4.32,0.398,0.686,0.11,463.3,0.0599
ST022,2017-11-03,0.0,7.74,0.37,0.686,0.11,463.3,0.0661
ST022,2017-11-10,0.0,2.53,0.33,0.686,0.11,463.3,0.0505
ST022,2017-11-17,0.0,7.9,0.293,0.686,0.11,463.3,0.0359
ST022,2017-11-24,0.0,5.19,0.258,0.686,0.11,463.3,0.02
ST022,2017-12-01,0.0,-2.94,0.261,0.686,0.11,463.3,0.0778
ST022,2017-12-08,0.0,2.93,0.244,0.686,0.11,463.3,0.0688
ST022,2017-12-15,0.0,-1.01,0.201,0.686,0.11,463.3,0.0401
ST022,2017-12-22,0.0,1.15,0.168,0.686,0.11,463.3,0.0342
ST022,2017-12-29,0.0,-1.9,0.145,0.686,0.11,463.3,0.0337
ST022,2018-01-05,0.0,1.94,0.121,0.686,0.11,463.3,0.0315
ST022,2018-01-12,0.0,-0.98,0.098,0.686,0.11,463.3,0.1877
ST022,2018-01-19,0.0,-3.21,0.07,0.686,0.11,463.3,0.1046
ST022,2018-01-26,0.0,-0.8,0.065,0.686,0.11,463.3,0.0713
ST022,2018-02-02,0.0,-3.84,0.05,0.686,0.11,463.3,0.0376
ST022,2018-02-09,0.0,0.03,0.071,0.686,0.11,463.3,0.0776
ST022,2018-02-16,0.0,0.64,0.05,0.686,0.11,463.3,0.1199
ST022,2018-02-23,0.0,4.12,0.112,0.686,0.11,463.3,0.0437
ST022,2018-03-02,0.0,2.33,0.104,0.686,0.11,463.3,0.0271
ST022,2018-03-09,7.2,-0.4,0.193,0.686,0.11,463.3,0.0798
ST022,2018-03-16,0.0,3.52,0.092,0.686,0.11,463.3,0.0482
ST022,2018-03-23,0.0,4.42,0.141,0.686,0.11,463.3,0.0289
ST022,2018-03-30,0.25,5.67,0.211,0.686,0.11,463.3,0.0396
ST022,2018-04-06,0.0,6.63,0.151,0.686,0.11,463.3,0.029
ST022,2018-04-13,0.0,14.11,0.246,0.686,0.11,463.3,0.091
ST022,2018-04-20,0.0,6.12,0.235,0.686,0.11,463.3,0.0989
ST022,2018-04-27,0.0,9.36,0.331,0.686,0.11,463.3,0.0468
ST022,2018-05-04,0.0,12.1,0.289,0.686,0.11,463.3,0.1165
ST022,2018-05-11,0.0,15.68,0.32,0.686,0.11,463.3,0.0658
ST022,2018-05-18,0.0,15.69,0.376,0.686,0.11,463.3,0.0245
ST022,2018-05-25,0.0,12.22,0.407,0.686,0.11,463.3,0.02
ST022,2018-06-01,0.0,14.03,0.43,0.686,0.11,463.3,0.0524
ST022,2018-06-08,0.0,18.41,0.488,0.686,0.11,463.3,0.0397
ST022,2018-06-15,0.0,19.87,0.488,0.686,0.11,463.3,0.03
ST022,2018-06-22,0.0,21.65,0.527,0.686,0.11,463.3,0.1024
ST022,2018-06-29,9.15,18.18,0.547,0.686,0.11,463.3,0.0778
ST022,2018-07-06,0.0,21.74,0.597,0.686,0.11,463.3,0.0202
ST022,2018-07-13,78.46,18.65,0.615,0.686,0.11,463.3,0.3759
ST022,2018-07-20,0.0,20.14,0.556,0.686,0.11,463.3,0.0996
ST022,2018-07-27,0.0,22.64,0.6,0.686,0.11,463.3,0.0355
ST022,2018-08-03,0.0,16.71,0.594,0.686,0.11,463.3,0.02
ST022,2018-08-10,0.0,19.22,0.604,0.686,0.11,463.3,0.0418
ST022,2018-08-17,0.0,20.1,0.605,0.686,0.11,463.3,0.02
ST022,2018-08-24,0.0,17.44,0.581,0.686,0.11,463.3,0.0421
ST022,2018-08-31,0.32,17.66,0.624,0.686,0.11,463.3,0.0317
ST022,2018-09-07,0.0,13.32,0.559,0.686,0.11,463.3,0.0388
ST022,2018-09-14,0.0,14.63,0.606,0.686,0.11,463.3,0.0405
ST022,2018-09-21,3.18,17.09,0.565,0.686,0.11,463.3,0.0477
ST022,2018-09-28,0.0,8.9,0.551,0.686,0.11,463.3,0.034
ST022,2018-10-05,0.0,14.08,0.519,0.686,0.11,463.3,0.0486
ST022,2018-10-12,0.0,6.03,0.435,0.686,0.11,463.3,0.02
ST022,2018-10-19,0.0,9.1,0.391,0.686,0.11,463.3,0.0354
ST022,2018-10-26,0.0,9.51,0.437,0.686,0.11,463.3,0.0269
ST022,2018-11-02,0.0,2.8,0.399,0.686,0.11,463.3,0.0328
ST022,2018-11-09,0.0,2.97,0.315,0.686,0.11,463.3,0.0278
ST022,2018-11-16,0.0,2.05,0.3,0.686,0.11,463.3,0.021
ST022,2018-11-23,0.0,1.67,0.269,0.686,0.11,463.3,0.02
ST022,2018-11-30,0.0,2.7,0.249,0.686,0.11,463.3,0.02
ST022,2018-12-07,0.0,1.25,0.218,0.686,0.11,463.3,0.02
ST022,2018-12-14,0.0,-1.9,0.214,0.686,0.11,463.3,0.0403
ST022,2018-12-21,0.0,-1.1,0.186,0.686,0.11,463.3,0.0373
ST022,2018-12-28,0.0,-1.85,0.159,0.686,0.11,463.3,0.041
ST022,2019-01-04,0.0,1.82,0.105,0.686,0.11,463.3,0.0275
ST022,2019-01-11,0.0,-2.2,0.139,0.686,0.11,463.3,0.0338
ST022,2019-01-18,0.0,-2.25,0.123,0.686,0.11,463.3,0.0232
ST022,2019-01-25,0.0,-0.18,0.093,0.686,0.11,463.3,0.0328
ST022,2019-02-01,0.0,3.98,0.065,0.686,0.11,463.3,0.0436
ST022,2019-02-08,0.0,-0.56,0.05,0.686,0.11,463.3,0.0251
ST022,2019-02-15,0.0,1.79,0.052,0.686,0.11,463.3,0.0622
ST022,2019-02-22,0.0,1.87,0.107,0.686,0.11,463.3,0.0553
ST022,2019-03-01,0.85,1.68,0.101,0.686,0.11,463.3,0.0836
ST022,2019-03-08,0.0,5.94,0.061,0.686,0.11,463.3,0.0561
ST022,2019-03-15,0.0,5.18,0.106,0.686,0.11,463.3,0.2039
ST022,2019-03-22,0.0,2.29,0.102,0.686,0.11,463.3,0.0767
ST022,2019-03-29,0.0,4.73,0.214,0.686,0.11,463.3,0.0466
ST022,2019-04-05,0.0,6.13,0.226,0.686,0.11,463.3,0.0596
ST022,2019-04-12,0.0,7.77,0.207,0.686,0.11,463.3,0.0375
ST022,2019-04-19,0.0,13.68,0.241,0.686,0.11,463.3,0.0298
ST022,2019-04-26,0.91,9.01,0.313,0.686,0.11,463.3,0.1099
ST022,2019-05-03,2.02,18.57,0.317,0.686,0.11,463.3,0.0596
ST022,2019-05-10,0.0,15.06,0.371,0.686,0.11,463.3,0.0302
ST022,2019-05-17,0.0,14.69,0.376,0.686,0.11,463.3,0.0715
ST022,2019-05-24,0.0,15.33,0.409,0.686,0.11,463.3,0.2168
ST022,2019-05-31,0.55,15.43,0.46,0.686,0.11,463.3,0.0622
ST022,2019-06-07,0.0,19.87,0.462,0.686,0.11,463.3,0.0272
ST022,2019-06-14,0.0,21.51,0.519,0.686,0.11,463.3,0.0508
ST022,2019-06-21,0.0,19.7,0.594,0.686,0.11,463.3,0.0321
ST022,2019-06-28,0.0,19.17,0.534,0.686,0.11,463.3,0.0661
ST022,2019-07-05,0.0,20.71,0.588,0.686,0.11,463.3,0.0224
ST022,2019-07-12,3.75,19.8,0.615,0.686,0.11,463.3,0.135
ST022,2019-07-19,0.0,22.57,0.606,0.686,0.11,463.3,0.0287
ST022,2019-07-26,0.0,20.38,0.573,0.686,0.11,463.3,0.0313
ST022,2019-08-02,0.0,19.46,0.662,0.686,0.11,463.3,0.02
ST022,2019-08-09,0.0,20.3,0.638,0.686,0.11,463.3,0.0236
ST022,2019-08-16,0.0,14.54,0.634,0.686,0.11,463.3,0.0296
ST022,2019-08-23,0.0,19.28,0.632,0.686,0.11,463.3,0.0208
ST022,2019-08-30,0.0,19.38,0.608,0.686,0.11,463.3,0.0305
ST022,2019-09-06,0.0,16.29,0.589,0.686,0.11,463.3,0.0349
ST022,2019-09-13,0.0,15.1,0.587,0.686,0.11,463.3,0.0305
ST022,2019-09-20,0.0,15.59,0.58,0.686,0.11,463.3,0.0272
ST022,2019-09-27,0.0,13.87,0.551,0.686,0.11,463.3,0.0925
ST022,2019-10-04,0.0,10.65,0.492,0.686,0.11,463.3,0.023
ST022,2019-10-11,0.0,10.66,0.506,0.686,0.11,463.3,0.0294
ST022,2019-10-18,0.0,10.82,0.437,0.686,0.11,463.3,0.0286
ST022,2019-10-25,0.0,4.35,0.408,0.686,0.11,463.3,0.0219
ST022,2019-11-01,0.0,8.47,0.425,0.686,0.11,463.3,0.0637
ST022,2019-11-08,0.0,4.42,0.39,0.686,0.11,463.3,0.0395
ST022,2019-11-15,0.0,3.95,0.369,0.686,0.11,463.3,0.0359
ST022,2019-11-22,0.0,-3.04,0.299,0.686,0.11,463.3,0.0261
ST022,2019-11-29,0.0,6.11,0.248,0.686,0.11,463.3,0.02
ST022,2019-12-06,0.0,1.27,0.255,0.686,0.11,463.3,0.0336
ST022,2019-12-13,0.0,7.62,0.231,0.686,0.11,463.3,0.1022
ST022,2019-12-20,0.0,-2.56,0.147,0.686,0.11,463.3,0.0854
ST022,2019-12-27,0.0,-2.11,0.138,0.686,0.11,463.3,0.0536
ST022,2020-01-03,0.0,0.38,0.151,0.686,0.11,463.3,0.1006
ST022,2020-01-10,0.0,-4.73,0.112,0.686,0.11,463.3,0.0653
ST022,2020-01-17,0.0,-0.88,0.109,0.686,0.11,463.3,0.0396
ST022,2020-01-24,0.0,-2.3,0.105,0.686,0.11,463.3,0.0752
ST022,2020-01-31,0.0,-3.22,0.05,0.686,0.11,463.3,0.0355
ST022,2020-02-07,0.0,-5.76,0.059,0.686,0.11,463.3,0.0368
ST022,2020-02-14,0.0,-1.77,0.083,0.686,0.11,463.3,0.0264
ST022,2020-02-21,0.0,0.25,0.073,0.686,0.11,463.3,0.0374
ST022,2020-02-28,0.0,4.93,0.05,0.686,0.11,463.3,0.0366
ST022,2020-03-06,2.78,2.64,0.062,0.686,0.11,463.3,0.0354
ST022,2020-03-13,0.0,4.94,0.164,0.686,0.11,463.3,0.0217
ST022,2020-03-20,0.0,6.86,0.127,0.686,0.11,463.3,0.1523
ST022,2020-03-27,0.0,9.76,0.147,0.686,0.11,463.3,0.0472
ST022,2020-04-03,0.0,8.53,0.207,0.686,0.11,463.3,0.02
ST022,2020-04-10,0.0,10.04,0.188,0.686,0.11,463.3,0.2275
ST022,2020-04-17,0.0,7.14,0.24,0.686,0.11,463.3,0.0788
ST022,2020-04-24,0.0,10.76,0.25,0.686,0.11,463.3,0.0214
ST022,2020-05-01,0.0,13.74,0.301,0.686,0.11,463.3,0.0826
ST022,2020-05-08,10.89,13.35,0.325,0.686,0.11,463.3,0.1064
ST022,2020-05-15,39.58,12.83,0.405,0.686,0.11,463.3,0.427
ST022,2020-05-22,0.0,10.8,0.401,0.686,0.11,463.3,0.1102
ST022,2020-05-29,0.0,18.41,0.478,0.686,0.11,463.3,0.0317
ST022,2020-06-05,0.0,16.61,0.521,0.686,0.11,463.3,0.119
ST022,2020-06-12,1.11,19.3,0.548,0.686,0.11,463.3,0.0613
ST022,2020-06-19,0.0,17.84,0.509,0.686,0.11,463.3,0.0258
ST022,2020-06-26,0.0,19.59,0.526,0.686,0.11,463.3,0.0362
ST022,2020-07-03,0.0,23.03,0.534,0.686,0.11,463.3,0.0278
ST022,2020-07-10,0.0,22.25,0.541,0.686,0.11,463.3,0.0434
ST022,2020-07-17,0.0,24.13,0.621,0.686,0.11,463.3,0.1012
ST022,2020-07-24,0.0,23.25,0.58,0.686,0.11,463.3,0.1511
ST022,2020-07-31,0.0,19.23,0.631,0.686,0.11,463.3,0.0497
ST022,2020-08-07,0.0,20.29,0.597,0.686,0.11,463.3,0.0403
ST022,2020-08-14,0.0,20.75,0.567,0.686,0.11,463.3,0.0277
ST022,2020-08-21,0.0,20.58,0.639,0.686,0.11,463.3,0.031
ST022,2020-08-28,0.0,22.67,0.614,0.686,0.11,463.3,0.038
ST022,2020-09-04,0.0,19.36,0.616,0.686,0.11,463.3,0.0475
ST022,2020-09-11,0.0,16.69,0.596,0.686,0.11,463.3,0.0269
ST022,2020-09-18,0.0,13.66,0.509,0.686,0.11,463.3,0.02
ST022,2020-09-25,0.0,14.13,0.537,0.686,0.11,463.3,0.0276
ST022,2020-10-02,0.0,11.69,0.5,0.686,0.11,463.3,0.0247
ST022,2020-10-09,0.0,11.54,0.506,0.686,0.11,463.3,0.031
ST022,2020-10-16,0.0,6.04,0.417,0.686,0.11,463.3,0.0256
ST022,2020-10-23,0.0,14.16,0.436,0.686,0.11,463.3,0.0215
ST022,2020-10-30,0.0,12.71,0.387,0.686,0.11,463.3,0.0312
ST022,2020-11-06,0.0,2.6,0.329,0.686,0.11,463.3,0.0347
ST022,2020-11-13,0.0,3.31,0.353,0.686,0.11,463.3,0.0416
ST022,2020-11-20,0.0,6.3,0.293,0.686,0.11,463.3,0.0304
ST022,2020-11-27,0.0,0.87,0.221,0.686,0.11,463.3,0.0283
ST022,2020-12-04,0.0,5.43,0.18,0.686,0.11,463.3,0.0462
ST022,2020-12-11,0.0,-1.04,0.186,0.686,0.11,463.3,0.0347
ST022,2020-12-18,0.0,2.61,0.157,0.686,0.11,463.3,0.0255
ST022,2020-12-25,0.0,-2.25,0.13,0.686,0.11,463.3,0.0252
ST023,2016-01-01,0.0,-3.76,0.104,0.326,0.071,659.6,0.2663
ST023,2016-01-08,0.0,-2.42,0.159,0.326,0.071,659.6,0.0758
ST023,2016-01-15,0.0,-4.45,0.125,0.326,0.071,659.6,0.0382
ST023,2016-01-22,0.0,-0.18,0.097,0.326,0.071,659.6,0.0201
ST023,2016-01-29,0.0,-1.87,0.104,0.326,0.071,659.6,0.0234
ST023,2016-02-05,0.0,-1.54,0.102,0.326,0.071,659.6,0.0291
ST023,2016-02-12,0.0,0.8,0.06,0.326,0.071,659.6,0.03
ST023,2016-02-19,1.25,-4.01,0.09,0.326,0.071,659.6,0.0614
ST023,2016-02-26,0.0,-0.57,0.088,0.326,0.071,659.6,0.0319
ST023,2016-03-04,0.0,5.73,0.075,0.326,0.071,659.6,0.0351
ST023,2016-03-11,0.0,2.92,0.126,0.326,0.071,659.6,0.02
ST023,2016-03-18,0.0,5.48,0.161,0.326,0.071,659.6,0.1431
ST023,2016-03-25,2.27,7.23,0.171,0.326,0.071,659.6,0.0772
ST023,2016-04-01,0.0,7.7,0.224,0.326,0.071,659.6,0.0291
ST023,2016-04-08,0.0,5.95,0.264,0.326,0.071,659.6,0.2049
ST023,2016-04-15,0.0,9.81,0.216,0.326,0.071,659.6,0.073
ST023,2016-04-22,6.62,6.44,0.216,0.326,0.071,659.6,0.2725
ST023,2016-04-29,0.0,10.21,0.278,0.326,0.071,659.6,0.2323
ST023,2016-05-06,0.0,11.16,0.325,0.326,0.071,659.6,0.1381
ST023,2016-05-13,0.0,17.15,0.366,0.326,0.071,659.6,0.0358
ST023,2016-05-20,0.0,18.15,0.417,0.326,0.071,659.6,0.0754
ST023,2016-05-27,0.0,19.9,0.434,0.326,0.071,659.6,0.0758
ST023,2016-06-03,0.72,12.19,0.463,0.326,0.071,659.6,0.1738
ST023,2016-06-10,0.0,10.78,0.488,0.326,0.071,659.6,0.0431
ST023,2016-06-17,1.77,18.77,0.451,0.326,0.071,659.6,0.0846
ST023,2016-06-24,0.0,19.31,0.542,0.326,0.071,659.6,0.02
ST023,2016-07-01,0.0,14.27,0.528,0.326,0.071,659.6,0.0361
ST023,2016-07-08,0.0,17.16,0.555,0.326,0.071,659.6,0.083
ST023,2016-07-15,0.0,18.39,0.565,0.326,0.071,659.6,0.0379
ST023,2016-07-22,0.0,22.48,0.664,0.326,0.071,659.6,0.0686
ST023,2016-07-29,11.67,15.94,0.581,0.326,0.071,659.6,0.1013
ST023,2016-08-05,0.0,15.78,0.68,0.326,0.071,659.6,0.026
ST023,2016-08-12,0.0,16.74,0.623,0.326,0.071,659.6,0.0384
ST023,2016-08-19,0.0,17.04,0.616,0.326,0.071,659.6,0.0216
ST023,2016-08-26,5.97,19.8,0.601,0.326,0.071,659.6,0.0395
ST023,2016-09-02,5.0,19.75,0.566,0.326,0.071,659.6,0.0382
ST023,2016-09-09,0.0,15.74,0.595,0.326,0.071,659.6,0.0332
ST023,2016-09-16,0.0,15.24,0.579,0.326,0.071,659.6,0.0308
ST023,2016-09-23,0.0,9.78,0.56,0.326,0.071,659.6,0.0295
ST023,2016-09-30,0.0,16.59,0.53,0.326,0.071,659.6,0.02
ST023,2016-10-07,0.0,12.45,0.489,0.326,0.071,659.6,0.0808
ST023,2016-10-14,0.0,9.91,0.449,0.326,0.071,659.6,0.0218
ST023,2016-10-21,0.0,6.91,0.43,0.326,0.071,659.6,0.0403
ST023,2016-10-28,0.0,3.83,0.408,0.326,0.071,659.6,0.0326
ST023,2016-11-04,0.0,2.07,0.342,0.326,0.071,659.6,0.0316
ST023,2016-11-11,0.0,1.78,0.299,0.326,0.071,659.6,0.0473
ST023,2016-11-18,0.0,1.99,0.305,0.326,0.071,659.6,0.0442
ST023,2016-11-25,0.0,-3.27,0.273,0.326,0.071,659.6,0.0382
ST023,2016-12-02,0.0,2.56,0.194,0.326,0.071,659.6,0.02
ST023,2016-12-09,0.0,3.84,0.198,0.326,0.071,659.6,0.0285
ST023,2016-12-16,0.0,0.53,0.221,0.326,0.071,659.6,0.127
ST023,2016-12-23,0.0,-1.55,0.188,0.326,0.071,659.6,0.0422
ST023,2016-12-30,11.18,-4.03,0.157,0.326,0.071,659.6,0.1106
ST023,2017-01-06,0.0,-2.64,0.155,0.326,0.071,659.6,0.0425
ST023,2017-01-13,0.0,-2.78,0.121,0.326,0.071,659.6,0.0908
ST023,2017-01-20,0.0,-0.57,0.086,0.326,0.071,659.6,0.0789
ST023,2017-01-27,0.0,-4.58,0.069,0.326,0.071,659.6,0.126
ST023,2017-02-03,0.0,-0.21,0.067,0.326,0.071,659.6,0.1371
ST023,2017-02-10,0.0,-0.27,0.08,0.326,0.071,659.6,0.072
ST023,2017-02-17,0.0,-0.72,0.129,0.326,0.071,659.6,0.0291
ST023,2017-02-24,1.91,0.47,0.125,0.326,0.071,659.6,0.02
ST023,2017-03-03,0.0,-0.09,0.087,0.326,0.071,659.6,0.0258
ST023,2017-03-10,0.0,1.72,0.05,0.326,0.071,659.6,0.035
ST023,2017-03-17,5.2,1.89,0.119,0.326,0.071,659.6,0.0664
ST023,2017-03-24,0.0,3.48,0.128,0.326,0.071,659.6,0.0594
ST023,2017-03-31,0.0,8.78,0.185,0.326,0.071,659.6,0.0399
ST023,2017-04-07,0.0,4.44,0.2,0.326,0.071,659.6,0.02
ST023,2017-04-14,0.0,11.46,0.208,0.326,0.071,659.6,0.0243
ST023,2017-04-21,0.0,10.54,0.25,0.326,0.071,659.6,0.0901
ST023,2017-04-28,0.0,12.21,0.291,0.326,0.071,659.6,0.1722
ST023,2017-05-05,2.65,14.84,0.355,0.326,0.071,659.6,0.0284
ST023,2017-05-12,0.0,15.67,0.405,0.326,0.071,659.6,0.0555
ST023,2017-05-19,0.0,16.41,0.37,0.326,0.071,659.6,0.1275
ST023,2017-05-26,0.0,15.62,0.458,0.326,0.071,659.6,0.356
ST023,2017-06-02,0.0,16.1,0.46,0.326,0.071,659.6,0.0887
ST023,2017-06-09,14.75,18.49,0.444,0.326,0.071,659.6,0.1306
ST023,2017-06-16,10.25,21.23,0.563,0.326,0.071,659.6,0.1956
ST023,2017-06-23,0.0,16.69,0.526,0.326,0.071,659.6,0.0724
ST023,2017-06-30,0.0,26.23,0.605,0.326,0.071,659.6,0.123
ST023,2017-07-07,0.6,19.04,0.575,0.326,0.071,659.6,0.0333
ST023,2017-07-14,44.19,18.73,0.615,0.326,0.071,659.6,0.3102
ST023,2017-07-21,27.44,15.19,0.597,0.326,0.071,659.6,0.1688
ST023,2017-07-28,4.11,17.95,0.541,0.326,0.071,659.6,0.0312
ST023,2017-08-04,0.0,16.75,0.641,0.326,0.071,659.6,0.0238
ST023,2017-08-11,0.0,19.83,0.626,0.326,0.071,659.6,0.0421
ST023,2017-08-18,0.0,16.55,0.656,0.326,0.071,659.6,0.051
ST023,2017-08-25,0.0,17.7,0.679,0.326,0.071,659.6,0.1732
ST023,2017-09-01,0.0,18.25,0.592,0.326,0.071,659.6,0.1176
ST023,2017-09-08,0.0,15.04,0.578,0.326,0.071,659.6,0.0269
ST023,2017-09-15,6.53,20.66,0.563,0.326,0.071,659.6,0.0355
ST023,2017-09-22,0.0,10.48,0.555,0.326,0.071,659.6,0.0267
ST023,2017-09-29,0.0,12.08,0.532,0.326,0.071,659.6,0.0386
ST023,2017-10-06,0.0,11.52,0.461,0.326,0.071,659.6,0.0264
ST023,2017-10-13,0.0,5.48,0.506,0.326,0.071,659.6,0.0647
ST023,2017-10-20,0.0,8.34,0.397,0.326,0.071,659.6,0.0308
ST023,2017-10-27,0.0,7.01,0.373,0.326,0.071,659.6,0.028
ST023,2017-11-03,0.0,2.32,0.366,0.326,0.071,659.6,0.0694
ST023,2017-11-10,0.0,3.86,0.343,0.326,0.071,659.6,0.0325
ST023,2017-11-17,0.0,2.96,0.317,0.326,0.071,659.6,0.02
ST023,2017-11-24,0.0,0.1,0.232,0.326,0.071,659.6,0.0534
ST023,2017-12-01,0.0,0.64,0.282,0.326,0.071,659.6,0.0491
ST023,2017-12-08,0.0,0.98,0.198,0.326,0.071,659.6,0.0389
ST023,2017-12-15,0.0,0.66,0.165,0.326,0.071,659.6,0.02
ST023,2017-12-22,0.0,-4.86,0.155,0.326,0.071,659.6,0.0301
ST023,2017-12-29,0.0,3.62,0.13,0.326,0.071,659.6,0.02
ST023,2018-01-05,0.0,-0.41,0.138,0.326,0.071,659.6,0.0428
ST023,2018-01-12,0.0,-1.94,0.099,0.326,0.071,659.6,0.0246
ST023,2018-01-19,0.0,-1.96,0.084,0.326,0.071,659.6,0.02
ST023,2018-01-26,0.0,-2.14,0.082,0.326,0.071,659.6,0.0246
ST023,2018-02-02,0.0,-1.87,0.113,0.326,0.071,659.6,0.0298
ST023,2018-02-09,0.0,-1.42,0.063,0.326,0.071,659.6,0.0329
ST023,2018-02-16,0.0,-1.66,0.113,0.326,0.071,659.6,0.0388
ST023,2018-02-23,0.0,2.12,0.05,0.326,0.071,659.6,0.0345
ST023,2018-03-02,0.0,2.94,0.116,0.326,0.071,659.6,0.0222
ST023,2018-03-09,0.0,0.89,0.163,0.326,0.071,659.6,0.0221
ST023,2018-03-16,0.0,1.79,0.12,0.326,0.071,659.6,0.02
ST023,2018-03-23,0.0,3.34,0.191,0.326,0.071,659.6,0.0205
ST023,2018-03-30,0.0,0.71,0.159,0.326,0.071,659.6,0.1231
ST023,2018-04-06,0.0,8.11,0.185,0.326,0.071,659.6,0.0234
ST023,2018-04-13,0.0,7.85,0.225,0.326,0.071,659.6,0.0239
ST023,2018-04-20,0.0,7.59,0.245,0.326,0.071,659.6,0.059
ST023,2018-04-27,0.0,7.08,0.25,0.326,0.071,659.6,0.1086
ST023,2018-05-04,1.32,15.84,0.291,0.326,0.071,659.6,0.0367
ST023,2018-05-11,13.59,10.35,0.412,0.326,0.071,659.6,0.0954
ST023,2018-05-18,0.0,13.64,0.383,0.326,0.071,659.6,0.02
ST023,2018-05-25,0.0,15.74,0.494,0.326,0.071,659.6,0.0373
ST023,2018-06-01,0.0,18.14,0.501,0.326,0.071,659.6,0.0238
ST023,2018-06-08,12.72,18.65,0.5,0.326,0.071,659.6,0.0825
ST023,2018-06-15,10.72,19.11,0.472,0.326,0.071,659.6,0.0672
ST023,2018-06-22,0.0,15.37,0.518,0.326,0.071,659.6,0.0425
ST023,2018-06-29,9.46,19.29,0.548,0.326,0.071,659.6,0.1054
ST023,2018-07-06,15.35,19.17,0.617,0.326,0.071,659.6,0.1198
ST023,2018-07-13,0.0,23.93,0.585,0.326,0.071,659.6,0.025
ST023,2018-07-20,8.56,17.65,0.598,0.326,0.071,659.6,0.061
ST023,2018-07-27,0.0,22.28,0.614,0.326,0.071,659.6,0.025
ST023,2018-08-03,0.0,17.41,0.686,0.326,0.071,659.6,0.1241
ST023,2018-08-10,0.0,13.58,0.59,0.326,0.071,659.6,0.0932
ST023,2018-08-17,0.0,15.27,0.612,0.326,0.071,659.6,0.036
ST023,2018-08-24,0.0,17.37,0.547,0.326,0.071,659.6,0.085
ST023,2018-08-31,0.0,17.72,0.604,0.326,0.071,659.6,0.0378
ST023,2018-09-07,0.0,12.32,0.581,0.326,0.071,659.6,0.0522
ST023,2018-09-14,0.0,17.9,0.578,0.326,0.071,659.6,0.0218
ST023,2018-09-21,0.0,15.74,0.56,0.326,0.071,659.6,0.0317
ST023,2018-09-28,0.0,14.99,0.474,0.326,0.071,659.6,0.042
ST023,2018-10-05,3.03,9.49,0.547,0.326,0.071,659.6,0.0227
ST023,2018-10-12,0.0,8.44,0.456,0.326,0.071,659.6,0.0247
ST023,2018-10-19,0.0,4.0,0.443,0.326,0.071,659.6,0.092
ST023,2018-10-26,0.0,10.02,0.425,0.326,0.071,659.6,0.02
ST023,2018-11-02,0.0,4.37,0.401,0.326,0.071,659.6,0.0378
ST023,2018-11-09,0.0,2.98,0.341,0.326,0.071,659.6,0.0268
ST023,2018-11-16,0.0,2.66,0.268,0.326,0.071,659.6,0.0314
ST023,2018-11-23,0.0,1.87,0.217,0.326,0.071,659.6,0.0609
ST023,2018-11-30,0.0,0.82,0.283,0.326,0.071,659.6,0.0441
ST023,2018-12-07,0.0,-2.61,0.233,0.326,0.071,659.6,0.0344
ST023,2018-12-14,0.0,-1.33,0.214,0.326,0.071,659.6,0.028
ST023,2018-12-21,0.0,-2.54,0.189,0.326,0.071,659.6,0.0223
ST023,2018-12-28,0.0,0.56,0.167,0.326,0.071,659.6,0.02
ST023,2019-01-04,0.0,1.45,0.131,0.326,0.071,659.6,0.02
ST023,2019-01-11,0.0,-1.71,0.063,0.326,0.071,659.6,0.0241
ST023,2019-01-18,0.0,1.57,0.098,0.326,0.071,659.6,0.021
ST023,2019-01-25,0.0,-1.66,0.071,0.326,0.071,659.6,0.0346
ST023,2019-02-01,0.0,-5.04,0.098,0.326,0.071,659.6,0.0243
ST023,2019-02-08,0.0,0.19,0.108,0.326,0.071,659.6,0.0306
ST023,2019-02-15,18.69,-2.62,0.066,0.326,0.071,659.6,0.0982
ST023,2019-02-22,0.0,-0.67,0.122,0.326,0.071,659.6,0.0604
ST023,2019-03-01,0.0,-4.22,0.125,0.326,0.071,659.6,0.02
ST023,2019-03-08,0.0,1.77,0.146,0.326,0.071,659.6,0.0807
ST023,2019-03-15,0.0,1.7,0.132,0.326,0.071,659.6,0.0577
ST023,2019-03-22,0.0,0.45,0.142,0.326,0.071,659.6,0.0325
ST023,2019-03-29,0.0,4.85,0.163,0.326,0.071,659.6,0.0449
ST023,2019-04-05,0.0,6.42,0.215,0.326,0.071,659.6,0.0238
ST023,2019-04-12,0.0,8.29,0.291,0.326,0.071,659.6,0.1534
ST023,2019-04-19,0.0,10.44,0.248,0.326,0.071,659.6,0.1016
ST023,2019-04-26,0.0,9.98,0.309,0.326,0.071,659.6,0.0468
ST023,2019-05-03,0.0,10.22,0.293,0.326,0.071,659.6,0.0531
ST023,2019-05-10,0.0,12.78,0.308,0.326,0.071,659.6,0.0287
ST023,2019-05-17,18.72,14.46,0.418,0.326,0.071,659.6,0.1448
ST023,2019-05-24,0.0,17.1,0.42,0.326,0.071,659.6,0.1351
ST023,2019-05-31,2.4,19.1,0.441,0.326,0.071,659.6,0.17
ST023,2019-06-07,84.93,15.35,0.48,0.326,0.071,659.6,0.3526
ST023,2019-06-14,0.0,18.48,0.523,0.326,0.071,659.6,0.1169
ST023,2019-06-21,0.0,15.05,0.517,0.326,0.071,659.6,0.0782
ST023,2019-06-28,0.0,16.75,0.478,0.326,0.071,659.6,0.2328
ST023,2019-07-05,7.72,16.54,0.609,0.326,0.071,659.6,0.0604
ST023,2019-07-12,0.0,18.89,0.622,0.326,0.071,659.6,0.0715
ST023,2019-07-19,0.0,14.91,0.581,0.326,0.071,659.6,0.0331
ST023,2019-07-26,0.0,23.54,0.637,0.326,0.071,659.6,0.0822
ST023,2019-08-02,0.0,18.08,0.6,0.326,0.071,659.6,0.0333
ST023,2019-08-09,4.08,19.42,0.661,0.326,0.071,659.6,0.0459
ST023,2019-08-16,10.26,18.19,0.634,0.326,0.071,659.6,0.0801
ST023,2019-08-23,0.0,16.1,0.598,0.326,0.071,659.6,0.099
ST023,2019-08-30,0.0,15.24,0.562,0.326,0.071,659.6,0.0302
ST023,2019-09-06,0.0,19.44,0.585,0.326,0.071,659.6,0.0298
ST023,2019-09-13,0.0,11.38,0.625,0.326,0.071,659.6,0.0285
ST023,2019-09-20,0.0,12.92,0.549,0.326,0.071,659.6,0.02
ST023,2019-09-27,0.0,13.88,0.54,0.326,0.071,659.6,0.044
ST023,2019-10-04,0.89,12.53,0.482,0.326,0.071,659.6,0.0362
ST023,2019-10-11,0.0,7.09,0.513,0.326,0.071,659.6,0.0304
ST023,2019-10-18,0.0,6.12,0.433,0.326,0.071,659.6,0.02
ST023,2019-10-25,0.0,4.48,0.461,0.326,0.071,659.6,0.0212
ST023,2019-11-01,0.0,5.86,0.382,0.326,0.071,659.6,0.0306
ST023,2019-11-08,0.0,3.03,0.332,0.326,0.071,659.6,0.0308
ST023,2019-11-15,0.0,1.48,0.269,0.326,0.071,659.6,0.266
ST023,2019-11-22,0.0,0.48,0.3,0.326,0.071,659.6,0.0853
ST023,2019-11-29,0.0,3.88,0.272,0.326,0.071,659.6,0.024
ST023,2019-12-06,0.0,1.83,0.176,0.326,0.071,659.6,0.02
ST023,2019-12-13,0.0,-1.67,0.181,0.326,0.071,659.6,0.0915
ST023,2019-12-20,0.0,0.53,0.154,0.326,0.071,659.6,0.0392
ST023,2019-12-27,0.0,0.08,0.206,0.326,0.071,659.6,0.0274
ST023,2020-01-03,0.0,-9.26,0.111,0.326,0.071,659.6,0.0373
ST023,2020-01-10,0.0,-2.65,0.186,0.326,0.071,659.6,0.0269
ST023,2020-01-17,4.43,-2.79,0.091,0.326,0.071,659.6,0.0562
ST023,2020-01-24,0.0,-4.91,0.127,0.326,0.071,659.6,0.0266
ST023,2020-01-31,0.0,-1.03,0.067,0.326,0.071,659.6,0.02
ST023,2020-02-07,0.0,-5.62,0.081,0.326,0.071,659.6,0.0458
ST023,2020-02-14,0.0,-2.52,0.113,0.326,0.071,659.6,0.0339
ST023,2020-02-21,0.02,0.84,0.085,0.326,0.071,659.6,0.1466
ST023,2020-02-28,0.0,4.33,0.099,0.326,0.071,659.6,0.0554
ST023,2020-03-06,10.1,0.8,0.091,0.326,0.071,659.6,0.1421
ST023,2020-03-13,0.0,3.08,0.155,0.326,0.071,659.6,0.119
ST023,2020-03-20,4.35,4.75,0.137,0.326,0.071,659.6,0.0833
ST023,2020-03-27,0.0,1.24,0.194,0.326,0.071,659.6,0.0414
ST023,2020-04-03,0.0,5.77,0.163,0.326,0.071,659.6,0.0482
ST023,2020-04-10,0.0,7.1,0.206,0.326,0.071,659.6,0.1973
ST023,2020-04-17,0.0,8.72,0.266,0.326,0.071,659.6,0.1375
ST023,2020-04-24,0.0,10.87,0.296,0.326,0.071,659.6,0.1935
ST023,2020-05-01,0.0,7.5,0.3,0.326,0.071,659.6,0.0629
ST023,2020-05-08,4.39,13.41,0.326,0.326,0.071,659.6,0.2679
ST023,2020-05-15,6.63,12.94,0.416,0.326,0.071,659.6,0.1998
ST023,2020-05-22,0.0,14.8,0.405,0.326,0.071,659.6,0.0275
ST023,2020-05-29,0.0,20.07,0.391,0.326,0.071,659.6,0.0348
ST023,2020-06-05,25.58,17.02,0.453,0.326,0.071,659.6,0.1805
ST023,2020-06-12,6.05,17.64,0.511,0.326,0.071,659.6,0.0639
ST023,2020-06-19,0.0,20.54,0.529,0.326,0.071,659.6,0.0735
ST023,2020-06-26,0.0,21.43,0.571,0.326,0.071,659.6,0.0304
ST023,2020-07-03,2.33,19.07,0.537,0.326,0.071,659.6,0.2685
ST023,2020-07-10,0.0,18.34,0.63,0.326,0.071,659.6,0.1783
ST023,2020-07-17,0.0,17.03,0.637,0.326,0.071,659.6,0.02
ST023,2020-07-24,15.62,18.74,0.58,0.326,0.071,659.6,0.0838
ST023,2020-07-31,16.1,21.99,0.564,0.326,0.071,659.6,0.1778
ST023,2020-08-07,1.18,23.86,0.59,0.326,0.071,659.6,0.0325
ST023,2020-08-14,0.0,19.39,0.648,0.326,0.071,659.6,0.1298
ST023,2020-08-21,0.0,22.29,0.592,0.326,0.071,659.6,0.0451
ST023,2020-08-28,3.46,16.88,0.56,0.326,0.071,659.6,0.0404
ST023,2020-09-04,0.0,14.56,0.554,0.326,0.071,659.6,0.0325
ST023,2020-09-11,0.0,12.53,0.573,0.326,0.071,659.6,0.0347
ST023,2020-09-18,0.0,11.74,0.496,0.326,0.071,659.6,0.02
ST023,2020-09-25,0.0,11.67,0.549,0.326,0.071,659.6,0.02
ST023,2020-10-02,0.0,12.53,0.492,0.326,0.071,659.6,0.0256
ST023,2020-10-09,0.0,7.67,0.526,0.326,0.071,659.6,0.0234
ST023,2020-10-16,0.0,11.21,0.512,0.326,0.071,659.6,0.0255
ST023,2020-10-23,0.0,8.66,0.417,0.326,0.071,659.6,0.035
ST023,2020-10-30,0.0,7.91,0.36,0.326,0.071,659.6,0.0365
ST023,2020-11-06,0.0,3.86,0.371,0.326,0.071,659.6,0.02
ST023,2020-11-13,0.0,7.33,0.366,0.326,0.071,659.6,0.0236
ST023,2020-11-20,0.0,-2.89,0.28,0.326,0.071,659.6,0.0927
ST023,2020-11-27,0.0,-1.13,0.282,0.326,0.071,659.6,0.0347
ST023,2020-12-04,0.0,-2.31,0.237,0.326,0.071,659.6,0.0248
ST023,2020-12-11,0.0,-0.51,0.16,0.326,0.071,659.6,0.02
ST023,2020-12-18,0.0,0.29,0.162,0.326,0.071,659.6,0.0321
ST023,2020-12-25,0.0,-0.51,0.094,0.326,0.071,659.6,0.0341
ST024,2016-01-01,0.0,3.41,0.142,0.651,0.263,24.5,0.2365
ST024,2016-01-08,0.0,2.86,0.131,0.651,0.263,24.5,0.0921
ST024,2016-01-15,0.0,5.95,0.062,0.651,0.263,24.5,0.1137
ST024,2016-01-22,0.0,3.25,0.108,0.651,0.263,24.5,0.073
ST024,2016-01-29,0.0,-0.38,0.05,0.651,0.263,24.5,0.0563
ST024,2016-02-05,0.0,5.67,0.099,0.651,0.263,24.5,0.0585
ST024,2016-02-12,0.0,2.38,0.071,0.651,0.263,24.5,0.0461
ST024,2016-02-19,0.0,1.31,0.05,0.651,0.263,24.5,0.0415
ST024,2016-02-26,1.49,4.22,0.05,0.651,0.263,24.5,0.0797
ST024,2016-03-04,0.0,8.0,0.119,0.651,0.263,24.5,0.1297
ST024,2016-03-11,0.0,3.71,0.095,0.651,0.263,24.5,0.1887
ST024,2016-03-18,1.76,6.23,0.143,0.651,0.263,24.5,0.1588
ST024,2016-03-25,0.0,11.08,0.196,0.651,0.263,24.5,0.0674
ST024,2016-04-01,27.49,8.93,0.184,0.651,0.263,24.5,0.1435
ST024,2016-04-08,0.0,9.75,0.172,0.651,0.263,24.5,0.0647
ST024,2016-04-15,0.0,14.46,0.286,0.651,0.263,24.5,0.0747
ST024,2016-04-22,0.0,18.59,0.24,0.651,0.263,24.5,0.0561
ST024,2016-04-29,14.92,16.03,0.336,0.651,0.263,24.5,0.1002
ST024,2016-05-06,8.3,18.35,0.329,0.651,0.263,24.5,0.0512
ST024,2016-05-13,1.18,14.61,0.298,0.651,0.263,24.5,0.194
ST024,2016-05-20,0.0,20.08,0.398,0.651,0.263,24.5,0.2588
ST024,2016-05-27,0.0,18.67,0.379,0.651,0.263,24.5,0.0826
ST024,2016-06-03,0.0,22.58,0.528,0.651,0.263,24.5,0.0919
ST024,2016-06-10,0.0,24.29,0.531,0.651,0.263,24.5,0.0906
ST024,2016-06-17,0.0,22.05,0.549,0.651,0.263,24.5,0.0533
ST024,2016-06-24,15.42,21.16,0.532,0.651,0.263,24.5,0.4415
ST024,2016-07-01,0.0,24.61,0.562,0.651,0.263,24.5,0.2035
ST024,2016-07-08,0.0,24.74,0.612,0.651,0.263,24.5,0.0533
ST024,2016-07-15,0.0,25.23,0.626,0.651,0.263,24.5,0.0955
ST024,2016-07-22,0.11,23.63,0.602,0.651,0.263,24.5,0.051
ST024,2016-07-29,18.85,18.63,0.672,0.651,0.263,24.5,0.1758
ST024,2016-08-05,0.0,20.65,0.658,0.651,0.263,24.5,0.0511
ST024,2016-08-12,0.0,21.67,0.657,0.651,0.263,24.5,0.0483
ST024,2016-08-19,0.0,23.47,0.626,0.651,0.263,24.5,0.0408
ST024,2016-08-26,0.0,20.24,0.636,0.651,0.263,24.5,0.0374
ST024,2016-09-02,0.0,21.92,0.658,0.651,0.263,24.5,0.0555
ST024,2016-09-09,0.0,19.48,0.619,0.651,0.263,24.5,0.0594
ST024,2016-09-16,0.0,17.36,0.593,0.651,0.263,24.5,0.0449
ST024,2016-09-23,0.0,17.32,0.566,0.651,0.263,24.5,0.0739
ST024,2016-09-30,0.0,13.58,0.536,0.651,0.263,24.5,0.0395
ST024,2016-10-07,0.0,11.54,0.516,0.651,0.263,24.5,0.0481
ST024,2016-10-14,0.0,14.4,0.492,0.651,0.263,24.5,0.0506
ST024,2016-10-21,0.0,9.55,0.455,0.651,0.263,24.5,0.0452
ST024,2016-10-28,0.0,7.71,0.404,0.651,0.263,24.5,0.047
ST024,2016-11-04,0.0,9.23,0.329,0.651,0.263,24.5,0.0296
ST024,2016-11-11,0.0,7.91,0.315,0.651,0.263,24.5,0.0446
ST024,2016-11-18,0.0,5.12,0.298,0.651,0.263,24.5,0.0516
ST024,2016-11-25,0.0,6.01,0.295,0.651,0.263,24.5,0.0392
ST024,2016-12-02,6.51,2.57,0.23,0.651,0.263,24.5,0.0704
ST024,2016-12-09,0.0,6.82,0.196,0.651,0.263,24.5,0.0448
ST024,2016-12-16,0.0,6.78,0.194,0.651,0.263,24.5,0.0305
ST024,2016-12-23,0.0,2.78,0.158,0.651,0.263,24.5,0.0379
ST024,2016-12-30,0.0,0.09,0.101,0.651,0.263,24.5,0.1854
ST024,2017-01-06,0.0,2.0,0.148,0.651,0.263,24.5,0.1228
ST024,2017-01-13,0.0,3.14,0.05,0.651,0.263,24.5,0.0769
ST024,2017-01-20,0.0,4.86,0.087,0.651,0.263,24.5,0.0781
ST024,2017-01-27,0.0,0.1,0.05,0.651,0.263,24.5,0.0675
ST024,2017-02-03,2.85,1.73,0.059,0.651,0.263,24.5,0.0379
ST024,2017-02-10,0.0,4.95,0.072,0.651,0.263,24.5,0.0501
ST024,2017-02-17,0.0,1.49,0.054,0.651,0.263,24.5,0.0422
ST024,2017-02-24,0.0,5.1,0.05,0.651,0.263,24.5,0.0464
ST024,2017-03-03,0.0,11.26,0.06,0.651,0.263,24.5,0.0505
ST024,2017-03-10,0.0,4.84,0.061,0.651,0.263,24.5,0.0637
ST024,2017-03-17,0.0,12.53,0.118,0.651,0.263,24.5,0.0409
ST024,2017-03-24,51.61,9.37,0.127,0.651,0.263,24.5,0.3289
ST024,2017-03-31,0.0,10.43,0.206,0.651,0.263,24.5,0.1906
ST024,2017-04-07,0.0,11.26,0.19,0.651,0.263,24.5,0.116
ST024,2017-04-14,0.0,12.91,0.249,0.651,0.263,24.5,0.0724
ST024,2017-04-21,0.0,16.32,0.306,0.651,0.263,24.5,0.039
ST024,2017-04-28,18.42,14.95,0.284,0.651,0.263,24.5,0.1014
ST024,2017-05-05,0.0,20.01,0.34,0.651,0.263,24.5,0.0477
ST024,2017-05-12,3.0,16.57,0.376,0.651,0.263,24.5,0.163
ST024,2017-05-19,0.0,19.21,0.41,0.651,0.263,24.5,0.1013
ST024,2017-05-26,0.0,15.15,0.441,0.651,0.263,24.5,0.126
ST024,2017-06-02,0.0,19.16,0.422,0.651,0.263,24.5,0.1516
ST024,2017-06-09,0.0,21.98,0.496,0.651,0.263,24.5,0.136
ST024,2017-06-16,0.0,22.93,0.473,0.651,0.263,24.5,0.0794
ST024,2017-06-23,0.0,21.46,0.577,0.651,0.263,24.5,0.0335
ST024,2017-06-30,0.0,20.93,0.598,0.651,0.263,24.5,0.1922
ST024,2017-07-07,0.0,25.9,0.602,0.651,0.263,24.5,0.0461
ST024,2017-07-14,0.0,20.99,0.649,0.651,0.263,24.5,0.0443
ST024,2017-07-21,0.0,20.16,0.641,0.651,0.263,24.5,0.0663
ST024,2017-07-28,0.0,23.75,0.603,0.651,0.263,24.5,0.0543
ST024,2017-08-04,0.0,24.37,0.627,0.651,0.263,24.5,0.0515
ST024,2017-08-11,0.0,22.16,0.619,0.651,0.263,24.5,0.0409
ST024,2017-08-18,3.56,20.48,0.679,0.651,0.263,24.5,0.0445
ST024,2017-08-25,0.0,21.41,0.618,0.651,0.263,24.5,0.0327
ST024,2017-09-01,6.12,19.78,0.592,0.651,0.263,24.5,0.1412
ST024,2017-09-08,0.0,21.79,0.578,0.651,0.263,24.5,0.0461
ST024,2017-09-15,0.0,18.75,0.552,0.651,0.263,24.5,0.1286
ST024,2017-09-22,0.0,17.02,0.594,0.651,0.263,24.5,0.0514
ST024,2017-09-29,0.0,16.33,0.541,0.651,0.263,24.5,0.0494
ST024,2017-10-06,0.0,11.07,0.507,0.651,0.263,24.5,0.0599
ST024,2017-10-13,0.0,15.08,0.557,0.651,0.263,24.5,0.0563
ST024,2017-10-20,0.0,14.48,0.432,0.651,0.263,24.5,0.0572
ST024,2017-10-27,0.0,10.74,0.426,0.651,0.263,24.5,0.0496
ST024,2017-11-03,0.0,9.14,0.398,0.651,0.263,24.5,0.0365
ST024,2017-11-10,7.64,7.71,0.366,0.651,0.263,24.5,0.0666
ST024,2017-11-17,0.0,8.19,0.336,0.651,0.263,24.5,0.043
ST024,2017-11-24,0.0,3.6,0.285,0.651,0.263,24.5,0.0476
ST024,2017-12-01,0.0,2.78,0.224,0.651,0.263,24.5,0.0498
ST024,2017-12-08,0.0,5.91,0.182,0.651,0.263,24.5,0.0444
ST024,2017-12-15,0.0,-2.19,0.15,0.651,0.263,24.5,0.0319
ST024,2017-12-22,0.0,0.15,0.178,0.651,0.263,24.5,0.0768
ST024,2017-12-29,0.0,2.69,0.072,0.651,0.263,24.5,0.0469
ST024,2018-01-05,0.0,4.55,0.077,0.651,0.263,24.5,0.0423
ST024,2018-01-12,0.0,1.55,0.06,0.651,0.263,24.5,0.0402
ST024,2018-01-19,6.16,4.01,0.064,0.651,0.263,24.5,0.0799
ST024,2018-01-26,0.0,4.5,0.055,0.651,0.263,24.5,0.0655
ST024,2018-02-02,0.0,3.98,0.059,0.651,0.263,24.5,0.0827
ST024,2018-02-09,0.0,1.35,0.054,0.651,0.263,24.5,0.0713
ST024,2018-02-16,0.0,1.53,0.063,0.651,0.263,24.5,0.1073
ST024,2018-02-23,0.0,3.98,0.073,0.651,0.263,24.5,0.1222
ST024,2018-03-02,0.0,3.62,0.05,0.651,0.263,24.5,0.0533
ST024,2018-03-09,0.0,4.31,0.101,0.651,0.263,24.5,0.0337
ST024,2018-03-16,0.0,6.18,0.05,0.651,0.263,24.5,0.036
ST024,2018-03-23,0.0,8.2,0.132,0.651,0.263,24.5,0.1163
ST024,2018-03-30,0.0,10.24,0.149,0.651,0.263,24.5,0.074
ST024,2018-04-06,0.0,15.23,0.208,0.651,0.263,24.5,0.1603
ST024,2018-04-13,6.86,8.03,0.225,0.651,0.263,24.5,0.1884
ST024,2018-04-20,9.25,16.62,0.26,0.651,0.263,24.5,0.1227
ST024,2018-04-27,6.52,16.66,0.275,0.651,0.263,24.5,0.1204
ST024,2018-05-04,0.0,17.1,0.325,0.651,0.263,24.5,0.0472
ST024,2018-05-11,6.4,16.18,0.379,0.651,0.263,24.5,0.0677
ST024,2018-05-18,4.07,19.4,0.38,0.651,0.263,24.5,0.0437
ST024,2018-05-25,2.41,17.8,0.425,0.651,0.263,24.5,0.0405
ST024,2018-06-01,10.04,20.3,0.469,0.651,0.263,24.5,0.0736
ST024,2018-06-08,0.0,21.1,0.501,0.651,0.263,24.5,0.0354
ST024,2018-06-15,0.0,20.32,0.475,0.651,0.263,24.5,0.0532
ST024,2018-06-22,37.53,24.2,0.575,0.651,0.263,24.5,0.3463
ST024,2018-06-29,29.83,22.7,0.562,0.651,0.263,24.5,0.2224
ST024,2018-07-06,14.83,23.84,0.641,0.651,0.263,24.5,0.1389
ST024,2018-07-13,19.33,21.25,0.702,0.651,0.263,24.5,0.1138
ST024,2018-07-20,0.21,23.93,0.631,0.651,0.263,24.5,0.0387
ST024,2018-07-27,0.0,23.52,0.539,0.651,0.263,24.5,0.0547
ST024,2018-08-03,0.0,21.96,0.654,0.651,0.263,24.5,0.0881
ST024,2018-08-10,0.0,23.56,0.639,0.651,0.263,24.5,0.0601
ST024,2018-08-17,0.0,19.89,0.663,0.651,0.263,24.5,0.0519
ST024,2018-08-24,4.51,19.11,0.681,0.651,0.263,24.5,0.0697
ST024,2018-08-31,0.0,21.97,0.663,0.651,0.263,24.5,0.0502
ST024,2018-09-07,0.0,20.8,0.659,0.651,0.263,24.5,0.0508
ST024,2018-09-14,0.0,18.81,0.566,0.651,0.263,24.5,0.0395
ST024,2018-09-21,0.0,13.87,0.5,0.651,0.263,24.5,0.0427
ST024,2018-09-28,1.47,19.5,0.524,0.651,0.263,24.5,0.0492
ST024,2018-10-05,0.0,13.25,0.468,0.651,0.263,24.5,0.0501
ST024,2018-10-12,0.0,14.75,0.534,0.651,0.263,24.5,0.0906
ST024,2018-10-19,0.0,14.54,0.442,0.651,0.263,24.5,0.0371
ST024,2018-10-26,0.0,9.6,0.388,0.651,0.263,24.5,0.0418
ST024,2018-11-02,0.0,5.38,0.335,0.651,0.263,24.5,0.0416
ST024,2018-11-09,0.0,6.3,0.344,0.651,0.263,24.5,0.0548
ST024,2018-11-16,0.0,4.74,0.301,0.651,0.263,24.5,0.0475
ST024,2018-11-23,0.0,8.91,0.309,0.651,0.263,24.5,0.0592
ST024,2018-11-30,0.0,7.1,0.245,0.651,0.263,24.5,0.0468
ST024,2018-12-07,0.0,5.77,0.195,0.651,0.263,24.5,0.0338
ST024,2018-12-14,0.0,6.06,0.155,0.651,0.263,24.5,0.0512
ST024,2018-12-21,2.72,2.58,0.192,0.651,0.263,24.5,0.0493
ST024,2018-12-28,0.0,3.77,0.107,0.651,0.263,24.5,0.2259
ST024,2019-01-04,0.0,2.03,0.119,0.651,0.263,24.5,0.1127
ST024,2019-01-11,0.0,2.18,0.108,0.651,0.263,24.5,0.0618
ST024,2019-01-18,0.0,3.83,0.073,0.651,0.263,24.5,0.0415
ST024,2019-01-25,0.0,7.74,0.142,0.651,0.263,24.5,0.0525
ST024,2019-02-01,0.0,5.12,0.091,0.651,0.263,24.5,0.0559
ST024,2019-02-08,3.15,-2.25,0.05,0.651,0.263,24.5,0.0593
ST024,2019-02-15,0.0,5.96,0.057,0.651,0.263,24.5,0.0629
ST024,2019-02-22,0.0,1.41,0.05,0.651,0.263,24.5,0.0595
ST024,2019-03-01,8.18,4.88,0.068,0.651,0.263,24.5,0.1035
ST024,2019-03-08,0.0,5.95,0.108,0.651,0.263,24.5,0.0716
ST024,2019-03-15,0.0,8.08,0.134,0.651,0.263,24.5,0.0587
ST024,2019-03-22,0.0,6.56,0.137,0.651,0.263,24.5,0.047
ST024,2019-03-29,0.0,10.92,0.17,0.651,0.263,24.5,0.0271
ST024,2019-04-05,1.73,14.55,0.201,0.651,0.263,24.5,0.0522
ST024,2019-04-12,0.0,9.51,0.197,0.651,0.263,24.5,0.0546
ST024,2019-04-19,8.37,13.7,0.25,0.651,0.263,24.5,0.0649
ST024,2019-04-26,30.98,15.11,0.29,0.651,0.263,24.5,0.3914
ST024,2019-05-03,17.92,16.44,0.322,0.651,0.263,24.5,0.2525
ST024,2019-05-10,0.0,14.93,0.353,0.651,0.263,24.5,0.103
ST024,2019-05-17,0.0,23.15,0.429,0.651,0.263,24.5,0.1785
ST024,2019-05-24,0.0,16.06,0.433,0.651,0.263,24.5,0.091
ST024,2019-05-31,0.0,21.48,0.46,0.651,0.263,24.5,0.135
ST024,2019-06-07,0.0,18.44,0.481,0.651,0.263,24.5,0.0577
ST024,2019-06-14,7.86,23.46,0.469,0.651,0.263,24.5,0.3028
ST024,2019-06-21,0.0,23.73,0.606,0.651,0.263,24.5,0.1438
ST024,2019-06-28,0.0,26.37,0.51,0.651,0.263,24.5,0.1377
ST024,2019-07-05,0.0,22.9,0.568,0.651,0.263,24.5,0.2793
ST024,2019-07-12,0.0,20.57,0.611,0.651,0.263,24.5,0.2615
ST024,2019-07-19,0.0,29.26,0.621,0.651,0.263,24.5,0.1642
ST024,2019-07-26,0.0,25.58,0.592,0.651,0.263,24.5,0.0519
ST024,2019-08-02,0.0,21.35,0.599,0.651,0.263,24.5,0.0457
ST024,2019-08-09,0.0,24.97,0.659,0.651,0.263,24.5,0.0439
ST024,2019-08-16,0.0,23.48,0.646,0.651,0.263,24.5,0.0401
ST024,2019-08-23,0.0,21.73,0.669,0.651,0.263,24.5,0.0509
ST024,2019-08-30,0.0,22.04,0.613,0.651,0.263,24.5,0.0352
ST024,2019-09-06,4.49,22.22,0.608,0.651,0.263,24.5,0.0577
ST024,2019-09-13,0.0,18.59,0.556,0.651,0.263,24.5,0.0361
ST024,2019-09-20,0.0,20.27,0.579,0.651,0.263,24.5,0.0386
ST024,2019-09-27,0.0,13.42,0.564,0.651,0.263,24.5,0.0668
ST024,2019-10-04,0.0,17.0,0.593,0.651,0.263,24.5,0.0432
ST024,2019-10-11,0.0,11.06,0.475,0.651,0.263,24.5,0.0359
ST024,2019-10-18,0.0,9.22,0.495,0.651,0.263,24.5,0.0506
ST024,2019-10-25,4.63,9.4,0.412,0.651,0.263,24.5,0.0479
ST024,2019-11-01,0.0,10.51,0.385,0.651,0.263,24.5,0.0422
ST024,2019-11-08,0.0,8.95,0.413,0.651,0.263,24.5,0.0563
ST024,2019-11-15,0.0,4.3,0.316,0.651,0.263,24.5,0.0491
ST024,2019-11-22,0.0,7.27,0.278,0.651,0.263,24.5,0.0488
ST024,2019-11-29,0.0,6.46,0.193,0.651,0.263,24.5,0.0572
ST024,2019-12-06,0.0,4.14,0.18,0.651,0.263,24.5,0.0416
ST024,2019-12-13,0.0,2.56,0.156,0.651,0.263,24.5,0.0577
ST024,2019-12-20,0.0,2.66,0.176,0.651,0.263,24.5,0.0935
ST024,2019-12-27,0.0,3.89,0.16,0.651,0.263,24.5,0.0776
ST024,2020-01-03,0.0,-0.51,0.071,0.651,0.263,24.5,0.0462
ST024,2020-01-10,0.0,3.55,0.113,0.651,0.263,24.5,0.0364
ST024,2020-01-17,0.0,3.02,0.05,0.651,0.263,24.5,0.0591
ST024,2020-01-24,0.0,3.95,0.05,0.651,0.263,24.5,0.0477
ST024,2020-01-31,0.0,2.67,0.05,0.651,0.263,24.5,0.034
ST024,2020-02-07,0.0,4.0,0.05,0.651,0.263,24.5,0.0627
ST024,2020-02-14,0.0,3.25,0.05,0.651,0.263,24.5,0.0451
ST024,2020-02-21,0.0,4.66,0.052,0.651,0.263,24.5,0.0384
ST024,2020-02-28,7.1,7.46,0.089,0.651,0.263,24.5,0.0532
ST024,2020-03-06,0.0,11.57,0.144,0.651,0.263,24.5,0.0491
ST024,2020-03-13,7.56,6.48,0.069,0.651,0.263,24.5,0.128
ST024,2020-03-20,0.0,6.83,0.143,0.651,0.263,24.5,0.0737
ST024,2020-03-27,0.0,7.4,0.139,0.651,0.263,24.5,0.0548
ST024,2020-04-03,0.0,11.56,0.22,0.651,0.263,24.5,0.1357
ST024,2020-04-10,0.0,14.31,0.209,0.651,0.263,24.5,0.0904
ST024,2020-04-17,0.0,14.21,0.242,0.651,0.263,24.5,0.1193
ST024,2020-04-24,28.04,15.49,0.258,0.651,0.263,24.5,0.1745
ST024,2020-05-01,31.15,14.26,0.287,0.651,0.263,24.5,0.2835
ST024,2020-05-08,0.68,18.46,0.324,0.651,0.263,24.5,0.1305
ST024,2020-05-15,0.0,18.65,0.374,0.651,0.263,24.5,0.0882
ST024,2020-05-22,0.0,18.28,0.418,0.651,0.263,24.5,0.0928
ST024,2020-05-29,0.0,21.07,0.432,0.651,0.263,24.5,0.0637
ST024,2020-06-05,5.1,27.84,0.441,0.651,0.263,24.5,0.0416
ST024,2020-06-12,0.0,22.07,0.523,0.651,0.263,24.5,0.0923
ST024,2020-06-19,0.0,22.77,0.431,0.651,0.263,24.5,0.1228
ST024,2020-06-26,0.0,26.07,0.571,0.651,0.263,24.5,0.0557
ST024,2020-07-03,0.0,22.1,0.601,0.651,0.263,24.5,0.112
ST024,2020-07-10,0.0,21.91,0.652,0.651,0.263,24.5,0.0956
ST024,2020-07-17,5.8,20.96,0.669,0.651,0.263,24.5,0.0522
ST024,2020-07-24,0.0,24.61,0.671,0.651,0.263,24.5,0.058
ST024,2020-07-31,0.0,24.98,0.637,0.651,0.263,24.5,0.0519
ST024,2020-08-07,0.24,26.28,0.648,0.651,0.263,24.5,0.053
ST024,2020-08-14,0.49,25.39,0.62,0.651,0.263,24.5,0.046
ST024,2020-08-21,0.0,21.64,0.622,0.651,0.263,24.5,0.0492
ST024,2020-08-28,0.0,23.07,0.632,0.651,0.263,24.5,0.0377
ST024,2020-09-04,0.0,16.91,0.642,0.651,0.263,24.5,0.0393
ST024,2020-09-11,0.0,16.0,0.609,0.651,0.263,24.5,0.0481
ST024,2020-09-18,0.0,18.9,0.566,0.651,0.263,24.5,0.0626
ST024,2020-09-25,28.0,14.63,0.537,0.651,0.263,24.5,0.1863
ST024,2020-10-02,0.0,18.62,0.531,0.651,0.263,24.5,0.0609
ST024,2020-10-09,0.0,15.46,0.497,0.651,0.263,24.5,0.0433
ST024,2020-10-16,0.0,10.34,0.466,0.651,0.263,24.5,0.0501
ST024,2020-10-23,0.0,11.24,0.488,0.651,0.263,24.5,0.0424
ST024,2020-10-30,0.0,8.7,0.394,0.651,0.263,24.5,0.046
ST024,2020-11-06,0.0,8.33,0.348,0.651,0.263,24.5,0.0591
ST024,2020-11-13,0.0,4.93,0.33,0.651,0.263,24.5,0.0384
ST024,2020-11-20,9.77,4.87,0.296,0.651,0.263,24.5,0.0801
ST024,2020-11-27,0.0,9.32,0.253,0.651,0.263,24.5,0.0512
ST024,2020-12-04,0.0,4.45,0.173,0.651,0.263,24.5,0.0451
ST024,2020-12-11,0.0,1.7,0.168,0.651,0.263,24.5,0.0452
ST024,2020-12-18,0.0,6.55,0.126,0.651,0.263,24.5,0.0479
ST024,2020-12-25,0.0,2.28,0.124,0.651,0.263,24.5,0.0487
ST025,2016-01-01,0.0,-2.62,0.11,0.592,0.334,526.8,0.2566
ST025,2016-01-08,0.0,-2.82,0.097,0.592,0.334,526.8,0.1439
ST025,2016-01-15,0.0,1.29,0.125,0.592,0.334,526.8,0.0906
ST025,2016-01-22,0.94,-4.26,0.083,0.592,0.334,526.8,0.0655
ST025,2016-01-29,0.0,-3.09,0.085,0.592,0.334,526.8,0.0652
ST025,2016-02-05,0.0,3.7,0.081,0.592,0.334,526.8,0.0571
ST025,2016-02-12,7.47,1.81,0.061,0.592,0.334,526.8,0.0794
ST025,2016-02-19,0.0,0.56,0.05,0.592,0.334,526.8,0.1072
ST025,2016-02-26,0.0,2.22,0.053,0.592,0.334,526.8,0.0658
ST025,2016-03-04,0.0,3.59,0.056,0.592,0.334,526.8,0.04
ST025,2016-03-11,0.0,7.45,0.146,0.592,0.334,526.8,0.0643
ST025,2016-03-18,10.85,10.03,0.133,0.592,0.334,526.8,0.1872
ST025,2016-03-25,0.0,9.26,0.137,0.592,0.334,526.8,0.1063
ST025,2016-04-01,0.0,8.61,0.172,0.592,0.334,526.8,0.0613
ST025,2016-04-08,0.0,8.96,0.185,0.592,0.334,526.8,0.0486
ST025,2016-04-15,0.0,8.51,0.263,0.592,0.334,526.8,0.0506
ST025,2016-04-22,32.47,7.23,0.329,0.592,0.334,526.8,0.1794
ST025,2016-04-29,0.0,14.08,0.266,0.592,0.334,526.8,0.1465
ST025,2016-05-06,0.0,14.0,0.358,0.592,0.334,526.8,0.1054
ST025,2016-05-13,0.0,15.96,0.377,0.592,0.334,526.8,0.1543
ST025,2016-05-20,0.0,14.78,0.44,0.592,0.334,526.8,0.0618
ST025,2016-05-27,0.0,20.38,0.412,0.592,0.334,526.8,0.0986
ST025,2016-06-03,0.0,17.66,0.486,0.592,0.334,526.8,0.05
ST025,2016-06-10,0.0,18.68,0.533,0.592,0.334,526.8,0.0312
ST025,2016-06-17,0.0,17.74,0.584,0.592,0.334,526.8,0.0562
ST025,2016-06-24,0.0,17.35,0.559,0.592,0.334,526.8,0.0638
ST025,2016-07-01,0.0,18.32,0.56,0.592,0.334,526.8,0.059
ST025,2016-07-08,0.0,19.31,0.583,0.592,0.334,526.8,0.1123
ST025,2016-07-15,0.14,21.23,0.649,0.592,0.334,526.8,0.1233
ST025,2016-07-22,0.0,21.65,0.623,0.592,0.334,526.8,0.151
ST025,2016-07-29,0.0,22.1,0.585,0.592,0.334,526.8,0.0785
ST025,2016-08-05,0.0,19.74,0.66,0.592,0.334,526.8,0.0794
ST025,2016-08-12,0.0,16.94,0.62,0.592,0.334,526.8,0.0608
ST025,2016-08-19,0.0,15.08,0.608,0.592,0.334,526.8,0.0651
ST025,2016-08-26,0.0,18.33,0.613,0.592,0.334,526.8,0.0524
ST025,2016-09-02,0.0,15.41,0.589,0.592,0.334,526.8,0.0571
ST025,2016-09-09,0.0,16.95,0.579,0.592,0.334,526.8,0.0557
ST025,2016-09-16,0.0,10.01,0.594,0.592,0.334,526.8,0.0497
ST025,2016-09-23,0.0,14.78,0.564,0.592,0.334,526.8,0.0615
ST025,2016-09-30,0.0,13.72,0.523,0.592,0.334,526.8,0.0562
ST025,2016-10-07,0.3,11.37,0.496,0.592,0.334,526.8,0.047
ST025,2016-10-14,0.0,5.06,0.522,0.592,0.334,526.8,0.0539
ST025,2016-10-21,0.0,8.68,0.478,0.592,0.334,526.8,0.0417
ST025,2016-10-28,0.0,3.78,0.389,0.592,0.334,526.8,0.072
ST025,2016-11-04,0.0,7.96,0.333,0.592,0.334,526.8,0.0465
ST025,2016-11-11,0.0,7.73,0.312,0.592,0.334,526.8,0.0555
ST025,2016-11-18,0.0,-0.03,0.305,0.592,0.334,526.8,0.0607
ST025,2016-11-25,0.0,-0.5,0.219,0.592,0.334,526.8,0.0512
ST025,2016-12-02,5.82,-1.16,0.253,0.592,0.334,526.8,0.0782
ST025,2016-12-09,0.0,0.2,0.239,0.592,0.334,526.8,0.0731
ST025,2016-12-16,0.0,2.3,0.181,0.592,0.334,526.8,0.1314
ST025,2016-12-23,0.0,-0.74,0.201,0.592,0.334,526.8,0.0934
ST025,2016-12-30,0.0,0.11,0.132,0.592,0.334,526.8,0.074
ST025,2017-01-06,0.25,-7.02,0.068,0.592,0.334,526.8,0.0571
ST025,2017-01-13,0.0,-0.03,0.154,0.592,0.334,526.8,0.0584
ST025,2017-01-20,0.0,2.06,0.084,0.592,0.334,526.8,0.0576
ST025,2017-01-27,9.16,-1.1,0.069,0.592,0.334,526.8,0.0759
ST025,2017-02-03,0.0,-1.29,0.114,0.592,0.334,526.8,0.061
ST025,2017-02-10,0.0,-1.15,0.12,0.592,0.334,526.8,0.0585
ST025,2017-02-17,0.0,-2.31,0.051,0.592,0.334,526.8,0.0701
ST025,2017-02-24,0.0,-3.56,0.071,0.592,0.334,526.8,0.0528
ST025,2017-03-03,0.0,2.36,0.066,0.592,0.334,526.8,0.1004
ST025,2017-03-10,0.0,6.44,0.111,0.592,0.334,526.8,0.1759
ST025,2017-03-17,0.0,7.51,0.132,0.592,0.334,526.8,0.0831
ST025,2017-03-24,8.5,6.79,0.164,0.592,0.334,526.8,0.1267
ST025,2017-03-31,0.0,6.15,0.229,0.592,0.334,526.8,0.2515
ST025,2017-04-07,0.15,8.67,0.242,0.592,0.334,526.8,0.1521
ST025,2017-04-14,0.0,10.3,0.211,0.592,0.334,526.8,0.1173
ST025,2017-04-21,0.0,7.23,0.239,0.592,0.334,526.8,0.1054
ST025,2017-04-28,0.0,14.05,0.339,0.592,0.334,526.8,0.1075
ST025,2017-05-05,0.0,13.49,0.371,0.592,0.334,526.8,0.0855
ST025,2017-05-12,0.0,11.4,0.387,0.592,0.334,526.8,0.0899
ST025,2017-05-19,0.0,14.76,0.376,0.592,0.334,526.8,0.1298
ST025,2017-05-26,0.84,17.71,0.365,0.592,0.334,526.8,0.0939
ST025,2017-06-02,5.07,18.94,0.435,0.592,0.334,526.8,0.062
ST025,2017-06-09,0.0,21.85,0.496,0.592,0.334,526.8,0.0581
ST025,2017-06-16,0.0,21.9,0.55,0.592,0.334,526.8,0.063
ST025,2017-06-23,0.0,23.43,0.564,0.592,0.334,526.8,0.0755
ST025,2017-06-30,0.0,20.57,0.537,0.592,0.334,526.8,0.0542
ST025,2017-07-07,0.0,19.96,0.5,0.592,0.334,526.8,0.061
ST025,2017-07-14,0.0,20.39,0.576,0.592,0.334,526.8,0.0608
ST025,2017-07-21,0.0,17.49,0.639,0.592,0.334,526.8,0.2477
ST025,2017-07-28,0.0,21.89,0.642,0.592,0.334,526.8,0.1326
ST025,2017-08-04,0.0,18.28,0.622,0.592,0.334,526.8,0.0957
ST025,2017-08-11,0.0,19.82,0.597,0.592,0.334,526.8,0.0566
ST025,2017-08-18,1.06,20.76,0.648,0.592,0.334,526.8,0.0458
ST025,2017-08-25,0.0,17.1,0.649,0.592,0.334,526.8,0.0465
ST025,2017-09-01,11.19,20.55,0.553,0.592,0.334,526.8,0.0952
ST025,2017-09-08,0.0,18.18,0.593,0.592,0.334,526.8,0.041
ST025,2017-09-15,2.08,13.21,0.579,0.592,0.334,526.8,0.0544
ST025,2017-09-22,0.0,13.99,0.506,0.592,0.334,526.8,0.0551
ST025,2017-09-29,0.0,12.96,0.569,0.592,0.334,526.8,0.0722
ST025,2017-10-06,24.75,11.81,0.5,0.592,0.334,526.8,0.1328
ST025,2017-10-13,0.0,7.84,0.509,0.592,0.334,526.8,0.0741
ST025,2017-10-20,62.98,7.35,0.398,0.592,0.334,526.8,0.2815
ST025,2017-10-27,0.0,8.75,0.362,0.592,0.334,526.8,0.1079
ST025,2017-11-03,0.0,8.35,0.335,0.592,0.334,526.8,0.0691
ST025,2017-11-10,0.0,4.86,0.329,0.592,0.334,526.8,0.0662
ST025,2017-11-17,0.0,0.95,0.291,0.592,0.334,526.8,0.0653
ST025,2017-11-24,0.0,4.55,0.248,0.592,0.334,526.8,0.0632
ST025,2017-12-01,0.0,0.67,0.21,0.592,0.334,526.8,0.0512
ST025,2017-12-08,0.0,-1.17,0.152,0.592,0.334,526.8,0.0495
ST025,2017-12-15,0.0,0.54,0.149,0.592,0.334,526.8,0.0593
ST025,2017-12-22,0.0,-1.77,0.192,0.592,0.334,526.8,0.061
ST025,2017-12-29,0.0,0.3,0.129,0.592,0.334,526.8,0.0634
ST025,2018-01-05,0.0,-4.17,0.123,0.592,0.334,526.8,0.0557
ST025,2018-01-12,0.0,-0.71,0.104,0.592,0.334,526.8,0.0609
ST025,2018-01-19,0.0,-0.64,0.103,0.592,0.334,526.8,0.0569
ST025,2018-01-26,0.0,-0.11,0.05,0.592,0.334,526.8,0.0524
ST025,2018-02-02,0.0,-2.81,0.138,0.592,0.334,526.8,0.0716
ST025,2018-02-09,0.0,-1.57,0.086,0.592,0.334,526.8,0.0621
ST025,2018-02-16,18.15,-2.6,0.064,0.592,0.334,526.8,0.1171
ST025,2018-02-23,0.0,2.86,0.127,0.592,0.334,526.8,0.0942
ST025,2018-03-02,0.0,0.74,0.069,0.592,0.334,526.8,0.1375
ST025,2018-03-09,0.0,7.63,0.132,0.592,0.334,526.8,0.0989
ST025,2018-03-16,0.0,3.07,0.219,0.592,0.334,526.8,0.0995
ST025,2018-03-23,0.0,9.48,0.136,0.592,0.334,526.8,0.0573
ST025,2018-03-30,0.0,8.18,0.199,0.592,0.334,526.8,0.0832
ST025,2018-04-06,5.78,10.43,0.127,0.592,0.334,526.8,0.0647
ST025,2018-04-13,0.0,10.1,0.215,0.592,0.334,526.8,0.1249
ST025,2018-04-20,0.0,9.52,0.318,0.592,0.334,526.8,0.0646
ST025,2018-04-27,0.0,7.3,0.299,0.592,0.334,526.8,0.0921
ST025,2018-05-04,0.0,13.42,0.338,0.592,0.334,526.8,0.0957
ST025,2018-05-11,0.0,17.61,0.434,0.592,0.334,526.8,0.0441
ST025,2018-05-18,0.0,16.39,0.386,0.592,0.334,526.8,0.0509
ST025,2018-05-25,0.0,19.23,0.38,0.592,0.334,526.8,0.0673
ST025,2018-06-01,0.0,17.69,0.469,0.592,0.334,526.8,0.1
ST025,2018-06-08,0.0,16.49,0.508,0.592,0.334,526.8,0.1378
ST025,2018-06-15,0.0,15.54,0.496,0.592,0.334,526.8,0.0616
ST025,2018-06-22,0.0,17.78,0.511,0.592,0.334,526.8,0.0845
ST025,2018-06-29,0.0,23.26,0.507,0.592,0.334,526.8,0.0467
ST025,2018-07-06,0.0,17.29,0.602,0.592,0.334,526.8,0.0613
ST025,2018-07-13,30.68,20.45,0.594,0.592,0.334,526.8,0.1411
ST025,2018-07-20,16.52,23.02,0.566,0.592,0.334,526.8,0.1745
ST025,2018-07-27,0.0,20.33,0.639,0.592,0.334,526.8,0.0616
ST025,2018-08-03,0.0,22.66,0.637,0.592,0.334,526.8,0.0493
ST025,2018-08-10,0.0,19.24,0.595,0.592,0.334,526.8,0.0632
ST025,2018-08-17,0.0,17.75,0.662,0.592,0.334,526.8,0.0595
ST025,2018-08-24,0.0,19.08,0.66,0.592,0.334,526.8,0.0523
ST025,2018-08-31,0.0,16.99,0.609,0.592,0.334,526.8,0.0512
ST025,2018-09-07,0.0,15.0,0.562,0.592,0.334,526.8,0.0565
ST025,2018-09-14,0.0,10.28,0.553,0.592,0.334,526.8,0.0472
ST025,2018-09-21,0.0,12.55,0.53,0.592,0.334,526.8,0.0424
ST025,2018-09-28,0.0,14.2,0.496,0.592,0.334,526.8,0.1057
ST025,2018-10-05,0.0,9.82,0.444,0.592,0.334,526.8,0.1066
ST025,2018-10-12,0.0,9.42,0.51,0.592,0.334,526.8,0.0689
ST025,2018-10-19,0.0,7.01,0.387,0.592,0.334,526.8,0.1125
ST025,2018-10-26,0.0,7.78,0.414,0.592,0.334,526.8,0.0503
ST025,2018-11-02,0.0,5.79,0.367,0.592,0.334,526.8,0.0479
ST025,2018-11-09,0.0,4.18,0.292,0.592,0.334,526.8,0.0422
ST025,2018-11-16,0.0,3.7,0.316,0.592,0.334,526.8,0.0984
ST025,2018-11-23,0.0,2.73,0.282,0.592,0.334,526.8,0.0547
ST025,2018-11-30,0.0,2.36,0.262,0.592,0.334,526.8,0.0603
ST025,2018-12-07,0.0,0.75,0.216,0.592,0.334,526.8,0.0622
ST025,2018-12-14,0.0,-2.07,0.182,0.592,0.334,526.8,0.052
ST025,2018-12-21,0.0,4.26,0.144,0.592,0.334,526.8,0.0352
ST025,2018-12-28,0.0,1.63,0.135,0.592,0.334,526.8,0.0398
ST025,2019-01-04,0.0,-1.36,0.142,0.592,0.334,526.8,0.057
ST025,2019-01-11,0.0,-1.86,0.128,0.592,0.334,526.8,0.0475
ST025,2019-01-18,0.0,0.67,0.119,0.592,0.334,526.8,0.0541
ST025,2019-01-25,0.0,-3.94,0.12,0.592,0.334,526.8,0.0505
ST025,2019-02-01,0.0,3.74,0.086,0.592,0.334,526.8,0.0591
ST025,2019-02-08,0.0,2.14,0.064,0.592,0.334,526.8,0.0528
ST025,2019-02-15,0.0,2.59,0.112,0.592,0.334,526.8,0.0606
ST025,2019-02-22,1.4,-4.06,0.099,0.592,0.334,526.8,0.0558
ST025,2019-03-01,2.8,1.63,0.05,0.592,0.334,526.8,0.0635
ST025,2019-03-08,0.0,1.2,0.115,0.592,0.334,526.8,0.075
ST025,2019-03-15,0.0,4.68,0.119,0.592,0.334,526.8,0.0531
ST025,2019-03-22,0.0,5.09,0.123,0.592,0.334,526.8,0.0783
ST025,2019-03-29,9.57,6.96,0.184,0.592,0.334,526.8,0.1047
ST025,2019-04-05,24.87,8.76,0.163,0.592,0.334,526.8,0.2818
ST025,2019-04-12,0.0,7.68,0.201,0.592,0.334,526.8,0.2446
ST025,2019-04-19,0.0,11.41,0.254,0.592,0.334,526.8,0.1105
ST025,2019-04-26,0.0,8.34,0.269,0.592,0.334,526.8,0.0652
ST025,2019-05-03,0.0,13.97,0.269,0.592,0.334,526.8,0.0543
ST025,2019-05-10,0.17,14.05,0.326,0.592,0.334,526.8,0.0489
ST025,2019-05-17,0.0,15.96,0.4,0.592,0.334,526.8,0.136
ST025,2019-05-24,0.0,16.88,0.448,0.592,0.334,526.8,0.0546
ST025,2019-05-31,0.0,16.44,0.482,0.592,0.334,526.8,0.0959
ST025,2019-06-07,0.0,14.2,0.487,0.592,0.334,526.8,0.0552
ST025,2019-06-14,0.0,17.92,0.486,0.592,0.334,526.8,0.0519
ST025,2019-06-21,0.0,18.67,0.506,0.592,0.334,526.8,0.0467
ST025,2019-06-28,0.0,20.9,0.568,0.592,0.334,526.8,0.0535
ST025,2019-07-05,0.0,21.54,0.573,0.592,0.334,526.8,0.0854
ST025,2019-07-12,0.0,19.79,0.56,0.592,0.334,526.8,0.1337
ST025,2019-07-19,0.0,19.76,0.618,0.592,0.334,526.8,0.0489
ST025,2019-07-26,0.0,19.84,0.603,0.592,0.334,526.8,0.1303
ST025,2019-08-02,0.0,20.6,0.6,0.592,0.334,526.8,0.0605
ST025,2019-08-09,0.0,17.96,0.653,0.592,0.334,526.8,0.0562
ST025,2019-08-16,0.0,20.18,0.622,0.592,0.334,526.8,0.0379
ST025,2019-08-23,1.81,12.42,0.61,0.592,0.334,526.8,0.0505
ST025,2019-08-30,0.0,17.47,0.559,0.592,0.334,526.8,0.0499
ST025,2019-09-06,38.82,17.67,0.586,0.592,0.334,526.8,0.1999
ST025,2019-09-13,0.0,14.91,0.581,0.592,0.334,526.8,0.0782
ST025,2019-09-20,0.0,11.87,0.557,0.592,0.334,526.8,0.0547
ST025,2019-09-27,0.0,10.32,0.505,0.592,0.334,526.8,0.0499
ST025,2019-10-04,0.0,15.75,0.535,0.592,0.334,526.8,0.0556
ST025,2019-10-11,0.0,11.15,0.53,0.592,0.334,526.8,0.0487
ST025,2019-10-18,0.0,7.1,0.451,0.592,0.334,526.8,0.0609
ST025,2019-10-25,0.0,8.08,0.395,0.592,0.334,526.8,0.0503
ST025,2019-11-01,0.0,7.8,0.397,0.592,0.334,526.8,0.0334
ST025,2019-11-08,0.0,7.33,0.44,0.592,0.334,526.8,0.0601
ST025,2019-11-15,0.41,7.79,0.389,0.592,0.334,526.8,0.043
ST025,2019-11-22,0.0,0.66,0.29,0.592,0.334,526.8,0.0507
ST025,2019-11-29,0.0,0.65,0.214,0.592,0.334,526.8,0.0528
ST025,2019-12-06,0.0,2.5,0.206,0.592,0.334,526.8,0.0435
ST025,2019-12-13,0.0,-0.36,0.177,0.592,0.334,526.8,0.0606
ST025,2019-12-20,0.0,3.21,0.122,0.592,0.334,526.8,0.0769
ST025,2019-12-27,0.0,-3.06,0.203,0.592,0.334,526.8,0.0542
ST025,2020-01-03,0.0,-1.64,0.146,0.592,0.334,526.8,0.0563
ST025,2020-01-10,0.0,-0.86,0.125,0.592,0.334,526.8,0.0637
ST025,2020-01-17,0.0,-0.79,0.106,0.592,0.334,526.8,0.0435
ST025,2020-01-24,0.0,-1.51,0.096,0.592,0.334,526.8,0.045
ST025,2020-01-31,0.0,1.01,0.089,0.592,0.334,526.8,0.0547
ST025,2020-02-07,0.0,4.91,0.05,0.592,0.334,526.8,0.0504
ST025,2020-02-14,0.0,3.39,0.084,0.592,0.334,526.8,0.0583
ST025,2020-02-21,0.0,-3.42,0.059,0.592,0.334,526.8,0.1486
ST025,2020-02-28,0.0,1.05,0.05,0.592,0.334,526.8,0.1523
ST025,2020-03-06,0.0,3.36,0.08,0.592,0.334,526.8,0.1025
ST025,2020-03-13,0.0,5.05,0.089,0.592,0.334,526.8,0.1801
ST025,2020-03-20,0.0,4.21,0.151,0.592,0.334,526.8,0.1198
ST025,2020-03-27,0.0,4.7,0.121,0.592,0.334,526.8,0.1135
ST025,2020-04-03,0.0,6.16,0.171,0.592,0.334,526.8,0.162
ST025,2020-04-10,0.0,8.0,0.182,0.592,0.334,526.8,0.096
ST025,2020-04-17,0.0,9.5,0.219,0.592,0.334,526.8,0.0651
ST025,2020-04-24,0.0,7.15,0.275,0.592,0.334,526.8,0.0465
ST025,2020-05-01,0.0,13.63,0.336,0.592,0.334,526.8,0.1633
ST025,2020-05-08,0.0,15.66,0.391,0.592,0.334,526.8,0.2439
ST025,2020-05-15,0.0,17.56,0.342,0.592,0.334,526.8,0.3368
ST025,2020-05-22,0.0,13.24,0.412,0.592,0.334,526.8,0.2589
ST025,2020-05-29,13.86,14.96,0.455,0.592,0.334,526.8,0.135
ST025,2020-06-05,0.0,16.84,0.468,0.592,0.334,526.8,0.1261
ST025,2020-06-12,0.0,19.01,0.491,0.592,0.334,526.8,0.1678
ST025,2020-06-19,0.0,20.01,0.509,0.592,0.334,526.8,0.0937
ST025,2020-06-26,0.0,20.89,0.554,0.592,0.334,526.8,0.0454
ST025,2020-07-03,0.0,19.52,0.568,0.592,0.334,526.8,0.0528
ST025,2020-07-10,0.0,20.3,0.502,0.592,0.334,526.8,0.1684
ST025,2020-07-17,0.0,19.42,0.571,0.592,0.334,526.8,0.1016
ST025,2020-07-24,0.0,19.05,0.607,0.592,0.334,526.8,0.0411
ST025,2020-07-31,0.0,23.06,0.608,0.592,0.334,526.8,0.0529
ST025,2020-08-07,7.55,18.14,0.675,0.592,0.334,526.8,0.0651
ST025,2020-08-14,0.0,21.47,0.607,0.592,0.334,526.8,0.0481
ST025,2020-08-21,0.0,18.34,0.623,0.592,0.334,526.8,0.0475
ST025,2020-08-28,13.62,17.38,0.612,0.592,0.334,526.8,0.1289
ST025,2020-09-04,0.0,16.81,0.643,0.592,0.334,526.8,0.1147
ST025,2020-09-11,0.0,15.96,0.566,0.592,0.334,526.8,0.1258
ST025,2020-09-18,0.0,14.6,0.582,0.592,0.334,526.8,0.0638
ST025,2020-09-25,0.0,12.95,0.526,0.592,0.334,526.8,0.0636
ST025,2020-10-02,0.0,10.07,0.51,0.592,0.334,526.8,0.0531
ST025,2020-10-09,0.0,12.85,0.528,0.592,0.334,526.8,0.052
ST025,2020-10-16,0.0,12.07,0.451,0.592,0.334,526.8,0.0361
ST025,2020-10-23,0.0,6.63,0.415,0.592,0.334,526.8,0.0856
ST025,2020-10-30,0.0,7.86,0.415,0.592,0.334,526.8,0.06
ST025,2020-11-06,0.0,8.23,0.407,0.592,0.334,526.8,0.0489
ST025,2020-11-13,0.0,5.03,0.339,0.592,0.334,526.8,0.0517
ST025,2020-11-20,0.0,-1.48,0.285,0.592,0.334,526.8,0.0667
ST025,2020-11-27,0.0,-0.99,0.254,0.592,0.334,526.8,0.1137
ST025,2020-12-04,0.0,-2.28,0.241,0.592,0.334,526.8,0.0646
ST025,2020-12-11,0.0,0.85,0.204,0.592,0.334,526.8,0.0687
ST025,2020-12-18,0.0,3.39,0.198,0.592,0.334,526.8,0.0562
ST025,2020-12-25,0.0,-0.87,0.094,0.592,0.334,526.8,0.0549
ST026,2016-01-01,0.0,-2.04,0.151,0.491,0.146,564.4,0.2107
ST026,2016-01-08,0.0,1.05,0.117,0.491,0.146,564.4,0.1147
ST026,2016-01-15,0.0,-3.53,0.074,0.491,0.146,564.4,0.0516
ST026,2016-01-22,0.0,-2.08,0.11,0.491,0.146,564.4,0.0499
ST026,2016-01-29,0.0,-2.95,0.091,0.491,0.146,564.4,0.0346
ST026,2016-02-05,0.0,-0.09,0.095,0.491,0.146,564.4,0.0415
ST026,2016-02-12,0.0,-0.54,0.121,0.491,0.146,564.4,0.0596
ST026,2016-02-19,0.0,4.79,0.05,0.491,0.146,564.4,0.0249
ST026,2016-02-26,0.0,-3.9,0.063,0.491,0.146,564.4,0.0605
ST026,2016-03-04,0.0,0.8,0.094,0.491,0.146,564.4,0.0441
ST026,2016-03-11,0.0,2.68,0.158,0.491,0.146,564.4,0.0568
ST026,2016-03-18,0.0,3.66,0.156,0.491,0.146,564.4,0.0501
ST026,2016-03-25,0.0,6.63,0.162,0.491,0.146,564.4,0.0372
ST026,2016-04-01,0.0,8.89,0.167,0.491,0.146,564.4,0.0438
ST026,2016-04-08,3.64,8.22,0.173,0.491,0.146,564.4,0.0607
ST026,2016-04-15,0.0,8.7,0.227,0.491,0.146,564.4,0.0256
ST026,2016-04-22,0.0,12.8,0.246,0.491,0.146,564.4,0.0736
ST026,2016-04-29,18.64,11.57,0.296,0.491,0.146,564.4,0.2598
ST026,2016-05-06,1.17,13.02,0.335,0.491,0.146,564.4,0.2016
ST026,2016-05-13,0.0,17.56,0.341,0.491,0.146,564.4,0.0444
ST026,2016-05-20,0.0,12.73,0.385,0.491,0.146,564.4,0.2181
ST026,2016-05-27,0.0,18.82,0.387,0.491,0.146,564.4,0.0529
ST026,2016-06-03,0.0,20.64,0.455,0.491,0.146,564.4,0.3165
ST026,2016-06-10,0.0,19.72,0.49,0.491,0.146,564.4,0.2846
ST026,2016-06-17,9.81,14.24,0.531,0.491,0.146,564.4,0.2285
ST026,2016-06-24,0.0,18.46,0.508,0.491,0.146,564.4,0.1356
ST026,2016-07-01,0.0,25.66,0.589,0.491,0.146,564.4,0.0855
ST026,2016-07-08,0.0,18.81,0.632,0.491,0.146,564.4,0.1034
ST026,2016-07-15,0.0,20.87,0.626,0.491,0.146,564.4,0.0345
ST026,2016-07-22,0.0,22.19,0.604,0.491,0.146,564.4,0.0878
ST026,2016-07-29,0.0,18.86,0.607,0.491,0.146,564.4,0.0949
ST026,2016-08-05,12.98,15.6,0.639,0.491,0.146,564.4,0.0927
ST026,2016-08-12,0.0,21.31,0.656,0.491,0.146,564.4,0.0299
ST026,2016-08-19,0.0,18.81,0.579,0.491,0.146,564.4,0.0735
ST026,2016-08-26,0.21,19.47,0.605,0.491,0.146,564.4,0.0409
ST026,2016-09-02,0.0,17.76,0.648,0.491,0.146,564.4,0.0321
ST026,2016-09-09,0.0,22.06,0.581,0.491,0.146,564.4,0.0417
ST026,2016-09-16,0.0,10.33,0.617,0.491,0.146,564.4,0.0262
ST026,2016-09-23,0.0,13.11,0.524,0.491,0.146,564.4,0.0382
ST026,2016-09-30,0.0,12.34,0.548,0.491,0.146,564.4,0.0271
ST026,2016-10-07,0.0,11.52,0.525,0.491,0.146,564.4,0.0282
ST026,2016-10-14,0.0,10.34,0.461,0.491,0.146,564.4,0.0364
ST026,2016-10-21,0.0,5.62,0.409,0.491,0.146,564.4,0.0734
ST026,2016-10-28,0.0,5.65,0.393,0.491,0.146,564.4,0.0347
ST026,2016-11-04,0.0,6.7,0.362,0.491,0.146,564.4,0.0293
ST026,2016-11-11,0.0,3.0,0.341,0.491,0.146,564.4,0.0307
ST026,2016-11-18,0.0,8.13,0.3,0.491,0.146,564.4,0.0356
ST026,2016-11-25,0.0,-0.09,0.258,0.491,0.146,564.4,0.0492
ST026,2016-12-02,0.0,3.32,0.276,0.491,0.146,564.4,0.039
ST026,2016-12-09,0.0,-0.48,0.171,0.491,0.146,564.4,0.0735
ST026,2016-12-16,0.0,-0.88,0.239,0.491,0.146,564.4,0.0535
ST026,2016-12-23,0.0,-2.92,0.176,0.491,0.146,564.4,0.0283
ST026,2016-12-30,0.0,-0.85,0.161,0.491,0.146,564.4,0.0486
ST026,2017-01-06,0.0,-1.88,0.163,0.491,0.146,564.4,0.0306
ST026,2017-01-13,0.0,1.68,0.091,0.491,0.146,564.4,0.0324
ST026,2017-01-20,0.0,-0.46,0.095,0.491,0.146,564.4,0.0375
ST026,2017-01-27,0.0,3.47,0.097,0.491,0.146,564.4,0.0693
ST026,2017-02-03,0.0,-0.51,0.05,0.491,0.146,564.4,0.0379
ST026,2017-02-10,0.0,-1.34,0.084,0.491,0.146,564.4,0.073
ST026,2017-02-17,0.0,0.68,0.115,0.491,0.146,564.4,0.0573
ST026,2017-02-24,4.03,0.45,0.054,0.491,0.146,564.4,0.0762
ST026,2017-03-03,0.0,3.2,0.085,0.491,0.146,564.4,0.0616
ST026,2017-03-10,0.0,3.71,0.134,0.491,0.146,564.4,0.0523
ST026,2017-03-17,0.0,4.56,0.106,0.491,0.146,564.4,0.0363
ST026,2017-03-24,0.0,4.92,0.159,0.491,0.146,564.4,0.0374
ST026,2017-03-31,0.0,7.58,0.192,0.491,0.146,564.4,0.0478
ST026,2017-04-07,0.0,5.2,0.229,0.491,0.146,564.4,0.0501
ST026,2017-04-14,0.0,10.76,0.252,0.491,0.146,564.4,0.0811
ST026,2017-04-21,0.0,8.88,0.291,0.491,0.146,564.4,0.1683
ST026,2017-04-28,0.0,13.49,0.27,0.491,0.146,564.4,0.0762
ST026,2017-05-05,0.0,10.63,0.316,0.491,0.146,564.4,0.041
ST026,2017-05-12,11.37,15.09,0.348,0.491,0.146,564.4,0.1271
ST026,2017-05-19,0.0,14.36,0.461,0.491,0.146,564.4,0.1829
ST026,2017-05-26,0.0,16.39,0.403,0.491,0.146,564.4,0.0708
ST026,2017-06-02,25.52,16.12,0.461,0.491,0.146,564.4,0.1372
ST026,2017-06-09,0.0,17.26,0.531,0.491,0.146,564.4,0.031
ST026,2017-06-16,0.0,18.05,0.52,0.491,0.146,564.4,0.0507
ST026,2017-06-23,0.0,24.32,0.579,0.491,0.146,564.4,0.1157
ST026,2017-06-30,0.0,18.65,0.581,0.491,0.146,564.4,0.1184
ST026,2017-07-07,35.42,18.44,0.579,0.491,0.146,564.4,0.4358
ST026,2017-07-14,0.0,19.89,0.544,0.491,0.146,564.4,0.1075
ST026,2017-07-21,1.53,18.21,0.575,0.491,0.146,564.4,0.0292
ST026,2017-07-28,0.0,18.67,0.628,0.491,0.146,564.4,0.0395
ST026,2017-08-04,0.0,22.22,0.64,0.491,0.146,564.4,0.0291
ST026,2017-08-11,0.0,21.57,0.619,0.491,0.146,564.4,0.0626
ST026,2017-08-18,4.22,17.72,0.651,0.491,0.146,564.4,0.0477
ST026,2017-08-25,3.3,19.52,0.629,0.491,0.146,564.4,0.0425
ST026,2017-09-01,0.0,18.06,0.566,0.491,0.146,564.4,0.0927
ST026,2017-09-08,0.0,12.85,0.554,0.491,0.146,564.4,0.0354
ST026,2017-09-15,0.0,14.05,0.6,0.491,0.146,564.4,0.1044
ST026,2017-09-22,0.19,13.59,0.629,0.491,0.146,564.4,0.0469
ST026,2017-09-29,0.0,14.8,0.568,0.491,0.146,564.4,0.0511
ST026,2017-10-06,0.0,12.57,0.524,0.491,0.146,564.4,0.037
ST026,2017-10-13,0.0,7.94,0.43,0.491,0.146,564.4,0.0314
ST026,2017-10-20,0.0,6.66,0.466,0.491,0.146,564.4,0.0381
ST026,2017-10-27,0.0,4.2,0.41,0.491,0.146,564.4,0.034
ST026,2017-11-03,0.0,7.9,0.34,0.491,0.146,564.4,0.02
ST026,2017-11-10,0.0,2.5,0.362,0.491,0.146,564.4,0.0318
ST026,2017-11-17,0.0,2.57,0.307,0.491,0.146,564.4,0.1313
ST026,2017-11-24,0.0,-1.14,0.331,0.491,0.146,564.4,0.0474
ST026,2017-12-01,0.0,1.27,0.271,0.491,0.146,564.4,0.0259
ST026,2017-12-08,0.0,-0.75,0.228,0.491,0.146,564.4,0.0225
ST026,2017-12-15,0.0,0.67,0.208,0.491,0.146,564.4,0.0737
ST026,2017-12-22,0.0,-1.96,0.178,0.491,0.146,564.4,0.0201
ST026,2017-12-29,14.18,-1.18,0.156,0.491,0.146,564.4,0.1058
ST026,2018-01-05,0.0,-4.65,0.122,0.491,0.146,564.4,0.078
ST026,2018-01-12,0.0,-4.14,0.067,0.491,0.146,564.4,0.0257
ST026,2018-01-19,0.0,0.77,0.129,0.491,0.146,564.4,0.0348
ST026,2018-01-26,0.0,-6.07,0.087,0.491,0.146,564.4,0.0436
ST026,2018-02-02,0.0,-0.85,0.098,0.491,0.146,564.4,0.02
ST026,2018-02-09,0.0,-3.38,0.073,0.491,0.146,564.4,0.0372
ST026,2018-02-16,0.0,2.92,0.109,0.491,0.146,564.4,0.0399
ST026,2018-02-23,0.0,-1.38,0.067,0.491,0.146,564.4,0.0384
ST026,2018-03-02,0.0,0.25,0.127,0.491,0.146,564.4,0.0669
ST026,2018-03-09,0.0,2.37,0.092,0.491,0.146,564.4,0.1123
ST026,2018-03-16,0.0,5.84,0.099,0.491,0.146,564.4,0.0805
ST026,2018-03-23,0.0,7.44,0.164,0.491,0.146,564.4,0.1402
ST026,2018-03-30,7.08,1.99,0.232,0.491,0.146,564.4,0.1669
ST026,2018-04-06,23.85,9.54,0.236,0.491,0.146,564.4,0.1651
ST026,2018-04-13,0.0,9.21,0.216,0.491,0.146,564.4,0.0943
ST026,2018-04-20,0.0,14.61,0.33,0.491,0.146,564.4,0.0337
ST026,2018-04-27,14.87,6.8,0.318,0.491,0.146,564.4,0.0985
ST026,2018-05-04,9.97,10.8,0.335,0.491,0.146,564.4,0.1283
ST026,2018-05-11,0.58,12.13,0.341,0.491,0.146,564.4,0.0488
ST026,2018-05-18,0.0,16.39,0.373,0.491,0.146,564.4,0.1146
ST026,2018-05-25,0.0,13.26,0.374,0.491,0.146,564.4,0.0336
ST026,2018-06-01,0.0,17.07,0.429,0.491,0.146,564.4,0.0516
ST026,2018-06-08,6.15,15.32,0.472,0.491,0.146,564.4,0.0824
ST026,2018-06-15,0.0,17.38,0.492,0.491,0.146,564.4,0.0489
ST026,2018-06-22,0.0,21.01,0.508,0.491,0.146,564.4,0.0362
ST026,2018-06-29,0.0,19.71,0.577,0.491,0.146,564.4,0.1553
ST026,2018-07-06,32.61,22.49,0.568,0.491,0.146,564.4,0.201
ST026,2018-07-13,0.0,19.54,0.57,0.491,0.146,564.4,0.0651
ST026,2018-07-20,0.0,21.89,0.643,0.491,0.146,564.4,0.0369
ST026,2018-07-27,8.75,19.66,0.608,0.491,0.146,564.4,0.0983
ST026,2018-08-03,18.34,19.76,0.623,0.491,0.146,564.4,0.1207
ST026,2018-08-10,0.89,21.48,0.638,0.491,0.146,564.4,0.0464
ST026,2018-08-17,0.0,18.57,0.566,0.491,0.146,564.4,0.0356
ST026,2018-08-24,0.0,17.84,0.603,0.491,0.146,564.4,0.0342
ST026,2018-08-31,2.19,17.52,0.57,0.491,0.146,564.4,0.0812
ST026,2018-09-07,0.0,20.67,0.639,0.491,0.146,564.4,0.0813
ST026,2018-09-14,0.0,13.51,0.556,0.491,0.146,564.4,0.0332
ST026,2018-09-21,0.0,11.52,0.544,0.491,0.146,564.4,0.0436
ST026,2018-09-28,0.0,14.93,0.542,0.491,0.146,564.4,0.1233
ST026,2018-10-05,0.0,10.77,0.495,0.491,0.146,564.4,0.0593
ST026,2018-10-12,0.0,8.19,0.443,0.491,0.146,564.4,0.0407
ST026,2018-10-19,0.0,9.12,0.495,0.491,0.146,564.4,0.0291
ST026,2018-10-26,0.0,6.59,0.342,0.491,0.146,564.4,0.0358
ST026,2018-11-02,0.0,4.68,0.341,0.491,0.146,564.4,0.0453
ST026,2018-11-09,0.0,5.41,0.314,0.491,0.146,564.4,0.0289
ST026,2018-11-16,0.0,4.48,0.315,0.491,0.146,564.4,0.0339
ST026,2018-11-23,8.65,0.37,0.293,0.491,0.146,564.4,0.0751
ST026,2018-11-30,0.0,1.78,0.199,0.491,0.146,564.4,0.0312
ST026,2018-12-07,0.0,0.61,0.251,0.491,0.146,564.4,0.0656
ST026,2018-12-14,0.0,-1.56,0.222,0.491,0.146,564.4,0.0772
ST026,2018-12-21,0.0,-4.51,0.097,0.491,0.146,564.4,0.1278
ST026,2018-12-28,0.0,-0.66,0.159,0.491,0.146,564.4,0.0575
ST026,2019-01-04,0.0,-0.43,0.136,0.491,0.146,564.4,0.0509
ST026,2019-01-11,6.01,-3.25,0.09,0.491,0.146,564.4,0.0525
ST026,2019-01-18,0.0,-0.13,0.072,0.491,0.146,564.4,0.0374
ST026,2019-01-25,9.18,-5.48,0.122,0.491,0.146,564.4,0.1095
ST026,2019-02-01,0.0,-3.07,0.05,0.491,0.146,564.4,0.0583
ST026,2019-02-08,0.0,-0.75,0.117,0.491,0.146,564.4,0.072
ST026,2019-02-15,0.0,2.2,0.134,0.491,0.146,564.4,0.0579
ST026,2019-02-22,0.0,1.1,0.108,0.491,0.146,564.4,0.04
ST026,2019-03-01,0.0,-0.11,0.084,0.491,0.146,564.4,0.0303
ST026,2019-03-08,0.0,6.15,0.084,0.491,0.146,564.4,0.0439
ST026,2019-03-15,8.97,5.07,0.102,0.491,0.146,564.4,0.121
ST026,2019-03-22,0.0,3.08,0.197,0.491,0.146,564.4,0.1915
ST026,2019-03-29,0.32,6.7,0.156,0.491,0.146,564.4,0.1915
ST026,2019-04-05,0.0,5.66,0.187,0.491,0.146,564.4,0.2538
ST026,2019-04-12,2.67,8.05,0.2,0.491,0.146,564.4,0.2003
ST026,2019-04-19,7.24,8.8,0.228,0.491,0.146,564.4,0.299
ST026,2019-04-26,0.0,11.14,0.336,0.491,0.146,564.4,0.064
ST026,2019-05-03,0.89,12.19,0.308,0.491,0.146,564.4,0.0783
ST026,2019-05-10,14.24,16.1,0.323,0.491,0.146,564.4,0.0853
ST026,2019-05-17,0.0,15.88,0.341,0.491,0.146,564.4,0.0353
ST026,2019-05-24,0.0,13.18,0.411,0.491,0.146,564.4,0.0541
ST026,2019-05-31,40.46,15.47,0.461,0.491,0.146,564.4,0.2595
ST026,2019-06-07,13.27,20.35,0.507,0.491,0.146,564.4,0.2064
ST026,2019-06-14,2.73,18.39,0.497,0.491,0.146,564.4,0.1409
ST026,2019-06-21,0.0,20.48,0.517,0.491,0.146,564.4,0.2266
ST026,2019-06-28,0.0,22.36,0.579,0.491,0.146,564.4,0.0408
ST026,2019-07-05,0.0,22.75,0.605,0.491,0.146,564.4,0.0335
ST026,2019-07-12,0.0,20.15,0.616,0.491,0.146,564.4,0.0333
ST026,2019-07-19,0.0,20.37,0.624,0.491,0.146,564.4,0.029
ST026,2019-07-26,0.63,17.64,0.623,0.491,0.146,564.4,0.0359
ST026,2019-08-02,18.59,22.2,0.595,0.491,0.146,564.4,0.1665
ST026,2019-08-09,0.0,20.26,0.634,0.491,0.146,564.4,0.0454
ST026,2019-08-16,0.0,23.03,0.61,0.491,0.146,564.4,0.0409
ST026,2019-08-23,0.0,18.19,0.587,0.491,0.146,564.4,0.1248
ST026,2019-08-30,0.0,20.31,0.635,0.491,0.146,564.4,0.0432
ST026,2019-09-06,0.0,17.29,0.533,0.491,0.146,564.4,0.032
ST026,2019-09-13,0.0,17.99,0.561,0.491,0.146,564.4,0.034
ST026,2019-09-20,0.0,14.17,0.582,0.491,0.146,564.4,0.0263
ST026,2019-09-27,0.0,10.89,0.565,0.491,0.146,564.4,0.0284
ST026,2019-10-04,0.0,11.78,0.537,0.491,0.146,564.4,0.0225
ST026,2019-10-11,0.0,12.04,0.512,0.491,0.146,564.4,0.02
ST026,2019-10-18,0.0,13.26,0.509,0.491,0.146,564.4,0.0367
ST026,2019-10-25,0.0,9.7,0.427,0.491,0.146,564.4,0.0264
ST026,2019-11-01,0.0,5.0,0.427,0.491,0.146,564.4,0.0294
ST026,2019-11-08,0.0,3.95,0.38,0.491,0.146,564.4,0.0203
ST026,2019-11-15,0.0,5.67,0.288,0.491,0.146,564.4,0.0337
ST026,2019-11-22,0.0,0.29,0.281,0.491,0.146,564.4,0.085
ST026,2019-11-29,0.0,1.8,0.244,0.491,0.146,564.4,0.0397
ST026,2019-12-06,0.0,0.8,0.244,0.491,0.146,564.4,0.0279
ST026,2019-12-13,0.0,-3.8,0.201,0.491,0.146,564.4,0.0798
ST026,2019-12-20,0.0,2.61,0.132,0.491,0.146,564.4,0.0435
ST026,2019-12-27,0.0,-0.42,0.136,0.491,0.146,564.4,0.0271
ST026,2020-01-03,0.0,1.0,0.157,0.491,0.146,564.4,0.0328
ST026,2020-01-10,0.0,-1.24,0.105,0.491,0.146,564.4,0.0439
ST026,2020-01-17,0.0,-1.41,0.116,0.491,0.146,564.4,0.0293
ST026,2020-01-24,0.0,-0.38,0.066,0.491,0.146,564.4,0.0444
ST026,2020-01-31,0.0,0.39,0.055,0.491,0.146,564.4,0.0302
ST026,2020-02-07,0.0,-1.2,0.052,0.491,0.146,564.4,0.0921
ST026,2020-02-14,1.49,0.07,0.05,0.491,0.146,564.4,0.0657
ST026,2020-02-21,0.0,2.47,0.099,0.491,0.146,564.4,0.0975
ST026,2020-02-28,0.0,-0.67,0.127,0.491,0.146,564.4,0.0828
ST026,2020-03-06,0.0,2.63,0.116,0.491,0.146,564.4,0.091
ST026,2020-03-13,0.0,1.47,0.119,0.491,0.146,564.4,0.0569
ST026,2020-03-20,0.0,4.34,0.156,0.491,0.146,564.4,0.1627
ST026,2020-03-27,0.0,5.03,0.148,0.491,0.146,564.4,0.1438
ST026,2020-04-03,0.0,5.94,0.221,0.491,0.146,564.4,0.0592
ST026,2020-04-10,0.0,8.79,0.184,0.491,0.146,564.4,0.0532
ST026,2020-04-17,0.0,8.85,0.303,0.491,0.146,564.4,0.1054
ST026,2020-04-24,0.0,13.22,0.234,0.491,0.146,564.4,0.3881
ST026,2020-05-01,0.0,11.09,0.299,0.491,0.146,564.4,0.3326
ST026,2020-05-08,0.0,11.25,0.355,0.491,0.146,564.4,0.0784
ST026,2020-05-15,0.0,15.54,0.351,0.491,0.146,564.4,0.0273
ST026,2020-05-22,0.82,14.14,0.438,0.491,0.146,564.4,0.0238
ST026,2020-05-29,0.0,12.56,0.411,0.491,0.146,564.4,0.036
ST026,2020-06-05,7.43,18.81,0.45,0.491,0.146,564.4,0.0751
ST026,2020-06-12,0.0,15.48,0.5,0.491,0.146,564.4,0.0248
ST026,2020-06-19,0.0,18.43,0.492,0.491,0.146,564.4,0.02
ST026,2020-06-26,0.0,17.24,0.511,0.491,0.146,564.4,0.0312
ST026,2020-07-03,0.0,22.25,0.597,0.491,0.146,564.4,0.02
ST026,2020-07-10,0.0,17.9,0.578,0.491,0.146,564.4,0.0293
ST026,2020-07-17,0.0,20.36,0.561,0.491,0.146,564.4,0.0324
ST026,2020-07-24,0.0,20.76,0.6,0.491,0.146,564.4,0.0422
ST026,2020-07-31,0.0,19.52,0.669,0.491,0.146,564.4,0.0367
ST026,2020-08-07,5.39,19.24,0.646,0.491,0.146,564.4,0.0563
ST026,2020-08-14,0.0,19.73,0.681,0.491,0.146,564.4,0.0387
ST026,2020-08-21,4.91,17.74,0.645,0.491,0.146,564.4,0.0414
ST026,2020-08-28,0.0,16.3,0.644,0.491,0.146,564.4,0.0305
ST026,2020-09-04,0.0,16.58,0.577,0.491,0.146,564.4,0.0527
ST026,2020-09-11,0.0,17.85,0.563,0.491,0.146,564.4,0.0393
ST026,2020-09-18,0.0,13.85,0.523,0.491,0.146,564.4,0.0251
ST026,2020-09-25,0.0,11.0,0.518,0.491,0.146,564.4,0.0501
ST026,2020-10-02,0.0,12.05,0.522,0.491,0.146,564.4,0.02
ST026,2020-10-09,0.0,9.76,0.543,0.491,0.146,564.4,0.0224
ST026,2020-10-16,0.0,7.41,0.444,0.491,0.146,564.4,0.0349
ST026,2020-10-23,0.0,5.32,0.39,0.491,0.146,564.4,0.0262
ST026,2020-10-30,0.0,3.63,0.401,0.491,0.146,564.4,0.0282
ST026,2020-11-06,0.0,4.65,0.401,0.491,0.146,564.4,0.0659
ST026,2020-11-13,0.0,1.77,0.311,0.491,0.146,564.4,0.0336
ST026,2020-11-20,0.0,4.38,0.301,0.491,0.146,564.4,0.0349
ST026,2020-11-27,0.0,4.75,0.229,0.491,0.146,564.4,0.0346
ST026,2020-12-04,0.0,1.5,0.314,0.491,0.146,564.4,0.062
ST026,2020-12-11,0.0,-3.07,0.2,0.491,0.146,564.4,0.0517
ST026,2020-12-18,0.0,-0.84,0.203,0.491,0.146,564.4,0.0619
ST026,2020-12-25,0.0,0.62,0.133,0.491,0.146,564.4,0.0309
ST027,2016-01-01,0.0,0.59,0.163,0.621,0.154,255.2,0.2446
ST027,2016-01-08,0.0,0.99,0.098,0.621,0.154,255.2,0.0985
ST027,2016-01-15,0.0,0.6,0.05,0.621,0.154,255.2,0.0531
ST027,2016-01-22,0.0,2.76,0.114,0.621,0.154,255.2,0.0288
ST027,2016-01-29,0.0,-0.31,0.093,0.621,0.154,255.2,0.0866
ST027,2016-02-05,0.0,-0.59,0.095,0.621,0.154,255.2,0.0471
ST027,2016-02-12,0.0,1.18,0.05,0.621,0.154,255.2,0.0311
ST027,2016-02-19,1.65,1.9,0.05,0.621,0.154,255.2,0.0379
ST027,2016-02-26,1.68,1.93,0.075,0.621,0.154,255.2,0.0558
ST027,2016-03-04,0.0,2.48,0.099,0.621,0.154,255.2,0.0344
ST027,2016-03-11,0.0,5.3,0.098,0.621,0.154,255.2,0.0349
ST027,2016-03-18,0.0,6.71,0.098,0.621,0.154,255.2,0.0286
ST027,2016-03-25,0.0,5.56,0.137,0.621,0.154,255.2,0.0382
ST027,2016-04-01,0.0,14.53,0.191,0.621,0.154,255.2,0.0435
ST027,2016-04-08,0.0,14.79,0.204,0.621,0.154,255.2,0.0786
ST027,2016-04-15,0.0,11.97,0.211,0.621,0.154,255.2,0.0783
ST027,2016-04-22,0.0,16.42,0.287,0.621,0.154,255.2,0.054
ST027,2016-04-29,23.88,12.99,0.229,0.621,0.154,255.2,0.1549
ST027,2016-05-06,3.27,12.9,0.336,0.621,0.154,255.2,0.0916
ST027,2016-05-13,0.0,17.68,0.386,0.621,0.154,255.2,0.0838
ST027,2016-05-20,0.0,15.29,0.382,0.621,0.154,255.2,0.0493
ST027,2016-05-27,0.0,23.2,0.43,0.621,0.154,255.2,0.1073
ST027,2016-06-03,0.0,18.6,0.485,0.621,0.154,255.2,0.0719
ST027,2016-06-10,0.0,17.82,0.495,0.621,0.154,255.2,0.0632
ST027,2016-06-17,0.0,19.49,0.534,0.621,0.154,255.2,0.0752
ST027,2016-06-24,1.45,21.5,0.607,0.621,0.154,255.2,0.0356
ST027,2016-07-01,0.0,20.83,0.527,0.621,0.154,255.2,0.1027
ST027,2016-07-08,15.39,24.88,0.552,0.621,0.154,255.2,0.0679
ST027,2016-07-15,0.0,24.42,0.623,0.621,0.154,255.2,0.04
ST027,2016-07-22,12.0,17.8,0.551,0.621,0.154,255.2,0.1263
ST027,2016-07-29,0.0,16.98,0.639,0.621,0.154,255.2,0.0711
ST027,2016-08-05,0.0,20.88,0.606,0.621,0.154,255.2,0.045
ST027,2016-08-12,0.0,19.77,0.689,0.621,0.154,255.2,0.0403
ST027,2016-08-19,15.59,22.2,0.639,0.621,0.154,255.2,0.1065
ST027,2016-08-26,0.0,20.61,0.585,0.621,0.154,255.2,0.0351
ST027,2016-09-02,0.0,22.84,0.63,0.621,0.154,255.2,0.0304
ST027,2016-09-09,0.0,19.16,0.61,0.621,0.154,255.2,0.0637
ST027,2016-09-16,0.0,16.51,0.57,0.621,0.154,255.2,0.0273
ST027,2016-09-23,0.0,13.7,0.601,0.621,0.154,255.2,0.0362
ST027,2016-09-30,0.0,16.81,0.512,0.621,0.154,255.2,0.0406
ST027,2016-10-07,0.0,8.92,0.492,0.621,0.154,255.2,0.0376
ST027,2016-10-14,0.0,10.37,0.435,0.621,0.154,255.2,0.0383
ST027,2016-10-21,0.0,13.04,0.519,0.621,0.154,255.2,0.0437
ST027,2016-10-28,0.0,8.87,0.414,0.621,0.154,255.2,0.0256
ST027,2016-11-04,0.0,11.66,0.42,0.621,0.154,255.2,0.0403
ST027,2016-11-11,0.0,5.98,0.304,0.621,0.154,255.2,0.0371
ST027,2016-11-18,0.0,5.44,0.356,0.621,0.154,255.2,0.0326
ST027,2016-11-25,0.0,5.58,0.306,0.621,0.154,255.2,0.0411
ST027,2016-12-02,0.0,0.37,0.202,0.621,0.154,255.2,0.02
ST027,2016-12-09,0.0,4.4,0.238,0.621,0.154,255.2,0.038
ST027,2016-12-16,0.0,-1.78,0.165,0.621,0.154,255.2,0.0218
ST027,2016-12-23,0.0,2.19,0.073,0.621,0.154,255.2,0.0384
ST027,2016-12-30,0.0,0.92,0.083,0.621,0.154,255.2,0.0388
ST027,2017-01-06,0.0,0.51,0.156,0.621,0.154,255.2,0.024
ST027,2017-01-13,0.0,0.63,0.103,0.621,0.154,255.2,0.0312
ST027,2017-01-20,0.0,1.2,0.071,0.621,0.154,255.2,0.044
ST027,2017-01-27,23.59,1.15,0.058,0.621,0.154,255.2,0.1803
ST027,2017-02-03,0.0,-1.68,0.101,0.621,0.154,255.2,0.0679
ST027,2017-02-10,0.0,0.74,0.094,0.621,0.154,255.2,0.0395
ST027,2017-02-17,0.0,3.0,0.105,0.621,0.154,255.2,0.0541
ST027,2017-02-24,0.0,3.76,0.065,0.621,0.154,255.2,0.0409
ST027,2017-03-03,0.0,-0.23,0.059,0.621,0.154,255.2,0.081
ST027,2017-03-10,0.0,3.61,0.075,0.621,0.154,255.2,0.0548
ST027,2017-03-17,9.36,4.66,0.128,0.621,0.154,255.2,0.073
ST027,2017-03-24,3.16,11.36,0.162,0.621,0.154,255.2,0.1292
ST027,2017-03-31,0.0,7.75,0.225,0.621,0.154,255.2,0.038
ST027,2017-04-07,21.17,13.05,0.193,0.621,0.154,255.2,0.1432
ST027,2017-04-14,0.0,12.53,0.277,0.621,0.154,255.2,0.0565
ST027,2017-04-21,31.58,13.45,0.325,0.621,0.154,255.2,0.2025
ST027,2017-04-28,0.0,15.81,0.288,0.621,0.154,255.2,0.1187
ST027,2017-05-05,0.0,14.17,0.293,0.621,0.154,255.2,0.0354
ST027,2017-05-12,0.0,13.05,0.331,0.621,0.154,255.2,0.0253
ST027,2017-05-19,13.58,13.68,0.409,0.621,0.154,255.2,0.1077
ST027,2017-05-26,0.0,17.09,0.45,0.621,0.154,255.2,0.0498
ST027,2017-06-02,20.76,20.1,0.442,0.621,0.154,255.2,0.2447
ST027,2017-06-09,0.0,19.15,0.516,0.621,0.154,255.2,0.2136
ST027,2017-06-16,0.0,17.14,0.503,0.621,0.154,255.2,0.0557
ST027,2017-06-23,0.0,20.26,0.55,0.621,0.154,255.2,0.0409
ST027,2017-06-30,0.0,23.63,0.512,0.621,0.154,255.2,0.0272
ST027,2017-07-07,0.0,22.41,0.602,0.621,0.154,255.2,0.0349
ST027,2017-07-14,0.0,20.88,0.572,0.621,0.154,255.2,0.0445
ST027,2017-07-21,0.0,20.41,0.62,0.621,0.154,255.2,0.0553
ST027,2017-07-28,3.16,21.07,0.599,0.621,0.154,255.2,0.0444
ST027,2017-08-04,0.0,24.99,0.606,0.621,0.154,255.2,0.0334
ST027,2017-08-11,13.23,22.84,0.649,0.621,0.154,255.2,0.0559
ST027,2017-08-18,0.0,18.22,0.623,0.621,0.154,255.2,0.0311
ST027,2017-08-25,0.0,21.07,0.629,0.621,0.154,255.2,0.0357
ST027,2017-09-01,0.0,17.35,0.628,0.621,0.154,255.2,0.0742
ST027,2017-09-08,0.0,14.08,0.624,0.621,0.154,255.2,0.0479
ST027,2017-09-15,0.0,17.97,0.577,0.621,0.154,255.2,0.0849
ST027,2017-09-22,0.0,15.98,0.626,0.621,0.154,255.2,0.0243
ST027,2017-09-29,0.0,14.73,0.528,0.621,0.154,255.2,0.0411
ST027,2017-10-06,0.0,11.22,0.532,0.621,0.154,255.2,0.0301
ST027,2017-10-13,0.0,15.84,0.493,0.621,0.154,255.2,0.0366
ST027,2017-10-20,0.0,8.42,0.405,0.621,0.154,255.2,0.0384
ST027,2017-10-27,0.0,11.26,0.431,0.621,0.154,255.2,0.0379
ST027,2017-11-03,0.0,8.28,0.41,0.621,0.154,255.2,0.0313
ST027,2017-11-10,0.0,0.66,0.36,0.621,0.154,255.2,0.0455
ST027,2017-11-17,0.0,2.51,0.272,0.621,0.154,255.2,0.0226
ST027,2017-11-24,0.0,0.67,0.309,0.621,0.154,255.2,0.07
ST027,2017-12-01,0.0,0.96,0.242,0.621,0.154,255.2,0.0364
ST027,2017-12-08,0.0,2.14,0.171,0.621,0.154,255.2,0.0514
ST027,2017-12-15,0.0,-4.89,0.14,0.621,0.154,255.2,0.0376
ST027,2017-12-22,0.0,0.24,0.133,0.621,0.154,255.2,0.0305
ST027,2017-12-29,0.24,0.11,0.103,0.621,0.154,255.2,0.0483
ST027,2018-01-05,0.0,0.32,0.132,0.621,0.154,255.2,0.0399
ST027,2018-01-12,0.0,0.93,0.068,0.621,0.154,255.2,0.0294
ST027,2018-01-19,0.0,1.92,0.157,0.621,0.154,255.2,0.0341
ST027,2018-01-26,7.77,-0.8,0.068,0.621,0.154,255.2,0.0797
ST027,2018-02-02,0.0,-4.31,0.075,0.621,0.154,255.2,0.0527
ST027,2018-02-09,0.0,3.07,0.071,0.621,0.154,255.2,0.02
ST027,2018-02-16,0.0,-3.43,0.05,0.621,0.154,255.2,0.0308
ST027,2018-02-23,2.79,6.49,0.05,0.621,0.154,255.2,0.0345
ST027,2018-03-02,0.0,5.62,0.124,0.621,0.154,255.2,0.0272
ST027,2018-03-09,0.0,3.87,0.112,0.621,0.154,255.2,0.032
ST027,2018-03-16,0.0,5.9,0.11,0.621,0.154,255.2,0.0268
ST027,2018-03-23,0.0,2.23,0.131,0.621,0.154,255.2,0.0312
ST027,2018-03-30,0.0,7.67,0.209,0.621,0.154,255.2,0.0288
ST027,2018-04-06,71.46,10.4,0.185,0.621,0.154,255.2,0.4363
ST027,2018-04-13,0.0,12.09,0.291,0.621,0.154,255.2,0.1455
ST027,2018-04-20,0.0,12.37,0.184,0.621,0.154,255.2,0.0386
ST027,2018-04-27,12.36,12.61,0.299,0.621,0.154,255.2,0.0911
ST027,2018-05-04,0.0,14.93,0.314,0.621,0.154,255.2,0.1402
ST027,2018-05-11,0.0,14.22,0.324,0.621,0.154,255.2,0.3097
ST027,2018-05-18,0.0,15.43,0.321,0.621,0.154,255.2,0.2068
ST027,2018-05-25,0.0,13.82,0.401,0.621,0.154,255.2,0.1548
ST027,2018-06-01,0.0,19.68,0.455,0.621,0.154,255.2,0.0496
ST027,2018-06-08,0.0,19.91,0.504,0.621,0.154,255.2,0.0436
ST027,2018-06-15,0.0,23.63,0.527,0.621,0.154,255.2,0.0344
ST027,2018-06-22,0.0,19.55,0.51,0.621,0.154,255.2,0.0693
ST027,2018-06-29,0.0,20.34,0.6,0.621,0.154,255.2,0.025
ST027,2018-07-06,0.0,24.11,0.54,0.621,0.154,255.2,0.0807
ST027,2018-07-13,0.0,22.39,0.579,0.621,0.154,255.2,0.0417
ST027,2018-07-20,0.0,25.77,0.62,0.621,0.154,255.2,0.0381
ST027,2018-07-27,8.68,22.63,0.657,0.621,0.154,255.2,0.065
ST027,2018-08-03,0.0,22.15,0.628,0.621,0.154,255.2,0.0321
ST027,2018-08-10,0.0,20.11,0.592,0.621,0.154,255.2,0.0941
ST027,2018-08-17,0.0,17.75,0.637,0.621,0.154,255.2,0.0547
ST027,2018-08-24,0.0,19.43,0.637,0.621,0.154,255.2,0.02
ST027,2018-08-31,0.0,17.8,0.596,0.621,0.154,255.2,0.0431
ST027,2018-09-07,0.88,20.0,0.576,0.621,0.154,255.2,0.0982
ST027,2018-09-14,0.0,15.01,0.6,0.621,0.154,255.2,0.0452
ST027,2018-09-21,0.0,12.13,0.577,0.621,0.154,255.2,0.0352
ST027,2018-09-28,0.0,18.02,0.587,0.621,0.154,255.2,0.0298
ST027,2018-10-05,0.0,15.29,0.502,0.621,0.154,255.2,0.0386
ST027,2018-10-12,2.42,8.35,0.448,0.621,0.154,255.2,0.0476
ST027,2018-10-19,0.0,9.29,0.447,0.621,0.154,255.2,0.0338
ST027,2018-10-26,0.0,10.45,0.401,0.621,0.154,255.2,0.0615
ST027,2018-11-02,0.0,8.6,0.436,0.621,0.154,255.2,0.0257
ST027,2018-11-09,0.0,8.88,0.328,0.621,0.154,255.2,0.0355
ST027,2018-11-16,0.0,9.16,0.304,0.621,0.154,255.2,0.0455
ST027,2018-11-23,0.0,3.91,0.293,0.621,0.154,255.2,0.0359
ST027,2018-11-30,0.0,2.98,0.29,0.621,0.154,255.2,0.0358
ST027,2018-12-07,0.0,4.25,0.239,0.621,0.154,255.2,0.0308
ST027,2018-12-14,0.0,1.19,0.213,0.621,0.154,255.2,0.0365
ST027,2018-12-21,0.0,2.85,0.151,0.621,0.154,255.2,0.0399
ST027,2018-12-28,0.0,7.09,0.121,0.621,0.154,255.2,0.0361
ST027,2019-01-04,0.0,-0.93,0.126,0.621,0.154,255.2,0.0374
ST027,2019-01-11,0.0,0.47,0.11,0.621,0.154,255.2,0.02
ST027,2019-01-18,0.0,4.51,0.114,0.621,0.154,255.2,0.0323
ST027,2019-01-25,0.0,-0.09,0.05,0.621,0.154,255.2,0.0846
ST027,2019-02-01,0.0,-0.43,0.086,0.621,0.154,255.2,0.1378
ST027,2019-02-08,0.0,2.48,0.062,0.621,0.154,255.2,0.0636
ST027,2019-02-15,0.0,5.98,0.06,0.621,0.154,255.2,0.0318
ST027,2019-02-22,0.0,2.05,0.062,0.621,0.154,255.2,0.1352
ST027,2019-03-01,0.0,1.47,0.091,0.621,0.154,255.2,0.1619
ST027,2019-03-08,15.17,5.11,0.153,0.621,0.154,255.2,0.2107
ST027,2019-03-15,0.0,5.98,0.083,0.621,0.154,255.2,0.1223
ST027,2019-03-22,0.0,5.13,0.226,0.621,0.154,255.2,0.0753
ST027,2019-03-29,1.11,7.59,0.184,0.621,0.154,255.2,0.2149
ST027,2019-04-05,0.0,7.47,0.19,0.621,0.154,255.2,0.0954
ST027,2019-04-12,0.0,9.84,0.276,0.621,0.154,255.2,0.2443
ST027,2019-04-19,0.0,9.65,0.295,0.621,0.154,255.2,0.0694
ST027,2019-04-26,0.0,20.51,0.297,0.621,0.154,255.2,0.1124
ST027,2019-05-03,0.0,14.55,0.312,0.621,0.154,255.2,0.0241
ST027,2019-05-10,0.0,16.94,0.355,0.621,0.154,255.2,0.06
ST027,2019-05-17,3.77,18.43,0.327,0.621,0.154,255.2,0.0366
ST027,2019-05-24,0.0,19.13,0.494,0.621,0.154,255.2,0.0315
ST027,2019-05-31,16.52,18.94,0.421,0.621,0.154,255.2,0.2136
ST027,2019-06-07,0.0,19.6,0.405,0.621,0.154,255.2,0.04
ST027,2019-06-14,0.0,16.22,0.528,0.621,0.154,255.2,0.048
ST027,2019-06-21,0.0,20.01,0.571,0.621,0.154,255.2,0.0474
ST027,2019-06-28,0.0,24.62,0.595,0.621,0.154,255.2,0.0386
ST027,2019-07-05,0.0,18.36,0.589,0.621,0.154,255.2,0.095
ST027,2019-07-12,0.0,21.21,0.642,0.621,0.154,255.2,0.2469
ST027,2019-07-19,0.0,21.21,0.648,0.621,0.154,255.2,0.0402
ST027,2019-07-26,22.98,22.75,0.64,0.621,0.154,255.2,0.1508
ST027,2019-08-02,0.0,20.78,0.653,0.621,0.154,255.2,0.0437
ST027,2019-08-09,0.0,16.0,0.646,0.621,0.154,255.2,0.029
ST027,2019-08-16,0.0,21.1,0.667,0.621,0.154,255.2,0.0486
ST027,2019-08-23,0.0,21.64,0.623,0.621,0.154,255.2,0.0279
ST027,2019-08-30,0.0,18.71,0.662,0.621,0.154,255.2,0.0325
ST027,2019-09-06,0.0,17.44,0.618,0.621,0.154,255.2,0.0333
ST027,2019-09-13,0.0,16.76,0.597,0.621,0.154,255.2,0.0329
ST027,2019-09-20,0.0,18.39,0.565,0.621,0.154,255.2,0.0315
ST027,2019-09-27,0.0,11.5,0.553,0.621,0.154,255.2,0.046
ST027,2019-10-04,2.71,10.08,0.525,0.621,0.154,255.2,0.0415
ST027,2019-10-11,0.0,10.27,0.459,0.621,0.154,255.2,0.0344
ST027,2019-10-18,0.0,8.75,0.475,0.621,0.154,255.2,0.0269
ST027,2019-10-25,0.0,10.86,0.431,0.621,0.154,255.2,0.0419
ST027,2019-11-01,0.0,8.35,0.422,0.621,0.154,255.2,0.0404
ST027,2019-11-08,0.0,2.62,0.355,0.621,0.154,255.2,0.0387
ST027,2019-11-15,0.0,5.1,0.311,0.621,0.154,255.2,0.0418
ST027,2019-11-22,0.0,4.71,0.297,0.621,0.154,255.2,0.0302
ST027,2019-11-29,0.0,2.12,0.281,0.621,0.154,255.2,0.0338
ST027,2019-12-06,0.0,5.67,0.249,0.621,0.154,255.2,0.0316
ST027,2019-12-13,0.0,-1.54,0.166,0.621,0.154,255.2,0.034
ST027,2019-12-20,0.0,2.99,0.171,0.621,0.154,255.2,0.0404
ST027,2019-12-27,0.0,-2.4,0.12,0.621,0.154,255.2,0.0353
ST027,2020-01-03,0.0,-3.18,0.091,0.621,0.154,255.2,0.0437
ST027,2020-01-10,0.0,-1.03,0.087,0.621,0.154,255.2,0.0351
ST027,2020-01-17,0.0,-4.42,0.05,0.621,0.154,255.2,0.0773
ST027,2020-01-24,0.0,3.59,0.079,0.621,0.154,255.2,0.0319
ST027,2020-01-31,0.0,-0.62,0.05,0.621,0.154,255.2,0.0404
ST027,2020-02-07,0.0,0.49,0.05,0.621,0.154,255.2,0.0292
ST027,2020-02-14,35.1,3.8,0.102,0.621,0.154,255.2,0.2442
ST027,2020-02-21,0.0,2.48,0.119,0.621,0.154,255.2,0.1116
ST027,2020-02-28,0.0,1.62,0.104,0.621,0.154,255.2,0.0544
ST027,2020-03-06,3.03,10.43,0.136,0.621,0.154,255.2,0.0883
ST027,2020-03-13,0.0,4.22,0.081,0.621,0.154,255.2,0.0877
ST027,2020-03-20,3.46,8.48,0.145,0.621,0.154,255.2,0.0647
ST027,2020-03-27,0.0,8.04,0.141,0.621,0.154,255.2,0.0286
ST027,2020-04-03,0.0,7.97,0.202,0.621,0.154,255.2,0.0397
ST027,2020-04-10,0.0,11.44,0.207,0.621,0.154,255.2,0.0835
ST027,2020-04-17,55.72,9.74,0.223,0.621,0.154,255.2,0.3146
ST027,2020-04-24,0.0,13.32,0.295,0.621,0.154,255.2,0.0774
ST027,2020-05-01,0.0,18.29,0.387,0.621,0.154,255.2,0.1342
ST027,2020-05-08,0.0,15.62,0.332,0.621,0.154,255.2,0.3128
ST027,2020-05-15,0.0,14.7,0.391,0.621,0.154,255.2,0.2028
ST027,2020-05-22,0.0,15.65,0.406,0.621,0.154,255.2,0.246
ST027,2020-05-29,0.0,20.4,0.451,0.621,0.154,255.2,0.1587
ST027,2020-06-05,0.0,19.72,0.5,0.621,0.154,255.2,0.0278
ST027,2020-06-12,0.0,18.16,0.487,0.621,0.154,255.2,0.0429
ST027,2020-06-19,0.0,21.27,0.542,0.621,0.154,255.2,0.0289
ST027,2020-06-26,0.0,20.3,0.541,0.621,0.154,255.2,0.0271
ST027,2020-07-03,0.0,24.72,0.593,0.621,0.154,255.2,0.0228
ST027,2020-07-10,0.0,20.34,0.604,0.621,0.154,255.2,0.0414
ST027,2020-07-17,0.0,22.28,0.567,0.621,0.154,255.2,0.0348
ST027,2020-07-24,0.0,22.0,0.64,0.621,0.154,255.2,0.0424
ST027,2020-07-31,0.0,20.58,0.637,0.621,0.154,255.2,0.0298
ST027,2020-08-07,11.64,21.95,0.649,0.621,0.154,255.2,0.0992
ST027,2020-08-14,4.32,23.56,0.638,0.621,0.154,255.2,0.0456
ST027,2020-08-21,0.0,21.56,0.654,0.621,0.154,255.2,0.0487
ST027,2020-08-28,0.0,18.08,0.612,0.621,0.154,255.2,0.0509
ST027,2020-09-04,0.0,18.21,0.556,0.621,0.154,255.2,0.0423
ST027,2020-09-11,0.0,14.67,0.598,0.621,0.154,255.2,0.0431
ST027,2020-09-18,0.0,15.09,0.589,0.621,0.154,255.2,0.045
ST027,2020-09-25,0.0,16.39,0.518,0.621,0.154,255.2,0.023
ST027,2020-10-02,0.0,12.12,0.517,0.621,0.154,255.2,0.0356
ST027,2020-10-09,0.0,13.63,0.51,0.621,0.154,255.2,0.0455
ST027,2020-10-16,0.0,10.18,0.461,0.621,0.154,255.2,0.0458
ST027,2020-10-23,0.0,8.81,0.383,0.621,0.154,255.2,0.0376
ST027,2020-10-30,0.0,10.8,0.374,0.621,0.154,255.2,0.0322
ST027,2020-11-06,0.0,10.01,0.354,0.621,0.154,255.2,0.0319
ST027,2020-11-13,0.0,8.89,0.313,0.621,0.154,255.2,0.0428
ST027,2020-11-20,0.0,3.54,0.253,0.621,0.154,255.2,0.0426
ST027,2020-11-27,0.0,2.89,0.248,0.621,0.154,255.2,0.0348
ST027,2020-12-04,0.0,5.19,0.2,0.621,0.154,255.2,0.0998
ST027,2020-12-11,0.0,6.57,0.185,0.621,0.154,255.2,0.1034
ST027,2020-12-18,0.0,0.09,0.213,0.621,0.154,255.2,0.0446
ST027,2020-12-25,0.0,-0.98,0.132,0.621,0.154,255.2,0.0329
ST028,2016-01-01,0.0,-0.56,0.164,0.367,0.378,535.0,0.2512
ST028,2016-01-08,0.0,-1.65,0.111,0.367,0.378,535.0,0.1896
ST028,2016-01-15,0.0,-2.63,0.122,0.367,0.378,535.0,0.126
ST028,2016-01-22,0.0,-0.81,0.091,0.367,0.378,535.0,0.2027
ST028,2016-01-29,0.0,1.94,0.092,0.367,0.378,535.0,0.1396
ST028,2016-02-05,0.0,-6.9,0.11,0.367,0.378,535.0,0.0787
ST028,2016-02-12,0.0,-0.2,0.115,0.367,0.378,535.0,0.0675
ST028,2016-02-19,0.0,-1.05,0.05,0.367,0.378,535.0,0.0601
ST028,2016-02-26,0.0,-0.2,0.113,0.367,0.378,535.0,0.0577
ST028,2016-03-04,0.0,0.6,0.119,0.367,0.378,535.0,0.064
ST028,2016-03-11,0.0,4.64,0.122,0.367,0.378,535.0,0.1077
ST028,2016-03-18,0.0,0.2,0.141,0.367,0.378,535.0,0.1035
ST028,2016-03-25,0.0,6.25,0.22,0.367,0.378,535.0,0.1547
ST028,2016-04-01,28.31,5.02,0.166,0.367,0.378,535.0,0.1615
ST028,2016-04-08,0.0,7.6,0.232,0.367,0.378,535.0,0.2754
ST028,2016-04-15,9.78,11.39,0.243,0.367,0.378,535.0,0.3492
ST028,2016-04-22,1.04,10.09,0.296,0.367,0.378,535.0,0.2231
ST028,2016-04-29,0.0,10.57,0.268,0.367,0.378,535.0,0.1215
ST028,2016-05-06,0.0,10.02,0.312,0.367,0.378,535.0,0.2031
ST028,2016-05-13,0.0,12.66,0.401,0.367,0.378,535.0,0.0799
ST028,2016-05-20,0.0,16.8,0.404,0.367,0.378,535.0,0.081
ST028,2016-05-27,0.0,16.93,0.423,0.367,0.378,535.0,0.325
ST028,2016-06-03,0.0,20.87,0.504,0.367,0.378,535.0,0.1509
ST028,2016-06-10,2.17,17.22,0.488,0.367,0.378,535.0,0.1269
ST028,2016-06-17,23.57,16.97,0.558,0.367,0.378,535.0,0.1411
ST028,2016-06-24,2.27,21.94,0.539,0.367,0.378,535.0,0.0628
ST028,2016-07-01,1.2,16.86,0.558,0.367,0.378,535.0,0.057
ST028,2016-07-08,0.0,21.62,0.557,0.367,0.378,535.0,0.06
ST028,2016-07-15,0.0,17.24,0.671,0.367,0.378,535.0,0.1202
ST028,2016-07-22,22.69,16.91,0.591,0.367,0.378,535.0,0.2056
ST028,2016-07-29,12.83,22.31,0.607,0.367,0.378,535.0,0.1275
ST028,2016-08-05,0.0,20.21,0.667,0.367,0.378,535.0,0.0467
ST028,2016-08-12,0.0,21.85,0.619,0.367,0.378,535.0,0.0569
ST028,2016-08-19,0.0,18.9,0.612,0.367,0.378,535.0,0.0541
ST028,2016-08-26,0.0,16.39,0.653,0.367,0.378,535.0,0.0553
ST028,2016-09-02,0.0,16.1,0.603,0.367,0.378,535.0,0.063
ST028,2016-09-09,0.0,14.09,0.629,0.367,0.378,535.0,0.1016
ST028,2016-09-16,3.73,14.77,0.533,0.367,0.378,535.0,0.0779
ST028,2016-09-23,0.0,15.88,0.523,0.367,0.378,535.0,0.062
ST028,2016-09-30,0.0,14.98,0.546,0.367,0.378,535.0,0.0695
ST028,2016-10-07,0.0,12.81,0.506,0.367,0.378,535.0,0.0573
ST028,2016-10-14,0.0,13.1,0.477,0.367,0.378,535.0,0.0908
ST028,2016-10-21,0.0,8.66,0.423,0.367,0.378,535.0,0.0712
ST028,2016-10-28,0.0,2.59,0.393,0.367,0.378,535.0,0.0666
ST028,2016-11-04,0.0,6.43,0.322,0.367,0.378,535.0,0.0909
ST028,2016-11-11,0.0,1.2,0.344,0.367,0.378,535.0,0.0629
ST028,2016-11-18,0.0,1.43,0.287,0.367,0.378,535.0,0.0553
ST028,2016-11-25,0.0,-2.83,0.21,0.367,0.378,535.0,0.0511
ST028,2016-12-02,0.0,-1.66,0.248,0.367,0.378,535.0,0.0509
ST028,2016-12-09,0.0,2.4,0.191,0.367,0.378,535.0,0.0839
ST028,2016-12-16,0.0,-0.59,0.186,0.367,0.378,535.0,0.0977
ST028,2016-12-23,0.0,-5.1,0.145,0.367,0.378,535.0,0.096
ST028,2016-12-30,0.0,1.33,0.1,0.367,0.378,535.0,0.1176
ST028,2017-01-06,0.0,-2.81,0.133,0.367,0.378,535.0,0.0991
ST028,2017-01-13,0.0,-1.34,0.069,0.367,0.378,535.0,0.1009
ST028,2017-01-20,0.0,-2.9,0.061,0.367,0.378,535.0,0.0908
ST028,2017-01-27,0.0,-0.15,0.141,0.367,0.378,535.0,0.071
ST028,2017-02-03,0.0,-0.21,0.05,0.367,0.378,535.0,0.0696
ST028,2017-02-10,0.0,1.75,0.076,0.367,0.378,535.0,0.06
ST028,2017-02-17,12.24,-0.41,0.061,0.367,0.378,535.0,0.1466
ST028,2017-02-24,0.0,3.78,0.103,0.367,0.378,535.0,0.0838
ST028,2017-03-03,0.0,2.17,0.143,0.367,0.378,535.0,0.0768
ST028,2017-03-10,0.0,2.1,0.179,0.367,0.378,535.0,0.0658
ST028,2017-03-17,0.0,9.11,0.127,0.367,0.378,535.0,0.0558
ST028,2017-03-24,0.0,5.23,0.109,0.367,0.378,535.0,0.0697
ST028,2017-03-31,16.57,5.03,0.134,0.367,0.378,535.0,0.1958
ST028,2017-04-07,0.0,14.46,0.229,0.367,0.378,535.0,0.0782
ST028,2017-04-14,0.0,8.9,0.157,0.367,0.378,535.0,0.0648
ST028,2017-04-21,0.0,13.31,0.335,0.367,0.378,535.0,0.103
ST028,2017-04-28,0.0,12.8,0.306,0.367,0.378,535.0,0.0744
ST028,2017-05-05,0.0,13.54,0.297,0.367,0.378,535.0,0.1284
ST028,2017-05-12,0.0,17.24,0.355,0.367,0.378,535.0,0.2137
ST028,2017-05-19,0.0,17.84,0.38,0.367,0.378,535.0,0.3297
ST028,2017-05-26,0.0,17.08,0.435,0.367,0.378,535.0,0.2716
ST028,2017-06-02,0.0,18.05,0.437,0.367,0.378,535.0,0.1953
ST028,2017-06-09,0.0,17.65,0.463,0.367,0.378,535.0,0.1336
ST028,2017-06-16,28.87,19.27,0.521,0.367,0.378,535.0,0.1679
ST028,2017-06-23,0.0,22.55,0.604,0.367,0.378,535.0,0.0664
ST028,2017-06-30,0.0,18.99,0.575,0.367,0.378,535.0,0.0622
ST028,2017-07-07,0.0,19.81,0.576,0.367,0.378,535.0,0.0678
ST028,2017-07-14,0.0,22.23,0.605,0.367,0.378,535.0,0.0617
ST028,2017-07-21,0.0,21.29,0.602,0.367,0.378,535.0,0.0573
ST028,2017-07-28,0.0,20.84,0.589,0.367,0.378,535.0,0.065
ST028,2017-08-04,0.0,19.0,0.655,0.367,0.378,535.0,0.0684
ST028,2017-08-11,0.0,20.72,0.654,0.367,0.378,535.0,0.0672
ST028,2017-08-18,0.0,25.23,0.597,0.367,0.378,535.0,0.0337
ST028,2017-08-25,0.0,17.82,0.598,0.367,0.378,535.0,0.0547
ST028,2017-09-01,0.0,15.62,0.64,0.367,0.378,535.0,0.0781
ST028,2017-09-08,0.0,16.58,0.667,0.367,0.378,535.0,0.0646
ST028,2017-09-15,0.0,16.97,0.57,0.367,0.378,535.0,0.0555
ST028,2017-09-22,7.51,12.72,0.517,0.367,0.378,535.0,0.0898
ST028,2017-09-29,0.0,11.05,0.54,0.367,0.378,535.0,0.049
ST028,2017-10-06,0.0,12.65,0.564,0.367,0.378,535.0,0.0661
ST028,2017-10-13,0.0,10.27,0.432,0.367,0.378,535.0,0.0581
ST028,2017-10-20,0.0,7.49,0.44,0.367,0.378,535.0,0.0657
ST028,2017-10-27,0.0,9.46,0.383,0.367,0.378,535.0,0.0523
ST028,2017-11-03,0.0,6.37,0.378,0.367,0.378,535.0,0.0536
ST028,2017-11-10,0.0,2.39,0.359,0.367,0.378,535.0,0.0484
ST028,2017-11-17,3.88,3.6,0.328,0.367,0.378,535.0,0.0779
ST028,2017-11-24,0.0,0.03,0.216,0.367,0.378,535.0,0.0631
ST028,2017-12-01,0.0,-0.45,0.308,0.367,0.378,535.0,0.0684
ST028,2017-12-08,0.0,-2.38,0.232,0.367,0.378,535.0,0.0553
ST028,2017-12-15,4.24,-0.87,0.194,0.367,0.378,535.0,0.0681
ST028,2017-12-22,0.0,-1.35,0.165,0.367,0.378,535.0,0.0569
ST028,2017-12-29,0.0,-1.54,0.114,0.367,0.378,535.0,0.06
ST028,2018-01-05,0.0,-0.6,0.101,0.367,0.378,535.0,0.0592
ST028,2018-01-12,0.0,0.45,0.069,0.367,0.378,535.0,0.0534
ST028,2018-01-19,0.0,-4.84,0.117,0.367,0.378,535.0,0.0643
ST028,2018-01-26,0.0,-4.24,0.081,0.367,0.378,535.0,0.069
ST028,2018-02-02,0.0,2.88,0.089,0.367,0.378,535.0,0.0588
ST028,2018-02-09,0.0,-4.52,0.06,0.367,0.378,535.0,0.0949
ST028,2018-02-16,0.87,-1.17,0.077,0.367,0.378,535.0,0.0953
ST028,2018-02-23,0.0,-4.52,0.103,0.367,0.378,535.0,0.0716
ST028,2018-03-02,0.0,1.84,0.1,0.367,0.378,535.0,0.176
ST028,2018-03-09,0.0,2.23,0.137,0.367,0.378,535.0,0.1439
ST028,2018-03-16,0.0,4.17,0.176,0.367,0.378,535.0,0.1413
ST028,2018-03-23,0.0,3.05,0.163,0.367,0.378,535.0,0.1999
ST028,2018-03-30,0.0,4.17,0.15,0.367,0.378,535.0,0.117
ST028,2018-04-06,14.81,7.82,0.186,0.367,0.378,535.0,0.1819
ST028,2018-04-13,0.0,6.54,0.263,0.367,0.378,535.0,0.122
ST028,2018-04-20,0.0,12.72,0.266,0.367,0.378,535.0,0.0697
ST028,2018-04-27,6.99,10.7,0.299,0.367,0.378,535.0,0.0858
ST028,2018-05-04,0.0,16.47,0.306,0.367,0.378,535.0,0.0673
ST028,2018-05-11,0.0,14.22,0.345,0.367,0.378,535.0,0.2079
ST028,2018-05-18,0.82,15.39,0.411,0.367,0.378,535.0,0.1458
ST028,2018-05-25,58.29,14.56,0.36,0.367,0.378,535.0,0.3696
ST028,2018-06-01,0.72,15.89,0.454,0.367,0.378,535.0,0.2257
ST028,2018-06-08,0.82,16.08,0.484,0.367,0.378,535.0,0.1528
ST028,2018-06-15,0.0,20.85,0.534,0.367,0.378,535.0,0.1367
ST028,2018-06-22,1.24,20.33,0.551,0.367,0.378,535.0,0.0834
ST028,2018-06-29,83.74,21.96,0.56,0.367,0.378,535.0,0.3715
ST028,2018-07-06,0.0,17.56,0.589,0.367,0.378,535.0,0.3555
ST028,2018-07-13,0.2,24.8,0.608,0.367,0.378,535.0,0.1295
ST028,2018-07-20,31.07,19.27,0.575,0.367,0.378,535.0,0.1761
ST028,2018-07-27,11.21,17.37,0.632,0.367,0.378,535.0,0.1869
ST028,2018-08-03,0.0,18.72,0.659,0.367,0.378,535.0,0.0619
ST028,2018-08-10,0.0,22.98,0.61,0.367,0.378,535.0,0.0634
ST028,2018-08-17,0.0,18.44,0.639,0.367,0.378,535.0,0.0522
ST028,2018-08-24,0.0,19.58,0.617,0.367,0.378,535.0,0.0469
ST028,2018-08-31,0.79,17.37,0.629,0.367,0.378,535.0,0.0909
ST028,2018-09-07,0.0,20.3,0.597,0.367,0.378,535.0,0.0682
ST028,2018-09-14,0.0,16.76,0.521,0.367,0.378,535.0,0.0641
ST028,2018-09-21,0.0,12.1,0.57,0.367,0.378,535.0,0.0543
ST028,2018-09-28,0.0,9.11,0.527,0.367,0.378,535.0,0.0599
ST028,2018-10-05,0.0,11.82,0.566,0.367,0.378,535.0,0.0771
ST028,2018-10-12,0.0,14.79,0.448,0.367,0.378,535.0,0.0515
ST028,2018-10-19,0.0,6.88,0.424,0.367,0.378,535.0,0.0632
ST028,2018-10-26,0.0,9.75,0.402,0.367,0.378,535.0,0.0606
ST028,2018-11-02,0.0,7.0,0.37,0.367,0.378,535.0,0.0385
ST028,2018-11-09,0.0,8.46,0.32,0.367,0.378,535.0,0.0534
ST028,2018-11-16,0.0,2.8,0.305,0.367,0.378,535.0,0.0695
ST028,2018-11-23,0.0,2.76,0.25,0.367,0.378,535.0,0.0531
ST028,2018-11-30,0.0,3.76,0.253,0.367,0.378,535.0,0.06
ST028,2018-12-07,0.0,5.51,0.203,0.367,0.378,535.0,0.0472
ST028,2018-12-14,0.0,2.84,0.191,0.367,0.378,535.0,0.0565
ST028,2018-12-21,2.34,-3.63,0.167,0.367,0.378,535.0,0.0715
ST028,2018-12-28,0.0,-3.16,0.192,0.367,0.378,535.0,0.0562
ST028,2019-01-04,0.0,-0.8,0.118,0.367,0.378,535.0,0.0619
ST028,2019-01-11,0.0,-1.39,0.091,0.367,0.378,535.0,0.0461
ST028,2019-01-18,0.0,-2.8,0.05,0.367,0.378,535.0,0.0821
ST028,2019-01-25,0.0,-0.85,0.05,0.367,0.378,535.0,0.0697
ST028,2019-02-01,0.0,-1.06,0.069,0.367,0.378,535.0,0.0583
ST028,2019-02-08,0.0,2.7,0.05,0.367,0.378,535.0,0.053
ST028,2019-02-15,0.0,1.59,0.061,0.367,0.378,535.0,0.0676
ST028,2019-02-22,0.0,-2.78,0.144,0.367,0.378,535.0,0.1124
ST028,2019-03-01,0.0,1.68,0.052,0.367,0.378,535.0,0.0897
ST028,2019-03-08,0.0,2.56,0.138,0.367,0.378,535.0,0.1253
ST028,2019-03-15,1.24,4.99,0.136,0.367,0.378,535.0,0.1322
ST028,2019-03-22,0.0,0.89,0.14,0.367,0.378,535.0,0.0914
ST028,2019-03-29,0.0,7.27,0.143,0.367,0.378,535.0,0.0896
ST028,2019-04-05,0.0,9.23,0.152,0.367,0.378,535.0,0.1337
ST028,2019-04-12,50.92,10.36,0.25,0.367,0.378,535.0,0.3499
ST028,2019-04-19,3.26,9.82,0.243,0.367,0.378,535.0,0.2861
ST028,2019-04-26,0.0,13.19,0.281,0.367,0.378,535.0,0.2484
ST028,2019-05-03,0.0,14.69,0.326,0.367,0.378,535.0,0.1244
ST028,2019-05-10,1.62,13.91,0.348,0.367,0.378,535.0,0.0887
ST028,2019-05-17,0.0,16.45,0.368,0.367,0.378,535.0,0.126
ST028,2019-05-24,0.0,17.97,0.364,0.367,0.378,535.0,0.1814
ST028,2019-05-31,0.0,17.48,0.517,0.367,0.378,535.0,0.0814
ST028,2019-06-07,0.0,17.36,0.537,0.367,0.378,535.0,0.2194
ST028,2019-06-14,8.91,17.89,0.503,0.367,0.378,535.0,0.1801
ST028,2019-06-21,0.0,18.89,0.589,0.367,0.378,535.0,0.1124
ST028,2019-06-28,0.0,22.3,0.545,0.367,0.378,535.0,0.0552
ST028,2019-07-05,0.0,23.22,0.572,0.367,0.378,535.0,0.1973
ST028,2019-07-12,6.29,21.39,0.59,0.367,0.378,535.0,0.1012
ST028,2019-07-19,0.0,17.74,0.603,0.367,0.378,535.0,0.0473
ST028,2019-07-26,0.0,23.6,0.549,0.367,0.378,535.0,0.0426
ST028,2019-08-02,0.0,23.28,0.634,0.367,0.378,535.0,0.1467
ST028,2019-08-09,0.0,15.17,0.597,0.367,0.378,535.0,0.0684
ST028,2019-08-16,0.0,22.66,0.645,0.367,0.378,535.0,0.0959
ST028,2019-08-23,0.0,18.09,0.613,0.367,0.378,535.0,0.0545
ST028,2019-08-30,0.0,17.12,0.618,0.367,0.378,535.0,0.0668
ST028,2019-09-06,0.0,14.7,0.573,0.367,0.378,535.0,0.0644
ST028,2019-09-13,1.25,13.11,0.587,0.367,0.378,535.0,0.0597
ST028,2019-09-20,8.26,13.23,0.537,0.367,0.378,535.0,0.0779
ST028,2019-09-27,0.0,12.43,0.503,0.367,0.378,535.0,0.0472
ST028,2019-10-04,0.0,10.8,0.516,0.367,0.378,535.0,0.049
ST028,2019-10-11,0.0,7.82,0.494,0.367,0.378,535.0,0.0558
ST028,2019-10-18,2.99,7.54,0.423,0.367,0.378,535.0,0.0613
ST028,2019-10-25,0.0,5.18,0.429,0.367,0.378,535.0,0.0544
ST028,2019-11-01,0.0,7.22,0.366,0.367,0.378,535.0,0.0588
ST028,2019-11-08,0.0,4.96,0.333,0.367,0.378,535.0,0.0558
ST028,2019-11-15,0.0,1.15,0.3,0.367,0.378,535.0,0.0585
ST028,2019-11-22,0.0,3.08,0.286,0.367,0.378,535.0,0.0539
ST028,2019-11-29,0.0,0.97,0.252,0.367,0.378,535.0,0.0664
ST028,2019-12-06,0.0,-0.12,0.274,0.367,0.378,535.0,0.0501
ST028,2019-12-13,0.0,-1.13,0.194,0.367,0.378,535.0,0.0473
ST028,2019-12-20,0.0,1.89,0.166,0.367,0.378,535.0,0.0633
ST028,2019-12-27,0.0,2.34,0.147,0.367,0.378,535.0,0.059
ST028,2020-01-03,0.0,-3.15,0.154,0.367,0.378,535.0,0.0875
ST028,2020-01-10,0.0,-2.76,0.118,0.367,0.378,535.0,0.0574
ST028,2020-01-17,0.0,0.79,0.082,0.367,0.378,535.0,0.1018
ST028,2020-01-24,6.78,1.27,0.091,0.367,0.378,535.0,0.1485
ST028,2020-01-31,0.0,-1.63,0.05,0.367,0.378,535.0,0.121
ST028,2020-02-07,0.0,-0.61,0.071,0.367,0.378,535.0,0.1049
ST028,2020-02-14,0.0,3.06,0.05,0.367,0.378,535.0,0.077
ST028,2020-02-21,0.0,3.53,0.05,0.367,0.378,535.0,0.0651
ST028,2020-02-28,0.0,0.11,0.084,0.367,0.378,535.0,0.0551
ST028,2020-03-06,0.0,-3.08,0.101,0.367,0.378,535.0,0.1065
ST028,2020-03-13,0.0,4.3,0.08,0.367,0.378,535.0,0.0734
ST028,2020-03-20,1.62,5.1,0.151,0.367,0.378,535.0,0.1069
ST028,2020-03-27,0.0,2.35,0.135,0.367,0.378,535.0,0.0767
ST028,2020-04-03,0.0,2.98,0.228,0.367,0.378,535.0,0.0492
ST028,2020-04-10,0.0,11.73,0.295,0.367,0.378,535.0,0.1177
ST028,2020-04-17,0.0,16.47,0.269,0.367,0.378,535.0,0.2046
ST028,2020-04-24,0.0,11.05,0.288,0.367,0.378,535.0,0.2108
ST028,2020-05-01,0.0,13.47,0.314,0.367,0.378,535.0,0.1025
ST028,2020-05-08,11.95,10.89,0.3,0.367,0.378,535.0,0.3787
ST028,2020-05-15,4.1,16.16,0.368,0.367,0.378,535.0,0.1843
ST028,2020-05-22,0.0,19.82,0.45,0.367,0.378,535.0,0.1834
ST028,2020-05-29,0.0,16.58,0.346,0.367,0.378,535.0,0.082
ST028,2020-06-05,0.0,21.03,0.454,0.367,0.378,535.0,0.0623
ST028,2020-06-12,0.0,17.77,0.487,0.367,0.378,535.0,0.0576
ST028,2020-06-19,33.63,22.94,0.512,0.367,0.378,535.0,0.1739
ST028,2020-06-26,0.0,18.59,0.504,0.367,0.378,535.0,0.0585
ST028,2020-07-03,0.0,20.28,0.601,0.367,0.378,535.0,0.0529
ST028,2020-07-10,1.08,22.3,0.597,0.367,0.378,535.0,0.0562
ST028,2020-07-17,0.0,20.23,0.626,0.367,0.378,535.0,0.1336
ST028,2020-07-24,0.0,19.01,0.631,0.367,0.378,535.0,0.0563
ST028,2020-07-31,0.0,17.03,0.624,0.367,0.378,535.0,0.0468
ST028,2020-08-07,0.0,18.77,0.636,0.367,0.378,535.0,0.0468
ST028,2020-08-14,21.13,20.9,0.594,0.367,0.378,535.0,0.133
ST028,2020-08-21,0.0,14.68,0.664,0.367,0.378,535.0,0.0594
ST028,2020-08-28,0.0,16.91,0.624,0.367,0.378,535.0,0.0589
ST028,2020-09-04,0.0,16.14,0.57,0.367,0.378,535.0,0.0687
ST028,2020-09-11,0.0,14.75,0.621,0.367,0.378,535.0,0.0594
ST028,2020-09-18,0.0,14.17,0.549,0.367,0.378,535.0,0.053
ST028,2020-09-25,0.0,12.81,0.526,0.367,0.378,535.0,0.0631
ST028,2020-10-02,1.05,16.26,0.524,0.367,0.378,535.0,0.0902
ST028,2020-10-09,0.0,9.44,0.494,0.367,0.378,535.0,0.0667
ST028,2020-10-16,0.0,10.55,0.431,0.367,0.378,535.0,0.0603
ST028,2020-10-23,0.0,4.22,0.377,0.367,0.378,535.0,0.0449
ST028,2020-10-30,0.0,7.74,0.391,0.367,0.378,535.0,0.049
ST028,2020-11-06,0.0,7.87,0.36,0.367,0.378,535.0,0.0508
ST028,2020-11-13,0.0,2.68,0.312,0.367,0.378,535.0,0.0557
ST028,2020-11-20,0.0,3.36,0.273,0.367,0.378,535.0,0.0536
ST028,2020-11-27,0.0,4.73,0.262,0.367,0.378,535.0,0.0461
ST028,2020-12-04,0.0,-1.99,0.181,0.367,0.378,535.0,0.0614
ST028,2020-12-11,0.0,3.39,0.171,0.367,0.378,535.0,0.0714
ST028,2020-12-18,0.0,2.43,0.194,0.367,0.378,535.0,0.0621
ST028,2020-12-25,0.0,2.26,0.164,0.367,0.378,535.0,0.043
ST029,2016-01-01,0.0,-9.06,0.242,0.252,0.159,1455.9,0.2785
ST029,2016-01-08,0.0,-4.9,0.153,0.252,0.159,1455.9,0.1411
ST029,2016-01-15,0.0,-6.89,0.138,0.252,0.159,1455.9,0.0712
ST029,2016-01-22,0.0,-8.35,0.102,0.252,0.159,1455.9,0.0582
ST029,2016-01-29,0.0,-7.97,0.153,0.252,0.159,1455.9,0.079
ST029,2016-02-05,0.0,-6.25,0.165,0.252,0.159,1455.9,0.0457
ST029,2016-02-12,0.0,-4.04,0.104,0.252,0.159,1455.9,0.0375
ST029,2016-02-19,0.0,-8.14,0.103,0.252,0.159,1455.9,0.0702
ST029,2016-02-26,0.0,-3.88,0.084,0.252,0.159,1455.9,0.0849
ST029,2016-03-04,0.0,-5.73,0.135,0.252,0.159,1455.9,0.0527
ST029,2016-03-11,0.0,-3.52,0.175,0.252,0.159,1455.9,0.0554
ST029,2016-03-18,0.0,-1.0,0.125,0.252,0.159,1455.9,0.1018
ST029,2016-03-25,13.33,0.28,0.257,0.252,0.159,1455.9,0.2267
ST029,2016-04-01,0.0,-1.52,0.246,0.252,0.159,1455.9,0.1248
ST029,2016-04-08,0.0,1.87,0.216,0.252,0.159,1455.9,0.0804
ST029,2016-04-15,0.0,7.3,0.22,0.252,0.159,1455.9,0.0878
ST029,2016-04-22,0.0,6.79,0.276,0.252,0.159,1455.9,0.1045
ST029,2016-04-29,0.0,6.28,0.304,0.252,0.159,1455.9,0.1241
ST029,2016-05-06,0.0,7.55,0.392,0.252,0.159,1455.9,0.0272
ST029,2016-05-13,14.04,11.12,0.362,0.252,0.159,1455.9,0.1093
ST029,2016-05-20,0.0,9.57,0.346,0.252,0.159,1455.9,0.3685
ST029,2016-05-27,28.56,10.13,0.461,0.252,0.159,1455.9,0.4732
ST029,2016-06-03,16.97,9.3,0.443,0.252,0.159,1455.9,0.3769
ST029,2016-06-10,0.0,8.59,0.455,0.252,0.159,1455.9,0.2022
ST029,2016-06-17,0.0,13.7,0.495,0.252,0.159,1455.9,0.0807
ST029,2016-06-24,49.28,13.18,0.446,0.252,0.159,1455.9,0.4614
ST029,2016-07-01,0.0,11.58,0.505,0.252,0.159,1455.9,0.1584
ST029,2016-07-08,19.85,14.19,0.458,0.252,0.159,1455.9,0.194
ST029,2016-07-15,0.0,16.2,0.538,0.252,0.159,1455.9,0.1145
ST029,2016-07-22,0.0,15.85,0.514,0.252,0.159,1455.9,0.02
ST029,2016-07-29,0.0,13.88,0.563,0.252,0.159,1455.9,0.0667
ST029,2016-08-05,17.59,16.46,0.566,0.252,0.159,1455.9,0.1384
ST029,2016-08-12,5.86,13.21,0.615,0.252,0.159,1455.9,0.0442
ST029,2016-08-19,0.0,15.64,0.574,0.252,0.159,1455.9,0.0455
ST029,2016-08-26,0.0,6.64,0.512,0.252,0.159,1455.9,0.0263
ST029,2016-09-02,0.0,10.87,0.542,0.252,0.159,1455.9,0.0735
ST029,2016-09-09,2.91,11.72,0.517,0.252,0.159,1455.9,0.0569
ST029,2016-09-16,0.0,8.3,0.522,0.252,0.159,1455.9,0.1038
ST029,2016-09-23,0.0,4.96,0.473,0.252,0.159,1455.9,0.0562
ST029,2016-09-30,11.49,6.45,0.468,0.252,0.159,1455.9,0.1025
ST029,2016-10-07,0.0,5.11,0.502,0.252,0.159,1455.9,0.0532
ST029,2016-10-14,0.0,0.74,0.443,0.252,0.159,1455.9,0.064
ST029,2016-10-21,0.0,6.42,0.42,0.252,0.159,1455.9,0.0564
ST029,2016-10-28,0.0,-0.33,0.346,0.252,0.159,1455.9,0.0382
ST029,2016-11-04,0.0,-4.67,0.384,0.252,0.159,1455.9,0.0345
ST029,2016-11-11,0.0,-4.87,0.349,0.252,0.159,1455.9,0.0325
ST029,2016-11-18,0.0,-2.77,0.316,0.252,0.159,1455.9,0.0537
ST029,2016-11-25,0.0,0.69,0.343,0.252,0.159,1455.9,0.0502
ST029,2016-12-02,0.0,-2.19,0.295,0.252,0.159,1455.9,0.042
ST029,2016-12-09,0.0,-6.31,0.216,0.252,0.159,1455.9,0.0534
ST029,2016-12-16,0.0,-4.31,0.243,0.252,0.159,1455.9,0.046
ST029,2016-12-23,0.0,-7.08,0.171,0.252,0.159,1455.9,0.0865
ST029,2016-12-30,4.98,-5.25,0.165,0.252,0.159,1455.9,0.0787
ST029,2017-01-06,0.0,-2.16,0.113,0.252,0.159,1455.9,0.042
ST029,2017-01-13,0.0,-6.53,0.13,0.252,0.159,1455.9,0.0335
ST029,2017-01-20,0.0,-9.8,0.084,0.252,0.159,1455.9,0.0337
ST029,2017-01-27,0.0,-0.43,0.18,0.252,0.159,1455.9,0.02
ST029,2017-02-03,0.0,-6.46,0.124,0.252,0.159,1455.9,0.0797
ST029,2017-02-10,0.0,-6.03,0.149,0.252,0.159,1455.9,0.0469
ST029,2017-02-17,0.0,0.16,0.149,0.252,0.159,1455.9,0.0371
ST029,2017-02-24,0.0,-7.05,0.132,0.252,0.159,1455.9,0.043
ST029,2017-03-03,0.0,-0.7,0.129,0.252,0.159,1455.9,0.1645
ST029,2017-03-10,0.0,-3.76,0.129,0.252,0.159,1455.9,0.0785
ST029,2017-03-17,0.0,-1.26,0.171,0.252,0.159,1455.9,0.1052
ST029,2017-03-24,0.0,-0.27,0.227,0.252,0.159,1455.9,0.0771
ST029,2017-03-31,41.58,-1.57,0.23,0.252,0.159,1455.9,0.2849
ST029,2017-04-07,0.0,2.28,0.24,0.252,0.159,1455.9,0.2261
ST029,2017-04-14,0.0,2.71,0.229,0.252,0.159,1455.9,0.2159
ST029,2017-04-21,0.0,4.81,0.224,0.252,0.159,1455.9,0.1175
ST029,2017-04-28,0.0,4.22,0.336,0.252,0.159,1455.9,0.1868
ST029,2017-05-05,0.0,8.12,0.332,0.252,0.159,1455.9,0.146
ST029,2017-05-12,0.0,3.3,0.342,0.252,0.159,1455.9,0.3538
ST029,2017-05-19,10.39,9.39,0.402,0.252,0.159,1455.9,0.312
ST029,2017-05-26,0.0,12.09,0.443,0.252,0.159,1455.9,0.1358
ST029,2017-06-02,53.23,12.46,0.447,0.252,0.159,1455.9,0.4446
ST029,2017-06-09,1.95,12.86,0.455,0.252,0.159,1455.9,0.2274
ST029,2017-06-16,0.0,14.88,0.506,0.252,0.159,1455.9,0.1521
ST029,2017-06-23,0.0,12.09,0.53,0.252,0.159,1455.9,0.3908
ST029,2017-06-30,0.0,17.43,0.495,0.252,0.159,1455.9,0.2888
ST029,2017-07-07,0.0,17.12,0.526,0.252,0.159,1455.9,0.1677
ST029,2017-07-14,34.26,13.79,0.546,0.252,0.159,1455.9,0.2584
ST029,2017-07-21,0.0,15.53,0.563,0.252,0.159,1455.9,0.091
ST029,2017-07-28,0.0,12.67,0.591,0.252,0.159,1455.9,0.0259
ST029,2017-08-04,4.4,15.87,0.538,0.252,0.159,1455.9,0.0745
ST029,2017-08-11,0.0,13.56,0.525,0.252,0.159,1455.9,0.0471
ST029,2017-08-18,11.43,10.78,0.555,0.252,0.159,1455.9,0.2838
ST029,2017-08-25,0.0,9.09,0.59,0.252,0.159,1455.9,0.0878
ST029,2017-09-01,0.0,11.23,0.558,0.252,0.159,1455.9,0.0319
ST029,2017-09-08,0.0,12.03,0.558,0.252,0.159,1455.9,0.049
ST029,2017-09-15,0.0,8.23,0.458,0.252,0.159,1455.9,0.0957
ST029,2017-09-22,0.0,8.25,0.512,0.252,0.159,1455.9,0.0614
ST029,2017-09-29,0.81,3.4,0.538,0.252,0.159,1455.9,0.0268
ST029,2017-10-06,0.0,3.93,0.433,0.252,0.159,1455.9,0.0469
ST029,2017-10-13,0.0,-0.26,0.424,0.252,0.159,1455.9,0.0288
ST029,2017-10-20,0.0,5.08,0.424,0.252,0.159,1455.9,0.0308
ST029,2017-10-27,0.0,3.07,0.356,0.252,0.159,1455.9,0.0393
ST029,2017-11-03,0.0,-0.33,0.397,0.252,0.159,1455.9,0.0462
ST029,2017-11-10,0.0,-4.13,0.403,0.252,0.159,1455.9,0.0876
ST029,2017-11-17,0.0,-1.62,0.367,0.252,0.159,1455.9,0.0577
ST029,2017-11-24,0.0,-3.0,0.299,0.252,0.159,1455.9,0.131
ST029,2017-12-01,0.0,-5.33,0.218,0.252,0.159,1455.9,0.0526
ST029,2017-12-08,0.0,-6.08,0.221,0.252,0.159,1455.9,0.039
ST029,2017-12-15,0.0,-2.8,0.19,0.252,0.159,1455.9,0.0382
ST029,2017-12-22,0.0,-7.1,0.193,0.252,0.159,1455.9,0.0432
ST029,2017-12-29,0.0,-11.87,0.221,0.252,0.159,1455.9,0.0358
ST029,2018-01-05,0.0,-4.79,0.183,0.252,0.159,1455.9,0.0548
ST029,2018-01-12,0.0,-8.3,0.144,0.252,0.159,1455.9,0.1324
ST029,2018-01-19,0.0,-7.67,0.136,0.252,0.159,1455.9,0.0879
ST029,2018-01-26,0.0,-10.03,0.134,0.252,0.159,1455.9,0.1971
ST029,2018-02-02,0.0,-6.65,0.101,0.252,0.159,1455.9,0.1699
ST029,2018-02-09,2.59,-6.2,0.151,0.252,0.159,1455.9,0.087
ST029,2018-02-16,0.0,-4.07,0.103,0.252,0.159,1455.9,0.0691
ST029,2018-02-23,7.23,-2.73,0.121,0.252,0.159,1455.9,0.0721
ST029,2018-03-02,8.92,-5.48,0.146,0.252,0.159,1455.9,0.118
ST029,2018-03-09,0.0,-4.21,0.229,0.252,0.159,1455.9,0.084
ST029,2018-03-16,3.23,-1.28,0.191,0.252,0.159,1455.9,0.0982
ST029,2018-03-23,0.0,-1.48,0.181,0.252,0.159,1455.9,0.0854
ST029,2018-03-30,0.0,0.89,0.209,0.252,0.159,1455.9,0.1336
ST029,2018-04-06,0.0,4.9,0.214,0.252,0.159,1455.9,0.0994
ST029,2018-04-13,0.0,5.62,0.284,0.252,0.159,1455.9,0.2376
ST029,2018-04-20,0.0,3.02,0.244,0.252,0.159,1455.9,0.091
ST029,2018-04-27,0.0,6.34,0.29,0.252,0.159,1455.9,0.0863
ST029,2018-05-04,0.0,3.39,0.299,0.252,0.159,1455.9,0.1022
ST029,2018-05-11,0.0,11.07,0.334,0.252,0.159,1455.9,0.1663
ST029,2018-05-18,2.72,9.58,0.393,0.252,0.159,1455.9,0.1775
ST029,2018-05-25,0.0,9.54,0.316,0.252,0.159,1455.9,0.1176
ST029,2018-06-01,0.0,15.1,0.438,0.252,0.159,1455.9,0.0853
ST029,2018-06-08,0.0,17.47,0.475,0.252,0.159,1455.9,0.02
ST029,2018-06-15,35.27,15.04,0.462,0.252,0.159,1455.9,0.2705
ST029,2018-06-22,0.0,15.14,0.514,0.252,0.159,1455.9,0.1951
ST029,2018-06-29,0.0,12.63,0.518,0.252,0.159,1455.9,0.2407
ST029,2018-07-06,18.42,15.49,0.54,0.252,0.159,1455.9,0.218
ST029,2018-07-13,0.0,12.37,0.527,0.252,0.159,1455.9,0.1044
ST029,2018-07-20,27.52,17.17,0.603,0.252,0.159,1455.9,0.212
ST029,2018-07-27,0.0,16.14,0.588,0.252,0.159,1455.9,0.0915
ST029,2018-08-03,0.0,10.17,0.588,0.252,0.159,1455.9,0.0225
ST029,2018-08-10,0.0,12.13,0.604,0.252,0.159,1455.9,0.0392
ST029,2018-08-17,0.0,14.99,0.532,0.252,0.159,1455.9,0.0349
ST029,2018-08-24,0.0,13.86,0.592,0.252,0.159,1455.9,0.0675
ST029,2018-08-31,0.0,11.23,0.514,0.252,0.159,1455.9,0.1038
ST029,2018-09-07,0.0,11.48,0.549,0.252,0.159,1455.9,0.2514
ST029,2018-09-14,0.0,10.43,0.512,0.252,0.159,1455.9,0.092
ST029,2018-09-21,0.0,11.66,0.51,0.252,0.159,1455.9,0.02
ST029,2018-09-28,0.0,2.46,0.491,0.252,0.159,1455.9,0.0522
ST029,2018-10-05,0.0,7.86,0.528,0.252,0.159,1455.9,0.0484
ST029,2018-10-12,0.0,3.78,0.456,0.252,0.159,1455.9,0.0423
ST029,2018-10-19,0.0,3.78,0.468,0.252,0.159,1455.9,0.0393
ST029,2018-10-26,0.0,2.44,0.468,0.252,0.159,1455.9,0.0608
ST029,2018-11-02,0.0,-1.38,0.302,0.252,0.159,1455.9,0.0476
ST029,2018-11-09,0.0,-0.46,0.353,0.252,0.159,1455.9,0.0405
ST029,2018-11-16,0.0,-3.09,0.35,0.252,0.159,1455.9,0.1177
ST029,2018-11-23,0.0,-2.04,0.264,0.252,0.159,1455.9,0.0812
ST029,2018-11-30,0.0,-2.73,0.271,0.252,0.159,1455.9,0.0723
ST029,2018-12-07,0.0,-6.47,0.269,0.252,0.159,1455.9,0.0534
ST029,2018-12-14,0.0,-8.75,0.168,0.252,0.159,1455.9,0.0511
ST029,2018-12-21,0.0,-9.05,0.185,0.252,0.159,1455.9,0.0406
ST029,2018-12-28,0.0,-6.67,0.136,0.252,0.159,1455.9,0.042
ST029,2019-01-04,0.0,-9.92,0.221,0.252,0.159,1455.9,0.0381
ST029,2019-01-11,0.0,-5.08,0.087,0.252,0.159,1455.9,0.0262
ST029,2019-01-18,0.0,-2.95,0.09,0.252,0.159,1455.9,0.0313
ST029,2019-01-25,0.0,-8.05,0.201,0.252,0.159,1455.9,0.0394
ST029,2019-02-01,0.0,-3.65,0.124,0.252,0.159,1455.9,0.0308
ST029,2019-02-08,0.0,-9.08,0.072,0.252,0.159,1455.9,0.0492
ST029,2019-02-15,0.0,-7.25,0.167,0.252,0.159,1455.9,0.083
ST029,2019-02-22,2.97,-5.09,0.171,0.252,0.159,1455.9,0.1497
ST029,2019-03-01,0.0,-1.5,0.131,0.252,0.159,1455.9,0.0818
ST029,2019-03-08,0.16,-3.87,0.147,0.252,0.159,1455.9,0.1352
ST029,2019-03-15,0.0,-0.28,0.143,0.252,0.159,1455.9,0.0804
ST029,2019-03-22,0.0,-4.2,0.183,0.252,0.159,1455.9,0.0437
ST029,2019-03-29,0.0,0.65,0.194,0.252,0.159,1455.9,0.0227
ST029,2019-04-05,0.0,2.77,0.212,0.252,0.159,1455.9,0.0793
ST029,2019-04-12,0.0,5.09,0.198,0.252,0.159,1455.9,0.1227
ST029,2019-04-19,0.0,3.11,0.315,0.252,0.159,1455.9,0.2158
ST029,2019-04-26,18.82,3.15,0.286,0.252,0.159,1455.9,0.2442
ST029,2019-05-03,0.0,6.51,0.334,0.252,0.159,1455.9,0.2613
ST029,2019-05-10,0.0,11.18,0.347,0.252,0.159,1455.9,0.1773
ST029,2019-05-17,0.0,7.68,0.377,0.252,0.159,1455.9,0.0764
ST029,2019-05-24,0.0,13.56,0.402,0.252,0.159,1455.9,0.0502
ST029,2019-05-31,2.1,9.95,0.41,0.252,0.159,1455.9,0.0875
ST029,2019-06-07,6.2,17.14,0.482,0.252,0.159,1455.9,0.0782
ST029,2019-06-14,0.0,11.94,0.494,0.252,0.159,1455.9,0.0865
ST029,2019-06-21,0.0,15.02,0.481,0.252,0.159,1455.9,0.2563
ST029,2019-06-28,0.0,11.83,0.499,0.252,0.159,1455.9,0.1581
ST029,2019-07-05,0.0,13.9,0.541,0.252,0.159,1455.9,0.0384
ST029,2019-07-12,0.0,11.94,0.564,0.252,0.159,1455.9,0.0569
ST029,2019-07-19,0.0,14.42,0.564,0.252,0.159,1455.9,0.2088
ST029,2019-07-26,0.0,14.59,0.561,0.252,0.159,1455.9,0.1846
ST029,2019-08-02,0.0,12.29,0.589,0.252,0.159,1455.9,0.0569
ST029,2019-08-09,0.0,13.5,0.57,0.252,0.159,1455.9,0.0417
ST029,2019-08-16,0.0,12.12,0.674,0.252,0.159,1455.9,0.108
ST029,2019-08-23,0.0,11.44,0.573,0.252,0.159,1455.9,0.0403
ST029,2019-08-30,0.0,10.17,0.564,0.252,0.159,1455.9,0.0282
ST029,2019-09-06,0.0,9.4,0.541,0.252,0.159,1455.9,0.0316
ST029,2019-09-13,0.0,7.67,0.503,0.252,0.159,1455.9,0.057
ST029,2019-09-20,0.0,5.97,0.528,0.252,0.159,1455.9,0.0575
ST029,2019-09-27,3.68,6.33,0.504,0.252,0.159,1455.9,0.042
ST029,2019-10-04,0.0,5.57,0.464,0.252,0.159,1455.9,0.0405
ST029,2019-10-11,2.84,2.86,0.488,0.252,0.159,1455.9,0.1284
ST029,2019-10-18,0.0,3.6,0.476,0.252,0.159,1455.9,0.0673
ST029,2019-10-25,0.0,2.22,0.384,0.252,0.159,1455.9,0.0392
ST029,2019-11-01,0.0,0.33,0.422,0.252,0.159,1455.9,0.0355
ST029,2019-11-08,0.0,-0.81,0.367,0.252,0.159,1455.9,0.0376
ST029,2019-11-15,0.0,-3.26,0.322,0.252,0.159,1455.9,0.0349
ST029,2019-11-22,0.0,-6.84,0.264,0.252,0.159,1455.9,0.035
ST029,2019-11-29,0.0,-7.92,0.274,0.252,0.159,1455.9,0.0298
ST029,2019-12-06,0.0,-3.51,0.214,0.252,0.159,1455.9,0.0347
ST029,2019-12-13,0.0,-3.47,0.252,0.252,0.159,1455.9,0.0466
ST029,2019-12-20,0.0,-5.12,0.209,0.252,0.159,1455.9,0.0703
ST029,2019-12-27,0.0,-6.37,0.208,0.252,0.159,1455.9,0.0421
ST029,2020-01-03,0.0,-6.47,0.162,0.252,0.159,1455.9,0.0248
ST029,2020-01-10,0.0,-7.4,0.232,0.252,0.159,1455.9,0.0601
ST029,2020-01-17,0.0,-10.69,0.122,0.252,0.159,1455.9,0.0558
ST029,2020-01-24,0.0,-4.58,0.159,0.252,0.159,1455.9,0.0628
ST029,2020-01-31,0.0,-3.89,0.077,0.252,0.159,1455.9,0.0446
ST029,2020-02-07,0.0,-6.13,0.141,0.252,0.159,1455.9,0.0572
ST029,2020-02-14,0.67,-5.7,0.144,0.252,0.159,1455.9,0.0532
ST029,2020-02-21,0.0,-4.53,0.097,0.252,0.159,1455.9,0.0989
ST029,2020-02-28,0.0,-5.57,0.156,0.252,0.159,1455.9,0.0529
ST029,2020-03-06,0.0,0.18,0.168,0.252,0.159,1455.9,0.0637
ST029,2020-03-13,0.0,-0.2,0.196,0.252,0.159,1455.9,0.0817
ST029,2020-03-20,0.0,-1.05,0.141,0.252,0.159,1455.9,0.0794
ST029,2020-03-27,0.0,1.54,0.206,0.252,0.159,1455.9,0.0736
ST029,2020-04-03,14.67,6.58,0.286,0.252,0.159,1455.9,0.1737
ST029,2020-04-10,0.0,0.69,0.278,0.252,0.159,1455.9,0.1191
ST029,2020-04-17,8.1,5.74,0.241,0.252,0.159,1455.9,0.0679
ST029,2020-04-24,0.0,5.92,0.268,0.252,0.159,1455.9,0.0389
ST029,2020-05-01,1.89,7.41,0.281,0.252,0.159,1455.9,0.0397
ST029,2020-05-08,0.0,7.07,0.34,0.252,0.159,1455.9,0.152
ST029,2020-05-15,0.0,8.83,0.38,0.252,0.159,1455.9,0.0276
ST029,2020-05-22,41.01,9.63,0.431,0.252,0.159,1455.9,0.2383
ST029,2020-05-29,0.0,11.35,0.362,0.252,0.159,1455.9,0.0911
ST029,2020-06-05,0.0,10.05,0.473,0.252,0.159,1455.9,0.2195
ST029,2020-06-12,0.0,11.39,0.402,0.252,0.159,1455.9,0.0607
ST029,2020-06-19,0.0,17.7,0.52,0.252,0.159,1455.9,0.1789
ST029,2020-06-26,0.0,15.88,0.492,0.252,0.159,1455.9,0.0499
ST029,2020-07-03,0.0,17.34,0.546,0.252,0.159,1455.9,0.0955
ST029,2020-07-10,3.61,12.7,0.527,0.252,0.159,1455.9,0.1336
ST029,2020-07-17,7.19,15.32,0.553,0.252,0.159,1455.9,0.0522
ST029,2020-07-24,0.0,15.83,0.571,0.252,0.159,1455.9,0.1129
ST029,2020-07-31,0.0,13.95,0.577,0.252,0.159,1455.9,0.1263
ST029,2020-08-07,0.6,13.46,0.637,0.252,0.159,1455.9,0.0401
ST029,2020-08-14,0.0,16.23,0.576,0.252,0.159,1455.9,0.1
ST029,2020-08-21,0.0,13.2,0.653,0.252,0.159,1455.9,0.0627
ST029,2020-08-28,0.0,15.35,0.556,0.252,0.159,1455.9,0.1111
ST029,2020-09-04,3.29,11.13,0.584,0.252,0.159,1455.9,0.0295
ST029,2020-09-11,0.0,10.69,0.485,0.252,0.159,1455.9,0.0364
ST029,2020-09-18,0.0,11.44,0.471,0.252,0.159,1455.9,0.0368
ST029,2020-09-25,7.04,10.73,0.49,0.252,0.159,1455.9,0.0583
ST029,2020-10-02,0.0,8.58,0.522,0.252,0.159,1455.9,0.0587
ST029,2020-10-09,0.0,7.12,0.439,0.252,0.159,1455.9,0.0382
ST029,2020-10-16,0.0,3.47,0.439,0.252,0.159,1455.9,0.0361
ST029,2020-10-23,0.0,1.12,0.409,0.252,0.159,1455.9,0.0317
ST029,2020-10-30,0.55,3.41,0.345,0.252,0.159,1455.9,0.0506
ST029,2020-11-06,0.0,0.27,0.395,0.252,0.159,1455.9,0.0426
ST029,2020-11-13,0.0,-5.59,0.262,0.252,0.159,1455.9,0.0485
ST029,2020-11-20,0.0,-1.1,0.34,0.252,0.159,1455.9,0.063
ST029,2020-11-27,0.0,-7.71,0.218,0.252,0.159,1455.9,0.0748
ST029,2020-12-04,0.0,-3.48,0.264,0.252,0.159,1455.9,0.046
ST029,2020-12-11,0.0,-4.09,0.262,0.252,0.159,1455.9,0.0577
ST029,2020-12-18,0.0,-7.48,0.207,0.252,0.159,1455.9,0.0302
ST029,2020-12-25,0.0,-8.68,0.254,0.252,0.159,1455.9,0.0659
ST030,2016-01-01,0.0,3.06,0.135,0.66,0.139,589.5,0.2486
ST030,2016-01-08,0.0,-1.39,0.12,0.66,0.139,589.5,0.1205
ST030,2016-01-15,9.83,-2.73,0.057,0.66,0.139,589.5,0.1167
ST030,2016-01-22,0.0,-3.98,0.093,0.66,0.139,589.5,0.0542
ST030,2016-01-29,0.0,-2.0,0.097,0.66,0.139,589.5,0.0509
ST030,2016-02-05,0.0,0.34,0.124,0.66,0.139,589.5,0.1613
ST030,2016-02-12,0.0,0.05,0.06,0.66,0.139,589.5,0.1136
ST030,2016-02-19,0.0,-1.65,0.11,0.66,0.139,589.5,0.0419
ST030,2016-02-26,0.0,2.06,0.066,0.66,0.139,589.5,0.02
ST030,2016-03-04,0.0,0.82,0.099,0.66,0.139,589.5,0.0407
ST030,2016-03-11,0.0,1.44,0.092,0.66,0.139,589.5,0.0329
ST030,2016-03-18,0.0,1.52,0.164,0.66,0.139,589.5,0.0892
ST030,2016-03-25,0.0,3.43,0.145,0.66,0.139,589.5,0.0506
ST030,2016-04-01,0.0,5.09,0.164,0.66,0.139,589.5,0.0449
ST030,2016-04-08,0.0,11.17,0.188,0.66,0.139,589.5,0.0759
ST030,2016-04-15,0.0,8.64,0.244,0.66,0.139,589.5,0.0292
ST030,2016-04-22,0.0,14.51,0.278,0.66,0.139,589.5,0.1811
ST030,2016-04-29,10.47,12.57,0.278,0.66,0.139,589.5,0.1494
ST030,2016-05-06,0.0,13.78,0.285,0.66,0.139,589.5,0.1662
ST030,2016-05-13,0.0,12.22,0.369,0.66,0.139,589.5,0.1761
ST030,2016-05-20,0.0,16.61,0.391,0.66,0.139,589.5,0.0453
ST030,2016-05-27,1.15,16.74,0.426,0.66,0.139,589.5,0.028
ST030,2016-06-03,0.0,16.02,0.539,0.66,0.139,589.5,0.1128
ST030,2016-06-10,0.0,18.21,0.466,0.66,0.139,589.5,0.1443
ST030,2016-06-17,0.0,19.82,0.525,0.66,0.139,589.5,0.1446
ST030,2016-06-24,10.05,21.22,0.576,0.66,0.139,589.5,0.2536
ST030,2016-07-01,2.92,21.33,0.563,0.66,0.139,589.5,0.1569
ST030,2016-07-08,24.0,21.17,0.603,0.66,0.139,589.5,0.4218
ST030,2016-07-15,0.0,20.6,0.536,0.66,0.139,589.5,0.1416
ST030,2016-07-22,0.0,16.51,0.593,0.66,0.139,589.5,0.0364
ST030,2016-07-29,0.0,19.62,0.612,0.66,0.139,589.5,0.0675
ST030,2016-08-05,0.0,17.28,0.616,0.66,0.139,589.5,0.0363
ST030,2016-08-12,0.0,18.25,0.615,0.66,0.139,589.5,0.0344
ST030,2016-08-19,16.27,21.71,0.615,0.66,0.139,589.5,0.1032
ST030,2016-08-26,0.0,16.52,0.59,0.66,0.139,589.5,0.0371
ST030,2016-09-02,0.0,19.03,0.61,0.66,0.139,589.5,0.0439
ST030,2016-09-09,6.31,20.0,0.571,0.66,0.139,589.5,0.0687
ST030,2016-09-16,0.0,15.58,0.562,0.66,0.139,589.5,0.0339
ST030,2016-09-23,0.0,12.9,0.528,0.66,0.139,589.5,0.0776
ST030,2016-09-30,0.0,11.01,0.541,0.66,0.139,589.5,0.036
ST030,2016-10-07,0.0,6.2,0.482,0.66,0.139,589.5,0.037
ST030,2016-10-14,0.0,7.09,0.441,0.66,0.139,589.5,0.0355
ST030,2016-10-21,0.0,8.88,0.427,0.66,0.139,589.5,0.1291
ST030,2016-10-28,0.0,7.0,0.393,0.66,0.139,589.5,0.0313
ST030,2016-11-04,0.0,1.21,0.381,0.66,0.139,589.5,0.0331
ST030,2016-11-11,17.81,5.06,0.377,0.66,0.139,589.5,0.1126
ST030,2016-11-18,0.0,3.31,0.267,0.66,0.139,589.5,0.0704
ST030,2016-11-25,0.0,1.0,0.264,0.66,0.139,589.5,0.0574
ST030,2016-12-02,0.0,2.31,0.254,0.66,0.139,589.5,0.0365
ST030,2016-12-09,0.0,1.81,0.17,0.66,0.139,589.5,0.1121
ST030,2016-12-16,0.0,-2.32,0.178,0.66,0.139,589.5,0.0535
ST030,2016-12-23,0.0,-0.29,0.187,0.66,0.139,589.5,0.032
ST030,2016-12-30,0.0,-1.06,0.121,0.66,0.139,589.5,0.0341
ST030,2017-01-06,0.0,-0.73,0.122,0.66,0.139,589.5,0.0316
ST030,2017-01-13,0.0,-4.11,0.122,0.66,0.139,589.5,0.0426
ST030,2017-01-20,0.0,-1.94,0.108,0.66,0.139,589.5,0.0668
ST030,2017-01-27,0.0,-2.37,0.081,0.66,0.139,589.5,0.0546
ST030,2017-02-03,0.0,-2.32,0.113,0.66,0.139,589.5,0.0993
ST030,2017-02-10,0.0,-1.14,0.087,0.66,0.139,589.5,0.0513
ST030,2017-02-17,0.0,-0.74,0.096,0.66,0.139,589.5,0.0531
ST030,2017-02-24,0.0,-2.36,0.117,0.66,0.139,589.5,0.0522
ST030,2017-03-03,0.0,1.74,0.156,0.66,0.139,589.5,0.0639
ST030,2017-03-10,0.0,3.45,0.095,0.66,0.139,589.5,0.1589
ST030,2017-03-17,0.0,7.65,0.119,0.66,0.139,589.5,0.0612
ST030,2017-03-24,0.0,7.99,0.127,0.66,0.139,589.5,0.0394
ST030,2017-03-31,0.0,4.33,0.166,0.66,0.139,589.5,0.0491
ST030,2017-04-07,0.0,5.97,0.24,0.66,0.139,589.5,0.147
ST030,2017-04-14,5.98,4.98,0.26,0.66,0.139,589.5,0.1441
ST030,2017-04-21,35.84,7.67,0.278,0.66,0.139,589.5,0.3644
ST030,2017-04-28,5.49,8.34,0.299,0.66,0.139,589.5,0.3087
ST030,2017-05-05,3.19,12.03,0.274,0.66,0.139,589.5,0.1066
ST030,2017-05-12,7.03,13.88,0.382,0.66,0.139,589.5,0.1181
ST030,2017-05-19,3.92,16.69,0.364,0.66,0.139,589.5,0.0669
ST030,2017-05-26,14.1,18.7,0.426,0.66,0.139,589.5,0.0815
ST030,2017-06-02,0.0,19.81,0.469,0.66,0.139,589.5,0.1403
ST030,2017-06-09,0.0,16.66,0.479,0.66,0.139,589.5,0.1592
ST030,2017-06-16,0.0,23.38,0.541,0.66,0.139,589.5,0.2807
ST030,2017-06-23,0.0,19.57,0.575,0.66,0.139,589.5,0.0871
ST030,2017-06-30,8.01,22.0,0.578,0.66,0.139,589.5,0.064
ST030,2017-07-07,7.85,16.95,0.592,0.66,0.139,589.5,0.2213
ST030,2017-07-14,0.0,21.35,0.603,0.66,0.139,589.5,0.0924
ST030,2017-07-21,17.48,22.04,0.578,0.66,0.139,589.5,0.1147
ST030,2017-07-28,11.37,23.21,0.622,0.66,0.139,589.5,0.0749
ST030,2017-08-04,0.0,21.77,0.632,0.66,0.139,589.5,0.0456
ST030,2017-08-11,0.0,22.53,0.583,0.66,0.139,589.5,0.0342
ST030,2017-08-18,7.23,19.99,0.609,0.66,0.139,589.5,0.0758
ST030,2017-08-25,0.0,18.05,0.588,0.66,0.139,589.5,0.0734
ST030,2017-09-01,0.0,17.22,0.643,0.66,0.139,589.5,0.0272
ST030,2017-09-08,0.0,14.28,0.581,0.66,0.139,589.5,0.0525
ST030,2017-09-15,0.0,18.15,0.558,0.66,0.139,589.5,0.0221
ST030,2017-09-22,0.0,14.19,0.567,0.66,0.139,589.5,0.0413
ST030,2017-09-29,0.0,12.66,0.499,0.66,0.139,589.5,0.0395
ST030,2017-10-06,0.0,13.03,0.475,0.66,0.139,589.5,0.0284
ST030,2017-10-13,0.0,10.45,0.485,0.66,0.139,589.5,0.0386
ST030,2017-10-20,0.0,7.49,0.436,0.66,0.139,589.5,0.0729
ST030,2017-10-27,0.0,4.14,0.374,0.66,0.139,589.5,0.0375
ST030,2017-11-03,0.0,4.78,0.363,0.66,0.139,589.5,0.0405
ST030,2017-11-10,0.0,6.13,0.355,0.66,0.139,589.5,0.0282
ST030,2017-11-17,0.0,4.27,0.31,0.66,0.139,589.5,0.0276
ST030,2017-11-24,0.0,-0.47,0.251,0.66,0.139,589.5,0.0286
ST030,2017-12-01,3.08,2.62,0.248,0.66,0.139,589.5,0.0315
ST030,2017-12-08,0.0,0.14,0.269,0.66,0.139,589.5,0.0741
ST030,2017-12-15,0.0,-0.88,0.237,0.66,0.139,589.5,0.0326
ST030,2017-12-22,0.0,-1.74,0.2,0.66,0.139,589.5,0.026
ST030,2017-12-29,0.0,0.78,0.104,0.66,0.139,589.5,0.0281
ST030,2018-01-05,0.0,-2.39,0.106,0.66,0.139,589.5,0.0377
ST030,2018-01-12,0.0,-1.74,0.082,0.66,0.139,589.5,0.0201
ST030,2018-01-19,0.0,-3.17,0.076,0.66,0.139,589.5,0.0758
ST030,2018-01-26,0.0,-2.09,0.123,0.66,0.139,589.5,0.0518
ST030,2018-02-02,0.0,-4.58,0.081,0.66,0.139,589.5,0.0453
ST030,2018-02-09,0.0,2.7,0.05,0.66,0.139,589.5,0.0385
ST030,2018-02-16,0.0,3.11,0.099,0.66,0.139,589.5,0.0618
ST030,2018-02-23,0.0,0.9,0.138,0.66,0.139,589.5,0.0451
ST030,2018-03-02,0.0,0.12,0.115,0.66,0.139,589.5,0.0627
ST030,2018-03-09,0.0,2.27,0.121,0.66,0.139,589.5,0.02
ST030,2018-03-16,0.0,8.43,0.089,0.66,0.139,589.5,0.0402
ST030,2018-03-23,0.0,5.43,0.155,0.66,0.139,589.5,0.1121
ST030,2018-03-30,24.8,6.86,0.176,0.66,0.139,589.5,0.1882
ST030,2018-04-06,0.0,6.8,0.25,0.66,0.139,589.5,0.0898
ST030,2018-04-13,0.0,12.7,0.23,0.66,0.139,589.5,0.2404
ST030,2018-04-20,0.0,5.24,0.244,0.66,0.139,589.5,0.1366
ST030,2018-04-27,0.0,12.32,0.262,0.66,0.139,589.5,0.1172
ST030,2018-05-04,0.0,11.44,0.338,0.66,0.139,589.5,0.284
ST030,2018-05-11,71.27,13.97,0.287,0.66,0.139,589.5,0.4117
ST030,2018-05-18,0.0,19.19,0.401,0.66,0.139,589.5,0.1439
ST030,2018-05-25,0.0,15.04,0.412,0.66,0.139,589.5,0.1424
ST030,2018-06-01,1.21,17.68,0.445,0.66,0.139,589.5,0.0841
ST030,2018-06-08,0.89,20.1,0.55,0.66,0.139,589.5,0.1415
ST030,2018-06-15,1.45,20.54,0.541,0.66,0.139,589.5,0.0582
ST030,2018-06-22,0.0,16.95,0.478,0.66,0.139,589.5,0.0755
ST030,2018-06-29,0.19,21.49,0.585,0.66,0.139,589.5,0.1109
ST030,2018-07-06,0.0,25.35,0.585,0.66,0.139,589.5,0.0516
ST030,2018-07-13,0.0,20.07,0.608,0.66,0.139,589.5,0.0302
ST030,2018-07-20,0.0,21.3,0.646,0.66,0.139,589.5,0.119
ST030,2018-07-27,0.0,17.05,0.607,0.66,0.139,589.5,0.0409
ST030,2018-08-03,0.0,19.39,0.634,0.66,0.139,589.5,0.0569
ST030,2018-08-10,0.0,16.24,0.606,0.66,0.139,589.5,0.037
ST030,2018-08-17,2.69,19.72,0.576,0.66,0.139,589.5,0.0863
ST030,2018-08-24,0.0,19.21,0.656,0.66,0.139,589.5,0.0275
ST030,2018-08-31,0.0,15.36,0.645,0.66,0.139,589.5,0.0364
ST030,2018-09-07,0.0,14.46,0.523,0.66,0.139,589.5,0.0915
ST030,2018-09-14,7.49,16.24,0.581,0.66,0.139,589.5,0.0718
ST030,2018-09-21,0.0,16.7,0.55,0.66,0.139,589.5,0.0222
ST030,2018-09-28,0.0,15.91,0.473,0.66,0.139,589.5,0.0421
ST030,2018-10-05,0.0,10.29,0.482,0.66,0.139,589.5,0.0328
ST030,2018-10-12,0.0,11.38,0.516,0.66,0.139,589.5,0.0414
ST030,2018-10-19,0.0,6.26,0.429,0.66,0.139,589.5,0.0422
ST030,2018-10-26,0.0,6.12,0.423,0.66,0.139,589.5,0.02
ST030,2018-11-02,0.0,6.77,0.426,0.66,0.139,589.5,0.0428
ST030,2018-11-09,0.0,2.27,0.33,0.66,0.139,589.5,0.0269
ST030,2018-11-16,0.0,3.24,0.275,0.66,0.139,589.5,0.0484
ST030,2018-11-23,0.0,2.71,0.298,0.66,0.139,589.5,0.1721
ST030,2018-11-30,0.0,1.31,0.239,0.66,0.139,589.5,0.0655
ST030,2018-12-07,0.0,-0.48,0.16,0.66,0.139,589.5,0.0571
ST030,2018-12-14,0.0,-4.27,0.195,0.66,0.139,589.5,0.0311
ST030,2018-12-21,0.0,0.47,0.194,0.66,0.139,589.5,0.0266
ST030,2018-12-28,0.0,-3.56,0.162,0.66,0.139,589.5,0.036
ST030,2019-01-04,0.0,1.23,0.097,0.66,0.139,589.5,0.0334
ST030,2019-01-11,9.29,-1.57,0.104,0.66,0.139,589.5,0.2515
ST030,2019-01-18,0.0,-1.59,0.107,0.66,0.139,589.5,0.0878
ST030,2019-01-25,0.0,-2.37,0.099,0.66,0.139,589.5,0.0533
ST030,2019-02-01,0.0,-3.86,0.101,0.66,0.139,589.5,0.0605
ST030,2019-02-08,13.29,0.72,0.091,0.66,0.139,589.5,0.1158
ST030,2019-02-15,0.0,2.49,0.068,0.66,0.139,589.5,0.0585
ST030,2019-02-22,13.95,3.34,0.104,0.66,0.139,589.5,0.1621
ST030,2019-03-01,0.0,-0.5,0.129,0.66,0.139,589.5,0.0914
ST030,2019-03-08,0.0,0.68,0.101,0.66,0.139,589.5,0.0346
ST030,2019-03-15,0.0,4.27,0.1,0.66,0.139,589.5,0.0433
ST030,2019-03-22,5.82,5.65,0.201,0.66,0.139,589.5,0.0616
ST030,2019-03-29,0.0,2.24,0.212,0.66,0.139,589.5,0.1609
ST030,2019-04-05,0.0,5.88,0.177,0.66,0.139,589.5,0.1101
ST030,2019-04-12,0.0,4.69,0.199,0.66,0.139,589.5,0.0399
ST030,2019-04-19,47.49,11.9,0.224,0.66,0.139,589.5,0.3332
ST030,2019-04-26,0.0,11.89,0.312,0.66,0.139,589.5,0.1425
ST030,2019-05-03,0.0,12.28,0.307,0.66,0.139,589.5,0.1652
ST030,2019-05-10,0.0,17.47,0.363,0.66,0.139,589.5,0.1811
ST030,2019-05-17,0.0,13.03,0.388,0.66,0.139,589.5,0.077
ST030,2019-05-24,19.9,14.58,0.452,0.66,0.139,589.5,0.1456
ST030,2019-05-31,0.0,16.21,0.375,0.66,0.139,589.5,0.0552
ST030,2019-06-07,0.0,19.25,0.451,0.66,0.139,589.5,0.0329
ST030,2019-06-14,11.54,18.54,0.476,0.66,0.139,589.5,0.0757
ST030,2019-06-21,0.0,18.44,0.512,0.66,0.139,589.5,0.035
ST030,2019-06-28,0.0,21.68,0.57,0.66,0.139,589.5,0.1079
ST030,2019-07-05,0.0,23.93,0.557,0.66,0.139,589.5,0.1076
ST030,2019-07-12,0.0,16.31,0.593,0.66,0.139,589.5,0.064
ST030,2019-07-19,23.5,20.45,0.601,0.66,0.139,589.5,0.1337
ST030,2019-07-26,7.6,18.31,0.646,0.66,0.139,589.5,0.1378
ST030,2019-08-02,27.34,19.91,0.593,0.66,0.139,589.5,0.2232
ST030,2019-08-09,0.0,20.06,0.645,0.66,0.139,589.5,0.1361
ST030,2019-08-16,2.67,19.24,0.645,0.66,0.139,589.5,0.0369
ST030,2019-08-23,0.0,16.31,0.658,0.66,0.139,589.5,0.0412
ST030,2019-08-30,0.0,18.16,0.578,0.66,0.139,589.5,0.0266
ST030,2019-09-06,0.0,17.88,0.632,0.66,0.139,589.5,0.0296
ST030,2019-09-13,0.0,12.54,0.619,0.66,0.139,589.5,0.189
ST030,2019-09-20,21.74,9.83,0.513,0.66,0.139,589.5,0.2205
ST030,2019-09-27,0.0,8.19,0.546,0.66,0.139,589.5,0.0878
ST030,2019-10-04,0.0,13.96,0.509,0.66,0.139,589.5,0.0276
ST030,2019-10-11,0.0,10.51,0.494,0.66,0.139,589.5,0.04
ST030,2019-10-18,0.0,12.28,0.478,0.66,0.139,589.5,0.0418
ST030,2019-10-25,5.94,5.71,0.427,0.66,0.139,589.5,0.0314
ST030,2019-11-01,0.0,7.63,0.374,0.66,0.139,589.5,0.0381
ST030,2019-11-08,0.0,0.14,0.354,0.66,0.139,589.5,0.036
ST030,2019-11-15,0.0,2.28,0.316,0.66,0.139,589.5,0.042
ST030,2019-11-22,0.0,-0.75,0.287,0.66,0.139,589.5,0.0358
ST030,2019-11-29,0.0,1.51,0.222,0.66,0.139,589.5,0.0373
ST030,2019-12-06,0.0,1.92,0.218,0.66,0.139,589.5,0.0321
ST030,2019-12-13,0.0,-5.14,0.183,0.66,0.139,589.5,0.0441
ST030,2019-12-20,0.0,-3.18,0.206,0.66,0.139,589.5,0.045
ST030,2019-12-27,0.0,-0.42,0.144,0.66,0.139,589.5,0.0435
ST030,2020-01-03,0.0,-1.11,0.147,0.66,0.139,589.5,0.0552
ST030,2020-01-10,0.0,2.98,0.129,0.66,0.139,589.5,0.0337
ST030,2020-01-17,0.0,-0.5,0.088,0.66,0.139,589.5,0.0324
ST030,2020-01-24,0.0,-6.14,0.129,0.66,0.139,589.5,0.0882
ST030,2020-01-31,0.0,-0.09,0.05,0.66,0.139,589.5,0.0883
ST030,2020-02-07,0.0,1.12,0.05,0.66,0.139,589.5,0.2038
ST030,2020-02-14,0.0,2.85,0.094,0.66,0.139,589.5,0.1045
ST030,2020-02-21,0.0,-1.03,0.068,0.66,0.139,589.5,0.0577
ST030,2020-02-28,0.0,0.87,0.108,0.66,0.139,589.5,0.0429
ST030,2020-03-06,0.0,2.55,0.116,0.66,0.139,589.5,0.163
ST030,2020-03-13,0.0,3.68,0.093,0.66,0.139,589.5,0.06
ST030,2020-03-20,14.76,3.87,0.117,0.66,0.139,589.5,0.1959
ST030,2020-03-27,6.8,6.65,0.254,0.66,0.139,589.5,0.2147
ST030,2020-04-03,49.71,8.37,0.205,0.66,0.139,589.5,0.364
ST030,2020-04-10,2.76,7.54,0.17,0.66,0.139,589.5,0.3881
ST030,2020-04-17,0.0,12.79,0.241,0.66,0.139,589.5,0.1131
ST030,2020-04-24,0.0,8.61,0.312,0.66,0.139,589.5,0.1836
ST030,2020-05-01,0.0,12.45,0.266,0.66,0.139,589.5,0.1504
ST030,2020-05-08,0.0,18.2,0.317,0.66,0.139,589.5,0.0789
ST030,2020-05-15,0.0,13.97,0.385,0.66,0.139,589.5,0.0735
ST030,2020-05-22,0.0,16.74,0.394,0.66,0.139,589.5,0.0259
ST030,2020-05-29,1.82,15.21,0.451,0.66,0.139,589.5,0.1321
ST030,2020-06-05,0.0,17.27,0.506,0.66,0.139,589.5,0.1502
ST030,2020-06-12,5.03,17.78,0.487,0.66,0.139,589.5,0.129
ST030,2020-06-19,7.34,21.68,0.525,0.66,0.139,589.5,0.16
ST030,2020-06-26,0.0,21.6,0.522,0.66,0.139,589.5,0.0982
ST030,2020-07-03,0.0,22.3,0.608,0.66,0.139,589.5,0.0425
ST030,2020-07-10,13.66,23.26,0.579,0.66,0.139,589.5,0.0863
ST030,2020-07-17,0.0,19.94,0.576,0.66,0.139,589.5,0.1231
ST030,2020-07-24,0.0,17.11,0.649,0.66,0.139,589.5,0.0551
ST030,2020-07-31,0.0,20.81,0.611,0.66,0.139,589.5,0.038
ST030,2020-08-07,0.0,17.64,0.614,0.66,0.139,589.5,0.1229
ST030,2020-08-14,0.0,21.47,0.584,0.66,0.139,589.5,0.0267
ST030,2020-08-21,0.0,18.93,0.609,0.66,0.139,589.5,0.0371
ST030,2020-08-28,0.0,17.85,0.596,0.66,0.139,589.5,0.0838
ST030,2020-09-04,0.0,16.99,0.627,0.66,0.139,589.5,0.0312
ST030,2020-09-11,12.12,12.94,0.597,0.66,0.139,589.5,0.0853
ST030,2020-09-18,0.0,17.92,0.539,0.66,0.139,589.5,0.0275
ST030,2020-09-25,0.0,8.83,0.573,0.66,0.139,589.5,0.0467
ST030,2020-10-02,0.0,12.33,0.551,0.66,0.139,589.5,0.0389
ST030,2020-10-09,0.0,15.13,0.476,0.66,0.139,589.5,0.0215
ST030,2020-10-16,0.0,7.35,0.466,0.66,0.139,589.5,0.0358
ST030,2020-10-23,0.0,3.02,0.428,0.66,0.139,589.5,0.0699
ST030,2020-10-30,0.0,7.98,0.352,0.66,0.139,589.5,0.0208
ST030,2020-11-06,0.0,1.06,0.36,0.66,0.139,589.5,0.0373
ST030,2020-11-13,0.0,4.78,0.35,0.66,0.139,589.5,0.0283
ST030,2020-11-20,0.0,1.52,0.317,0.66,0.139,589.5,0.0449
ST030,2020-11-27,0.0,1.28,0.298,0.66,0.139,589.5,0.033
ST030,2020-12-04,0.0,6.75,0.188,0.66,0.139,589.5,0.1097
ST030,2020-12-11,0.0,2.46,0.182,0.66,0.139,589.5,0.0762
ST030,2020-12-18,0.0,-1.43,0.172,0.66,0.139,589.5,0.0444
ST030,2020-12-25,0.0,-1.96,0.157,0.66,0.139,589.5,0.0394
ST031,2016-01-01,0.0,-3.31,0.193,0.11,0.385,1247.0,0.2283
ST031,2016-01-08,0.0,-4.54,0.165,0.11,0.385,1247.0,0.1919
ST031,2016-01-15,0.0,-9.42,0.093,0.11,0.385,1247.0,0.1313
ST031,2016-01-22,0.0,-4.96,0.118,0.11,0.385,1247.0,0.0945
ST031,2016-01-29,0.0,-6.77,0.102,0.11,0.385,1247.0,0.0588
ST031,2016-02-05,11.12,-5.09,0.104,0.11,0.385,1247.0,0.1215
ST031,2016-02-12,0.0,-8.25,0.091,0.11,0.385,1247.0,0.0811
ST031,2016-02-19,0.0,-6.67,0.137,0.11,0.385,1247.0,0.0695
ST031,2016-02-26,0.0,-3.83,0.114,0.11,0.385,1247.0,0.0776
ST031,2016-03-04,0.0,-1.66,0.122,0.11,0.385,1247.0,0.0756
ST031,2016-03-11,0.0,-1.44,0.151,0.11,0.385,1247.0,0.1449
ST031,2016-03-18,0.0,-2.13,0.124,0.11,0.385,1247.0,0.2419
ST031,2016-03-25,0.0,0.28,0.148,0.11,0.385,1247.0,0.1375
ST031,2016-04-01,0.0,2.49,0.214,0.11,0.385,1247.0,0.1279
ST031,2016-04-08,0.0,3.13,0.242,0.11,0.385,1247.0,0.0957
ST031,2016-04-15,70.26,7.76,0.281,0.11,0.385,1247.0,0.3035
ST031,2016-04-22,0.0,4.32,0.288,0.11,0.385,1247.0,0.3942
ST031,2016-04-29,0.0,7.66,0.299,0.11,0.385,1247.0,0.2462
ST031,2016-05-06,4.55,8.92,0.318,0.11,0.385,1247.0,0.1701
ST031,2016-05-13,0.0,10.03,0.348,0.11,0.385,1247.0,0.0924
ST031,2016-05-20,0.0,11.0,0.455,0.11,0.385,1247.0,0.0588
ST031,2016-05-27,0.0,14.49,0.46,0.11,0.385,1247.0,0.0668
ST031,2016-06-03,0.0,10.66,0.481,0.11,0.385,1247.0,0.2815
ST031,2016-06-10,0.0,10.86,0.476,0.11,0.385,1247.0,0.3086
ST031,2016-06-17,2.88,13.42,0.522,0.11,0.385,1247.0,0.2196
ST031,2016-06-24,8.92,16.94,0.554,0.11,0.385,1247.0,0.2128
ST031,2016-07-01,0.0,17.25,0.515,0.11,0.385,1247.0,0.1448
ST031,2016-07-08,0.0,12.35,0.582,0.11,0.385,1247.0,0.0652
ST031,2016-07-15,0.0,12.75,0.579,0.11,0.385,1247.0,0.0494
ST031,2016-07-22,0.0,15.44,0.604,0.11,0.385,1247.0,0.0587
ST031,2016-07-29,0.0,15.66,0.568,0.11,0.385,1247.0,0.0741
ST031,2016-08-05,0.0,13.88,0.59,0.11,0.385,1247.0,0.06
ST031,2016-08-12,0.0,12.29,0.557,0.11,0.385,1247.0,0.0962
ST031,2016-08-19,6.57,13.38,0.576,0.11,0.385,1247.0,0.0719
ST031,2016-08-26,0.0,11.89,0.594,0.11,0.385,1247.0,0.1266
ST031,2016-09-02,0.0,14.83,0.586,0.11,0.385,1247.0,0.0609
ST031,2016-09-09,0.0,10.58,0.507,0.11,0.385,1247.0,0.0564
ST031,2016-09-16,0.19,9.67,0.522,0.11,0.385,1247.0,0.062
ST031,2016-09-23,0.0,8.71,0.485,0.11,0.385,1247.0,0.0624
ST031,2016-09-30,0.0,4.89,0.444,0.11,0.385,1247.0,0.0707
ST031,2016-10-07,0.0,7.55,0.519,0.11,0.385,1247.0,0.0622
ST031,2016-10-14,0.0,3.86,0.458,0.11,0.385,1247.0,0.067
ST031,2016-10-21,0.0,7.44,0.373,0.11,0.385,1247.0,0.0642
ST031,2016-10-28,0.0,1.71,0.419,0.11,0.385,1247.0,0.0579
ST031,2016-11-04,0.0,-0.66,0.393,0.11,0.385,1247.0,0.0724
ST031,2016-11-11,0.0,-0.08,0.337,0.11,0.385,1247.0,0.0597
ST031,2016-11-18,0.0,-3.75,0.277,0.11,0.385,1247.0,0.0548
ST031,2016-11-25,0.0,0.11,0.262,0.11,0.385,1247.0,0.0539
ST031,2016-12-02,0.0,-2.75,0.248,0.11,0.385,1247.0,0.0579
ST031,2016-12-09,0.0,-3.52,0.205,0.11,0.385,1247.0,0.0444
ST031,2016-12-16,0.0,-3.79,0.185,0.11,0.385,1247.0,0.0707
ST031,2016-12-23,0.0,1.14,0.15,0.11,0.385,1247.0,0.0571
ST031,2016-12-30,0.0,-2.67,0.186,0.11,0.385,1247.0,0.0628
ST031,2017-01-06,0.0,-4.33,0.105,0.11,0.385,1247.0,0.0528
ST031,2017-01-13,0.0,-5.4,0.157,0.11,0.385,1247.0,0.0655
ST031,2017-01-20,0.0,-8.26,0.101,0.11,0.385,1247.0,0.1635
ST031,2017-01-27,0.0,-6.91,0.073,0.11,0.385,1247.0,0.1528
ST031,2017-02-03,0.0,-9.32,0.059,0.11,0.385,1247.0,0.0943
ST031,2017-02-10,0.0,-5.56,0.107,0.11,0.385,1247.0,0.0831
ST031,2017-02-17,0.0,-3.93,0.086,0.11,0.385,1247.0,0.0769
ST031,2017-02-24,0.51,-0.48,0.15,0.11,0.385,1247.0,0.0709
ST031,2017-03-03,0.0,-2.08,0.157,0.11,0.385,1247.0,0.0702
ST031,2017-03-10,3.38,-5.31,0.153,0.11,0.385,1247.0,0.0933
ST031,2017-03-17,0.0,2.87,0.198,0.11,0.385,1247.0,0.1673
ST031,2017-03-24,0.0,1.68,0.184,0.11,0.385,1247.0,0.1276
ST031,2017-03-31,0.0,2.32,0.208,0.11,0.385,1247.0,0.0968
ST031,2017-04-07,0.0,5.77,0.179,0.11,0.385,1247.0,0.1599
ST031,2017-04-14,40.13,4.93,0.295,0.11,0.385,1247.0,0.2287
ST031,2017-04-21,0.0,7.2,0.242,0.11,0.385,1247.0,0.2671
ST031,2017-04-28,0.0,8.64,0.32,0.11,0.385,1247.0,0.2224
ST031,2017-05-05,0.0,5.27,0.354,0.11,0.385,1247.0,0.1346
ST031,2017-05-12,0.0,10.24,0.378,0.11,0.385,1247.0,0.1124
ST031,2017-05-19,0.0,10.64,0.357,0.11,0.385,1247.0,0.059
ST031,2017-05-26,0.0,15.01,0.374,0.11,0.385,1247.0,0.1774
ST031,2017-06-02,10.51,10.47,0.444,0.11,0.385,1247.0,0.1749
ST031,2017-06-09,0.0,13.62,0.435,0.11,0.385,1247.0,0.0627
ST031,2017-06-16,0.0,16.15,0.477,0.11,0.385,1247.0,0.0676
ST031,2017-06-23,0.0,18.63,0.528,0.11,0.385,1247.0,0.0596
ST031,2017-06-30,0.0,13.58,0.499,0.11,0.385,1247.0,0.0698
ST031,2017-07-07,0.0,16.19,0.559,0.11,0.385,1247.0,0.1703
ST031,2017-07-14,0.0,13.6,0.551,0.11,0.385,1247.0,0.076
ST031,2017-07-21,0.0,15.09,0.585,0.11,0.385,1247.0,0.0602
ST031,2017-07-28,0.0,13.17,0.558,0.11,0.385,1247.0,0.2039
ST031,2017-08-04,0.0,14.39,0.598,0.11,0.385,1247.0,0.1468
ST031,2017-08-11,0.0,17.6,0.605,0.11,0.385,1247.0,0.0865
ST031,2017-08-18,0.0,9.61,0.561,0.11,0.385,1247.0,0.0732
ST031,2017-08-25,0.0,11.08,0.539,0.11,0.385,1247.0,0.0475
ST031,2017-09-01,0.0,6.97,0.584,0.11,0.385,1247.0,0.0781
ST031,2017-09-08,15.29,13.53,0.543,0.11,0.385,1247.0,0.1129
ST031,2017-09-15,0.0,10.32,0.587,0.11,0.385,1247.0,0.1422
ST031,2017-09-22,0.0,13.66,0.538,0.11,0.385,1247.0,0.0658
ST031,2017-09-29,0.0,6.61,0.48,0.11,0.385,1247.0,0.0612
ST031,2017-10-06,0.0,7.74,0.467,0.11,0.385,1247.0,0.0584
ST031,2017-10-13,0.0,3.22,0.45,0.11,0.385,1247.0,0.1307
ST031,2017-10-20,0.0,3.63,0.461,0.11,0.385,1247.0,0.0691
ST031,2017-10-27,0.0,0.75,0.378,0.11,0.385,1247.0,0.1594
ST031,2017-11-03,0.0,1.02,0.348,0.11,0.385,1247.0,0.1636
ST031,2017-11-10,0.0,-1.34,0.299,0.11,0.385,1247.0,0.1648
ST031,2017-11-17,0.0,-1.51,0.332,0.11,0.385,1247.0,0.0987
ST031,2017-11-24,0.0,1.3,0.245,0.11,0.385,1247.0,0.0736
ST031,2017-12-01,0.0,3.33,0.251,0.11,0.385,1247.0,0.0916
ST031,2017-12-08,0.0,-4.24,0.237,0.11,0.385,1247.0,0.0666
ST031,2017-12-15,0.0,-5.79,0.213,0.11,0.385,1247.0,0.076
ST031,2017-12-22,0.0,-6.57,0.216,0.11,0.385,1247.0,0.0714
ST031,2017-12-29,0.0,-4.72,0.156,0.11,0.385,1247.0,0.0577
ST031,2018-01-05,0.0,-8.5,0.096,0.11,0.385,1247.0,0.055
ST031,2018-01-12,0.0,-4.48,0.121,0.11,0.385,1247.0,0.0607
ST031,2018-01-19,0.0,-6.96,0.114,0.11,0.385,1247.0,0.0785
ST031,2018-01-26,0.0,-5.68,0.155,0.11,0.385,1247.0,0.0769
ST031,2018-02-02,0.0,-6.47,0.128,0.11,0.385,1247.0,0.0742
ST031,2018-02-09,0.0,-0.43,0.134,0.11,0.385,1247.0,0.0601
ST031,2018-02-16,0.0,-6.52,0.137,0.11,0.385,1247.0,0.0679
ST031,2018-02-23,0.0,0.74,0.087,0.11,0.385,1247.0,0.0774
ST031,2018-03-02,0.0,-4.94,0.098,0.11,0.385,1247.0,0.0714
ST031,2018-03-09,0.0,-4.01,0.172,0.11,0.385,1247.0,0.1069
ST031,2018-03-16,0.0,-1.52,0.153,0.11,0.385,1247.0,0.0894
ST031,2018-03-23,0.0,-0.22,0.184,0.11,0.385,1247.0,0.0552
ST031,2018-03-30,0.0,4.06,0.199,0.11,0.385,1247.0,0.0613
ST031,2018-04-06,0.0,5.93,0.214,0.11,0.385,1247.0,0.0561
ST031,2018-04-13,6.24,3.05,0.201,0.11,0.385,1247.0,0.0841
ST031,2018-04-20,0.0,3.53,0.313,0.11,0.385,1247.0,0.0634
ST031,2018-04-27,29.11,9.93,0.276,0.11,0.385,1247.0,0.1948
ST031,2018-05-04,0.0,6.38,0.307,0.11,0.385,1247.0,0.1538
ST031,2018-05-11,0.0,11.17,0.343,0.11,0.385,1247.0,0.0737
ST031,2018-05-18,0.0,11.03,0.374,0.11,0.385,1247.0,0.2451
ST031,2018-05-25,0.0,12.81,0.438,0.11,0.385,1247.0,0.2485
ST031,2018-06-01,0.0,14.89,0.429,0.11,0.385,1247.0,0.1563
ST031,2018-06-08,0.0,9.56,0.451,0.11,0.385,1247.0,0.0662
ST031,2018-06-15,0.0,15.07,0.489,0.11,0.385,1247.0,0.0675
ST031,2018-06-22,0.0,16.11,0.511,0.11,0.385,1247.0,0.0831
ST031,2018-06-29,0.0,14.58,0.536,0.11,0.385,1247.0,0.0452
ST031,2018-07-06,0.0,15.9,0.522,0.11,0.385,1247.0,0.0685
ST031,2018-07-13,17.53,16.98,0.52,0.11,0.385,1247.0,0.1103
ST031,2018-07-20,0.0,17.86,0.582,0.11,0.385,1247.0,0.072
ST031,2018-07-27,0.0,14.22,0.564,0.11,0.385,1247.0,0.0501
ST031,2018-08-03,0.0,10.9,0.623,0.11,0.385,1247.0,0.051
ST031,2018-08-10,0.0,12.38,0.607,0.11,0.385,1247.0,0.0507
ST031,2018-08-17,0.0,13.16,0.584,0.11,0.385,1247.0,0.0679
ST031,2018-08-24,11.4,13.96,0.569,0.11,0.385,1247.0,0.0999
ST031,2018-08-31,0.0,10.72,0.566,0.11,0.385,1247.0,0.1042
ST031,2018-09-07,0.0,11.28,0.547,0.11,0.385,1247.0,0.0662
ST031,2018-09-14,0.0,8.46,0.559,0.11,0.385,1247.0,0.0629
ST031,2018-09-21,21.8,8.78,0.566,0.11,0.385,1247.0,0.1165
ST031,2018-09-28,0.0,8.95,0.603,0.11,0.385,1247.0,0.0821
ST031,2018-10-05,0.0,10.25,0.498,0.11,0.385,1247.0,0.0746
ST031,2018-10-12,0.0,5.44,0.493,0.11,0.385,1247.0,0.0651
ST031,2018-10-19,0.0,1.69,0.416,0.11,0.385,1247.0,0.0714
ST031,2018-10-26,0.0,7.01,0.467,0.11,0.385,1247.0,0.0637
ST031,2018-11-02,0.0,-0.03,0.371,0.11,0.385,1247.0,0.0606
ST031,2018-11-09,0.0,0.15,0.34,0.11,0.385,1247.0,0.062
ST031,2018-11-16,0.0,-0.56,0.355,0.11,0.385,1247.0,0.0561
ST031,2018-11-23,0.0,-4.73,0.317,0.11,0.385,1247.0,0.0625
ST031,2018-11-30,0.0,-4.48,0.205,0.11,0.385,1247.0,0.057
ST031,2018-12-07,0.0,-6.96,0.227,0.11,0.385,1247.0,0.0497
ST031,2018-12-14,0.0,-4.03,0.215,0.11,0.385,1247.0,0.0787
ST031,2018-12-21,0.0,-1.65,0.232,0.11,0.385,1247.0,0.0674
ST031,2018-12-28,0.0,-7.54,0.193,0.11,0.385,1247.0,0.0654
ST031,2019-01-04,0.0,-3.41,0.181,0.11,0.385,1247.0,0.0588
ST031,2019-01-11,0.0,-7.16,0.143,0.11,0.385,1247.0,0.0551
ST031,2019-01-18,0.0,-5.52,0.093,0.11,0.385,1247.0,0.0627
ST031,2019-01-25,0.0,-5.45,0.092,0.11,0.385,1247.0,0.0612
ST031,2019-02-01,0.0,-3.17,0.122,0.11,0.385,1247.0,0.1344
ST031,2019-02-08,0.0,-2.28,0.122,0.11,0.385,1247.0,0.0839
ST031,2019-02-15,0.0,-5.41,0.103,0.11,0.385,1247.0,0.134
ST031,2019-02-22,35.72,-1.64,0.138,0.11,0.385,1247.0,0.2064
ST031,2019-03-01,0.0,-3.88,0.123,0.11,0.385,1247.0,0.1672
ST031,2019-03-08,0.0,-5.07,0.171,0.11,0.385,1247.0,0.141
ST031,2019-03-15,0.0,-3.36,0.111,0.11,0.385,1247.0,0.2722
ST031,2019-03-22,11.64,-0.08,0.168,0.11,0.385,1247.0,0.2015
ST031,2019-03-29,3.29,2.67,0.169,0.11,0.385,1247.0,0.1464
ST031,2019-04-05,0.0,2.07,0.223,0.11,0.385,1247.0,0.1052
ST031,2019-04-12,0.0,2.77,0.243,0.11,0.385,1247.0,0.0709
ST031,2019-04-19,0.0,3.37,0.271,0.11,0.385,1247.0,0.1328
ST031,2019-04-26,0.0,5.95,0.225,0.11,0.385,1247.0,0.0831
ST031,2019-05-03,18.78,3.77,0.318,0.11,0.385,1247.0,0.1548
ST031,2019-05-10,0.0,7.56,0.341,0.11,0.385,1247.0,0.2148
ST031,2019-05-17,0.0,12.44,0.364,0.11,0.385,1247.0,0.2212
ST031,2019-05-24,0.0,11.61,0.418,0.11,0.385,1247.0,0.2847
ST031,2019-05-31,0.0,13.67,0.43,0.11,0.385,1247.0,0.1583
ST031,2019-06-07,0.0,13.91,0.467,0.11,0.385,1247.0,0.0672
ST031,2019-06-14,0.0,15.32,0.453,0.11,0.385,1247.0,0.0518
ST031,2019-06-21,0.0,16.45,0.48,0.11,0.385,1247.0,0.0861
ST031,2019-06-28,0.0,19.67,0.566,0.11,0.385,1247.0,0.0583
ST031,2019-07-05,0.0,16.48,0.538,0.11,0.385,1247.0,0.0627
ST031,2019-07-12,0.0,13.08,0.536,0.11,0.385,1247.0,0.0616
ST031,2019-07-19,19.73,17.48,0.591,0.11,0.385,1247.0,0.1291
ST031,2019-07-26,0.0,14.87,0.557,0.11,0.385,1247.0,0.0949
ST031,2019-08-02,1.82,14.18,0.533,0.11,0.385,1247.0,0.0657
ST031,2019-08-09,0.0,17.96,0.597,0.11,0.385,1247.0,0.0623
ST031,2019-08-16,0.0,18.5,0.555,0.11,0.385,1247.0,0.0504
ST031,2019-08-23,0.0,15.11,0.54,0.11,0.385,1247.0,0.0596
ST031,2019-08-30,0.0,13.8,0.595,0.11,0.385,1247.0,0.0525
ST031,2019-09-06,0.0,11.79,0.574,0.11,0.385,1247.0,0.0613
ST031,2019-09-13,0.0,9.83,0.518,0.11,0.385,1247.0,0.0675
ST031,2019-09-20,0.0,8.63,0.572,0.11,0.385,1247.0,0.0652
ST031,2019-09-27,0.0,9.51,0.5,0.11,0.385,1247.0,0.0645
ST031,2019-10-04,0.0,12.1,0.476,0.11,0.385,1247.0,0.05
ST031,2019-10-11,0.0,5.5,0.498,0.11,0.385,1247.0,0.0584
ST031,2019-10-18,0.0,3.32,0.432,0.11,0.385,1247.0,0.0509
ST031,2019-10-25,0.0,2.18,0.448,0.11,0.385,1247.0,0.0656
ST031,2019-11-01,0.0,1.48,0.414,0.11,0.385,1247.0,0.0646
ST031,2019-11-08,0.0,0.69,0.324,0.11,0.385,1247.0,0.0595
ST031,2019-11-15,0.0,-3.64,0.34,0.11,0.385,1247.0,0.0567
ST031,2019-11-22,0.0,-3.06,0.294,0.11,0.385,1247.0,0.0652
ST031,2019-11-29,0.0,-1.44,0.24,0.11,0.385,1247.0,0.0718
ST031,2019-12-06,0.0,-7.2,0.226,0.11,0.385,1247.0,0.0612
ST031,2019-12-13,0.0,-5.09,0.205,0.11,0.385,1247.0,0.0426
ST031,2019-12-20,0.0,-6.38,0.18,0.11,0.385,1247.0,0.0605
ST031,2019-12-27,0.0,-6.88,0.124,0.11,0.385,1247.0,0.0557
ST031,2020-01-03,0.0,-7.87,0.124,0.11,0.385,1247.0,0.0661
ST031,2020-01-10,0.0,-6.07,0.113,0.11,0.385,1247.0,0.0696
ST031,2020-01-17,20.27,-9.89,0.125,0.11,0.385,1247.0,0.1287
ST031,2020-01-24,0.0,-4.95,0.11,0.11,0.385,1247.0,0.1053
ST031,2020-01-31,0.0,-6.91,0.152,0.11,0.385,1247.0,0.0807
ST031,2020-02-07,9.71,-3.08,0.12,0.11,0.385,1247.0,0.1171
ST031,2020-02-14,10.44,-2.89,0.084,0.11,0.385,1247.0,0.117
ST031,2020-02-21,0.0,-3.09,0.112,0.11,0.385,1247.0,0.1342
ST031,2020-02-28,0.0,-5.3,0.179,0.11,0.385,1247.0,0.0908
ST031,2020-03-06,0.0,-2.42,0.152,0.11,0.385,1247.0,0.0627
ST031,2020-03-13,0.0,-2.42,0.112,0.11,0.385,1247.0,0.0708
ST031,2020-03-20,5.45,4.63,0.161,0.11,0.385,1247.0,0.0773
ST031,2020-03-27,0.0,-1.71,0.201,0.11,0.385,1247.0,0.0886
ST031,2020-04-03,0.0,2.48,0.173,0.11,0.385,1247.0,0.187
ST031,2020-04-10,0.0,3.88,0.216,0.11,0.385,1247.0,0.1638
ST031,2020-04-17,1.84,5.87,0.257,0.11,0.385,1247.0,0.186
ST031,2020-04-24,0.0,4.09,0.298,0.11,0.385,1247.0,0.0982
ST031,2020-05-01,0.0,7.59,0.332,0.11,0.385,1247.0,0.1664
ST031,2020-05-08,0.0,8.85,0.315,0.11,0.385,1247.0,0.1291
ST031,2020-05-15,0.0,13.68,0.343,0.11,0.385,1247.0,0.0548
ST031,2020-05-22,0.0,15.39,0.413,0.11,0.385,1247.0,0.0401
ST031,2020-05-29,0.0,11.49,0.443,0.11,0.385,1247.0,0.1963
ST031,2020-06-05,0.0,17.97,0.495,0.11,0.385,1247.0,0.0835
ST031,2020-06-12,0.0,15.29,0.507,0.11,0.385,1247.0,0.0557
ST031,2020-06-19,1.12,12.51,0.551,0.11,0.385,1247.0,0.1002
ST031,2020-06-26,0.0,16.54,0.533,0.11,0.385,1247.0,0.0573
ST031,2020-07-03,0.0,14.63,0.486,0.11,0.385,1247.0,0.1008
ST031,2020-07-10,0.0,17.39,0.531,0.11,0.385,1247.0,0.1643
ST031,2020-07-17,0.0,17.09,0.582,0.11,0.385,1247.0,0.0518
ST031,2020-07-24,0.0,16.34,0.555,0.11,0.385,1247.0,0.1466
ST031,2020-07-31,0.0,16.75,0.594,0.11,0.385,1247.0,0.0627
ST031,2020-08-07,0.0,16.41,0.605,0.11,0.385,1247.0,0.0554
ST031,2020-08-14,0.0,10.83,0.624,0.11,0.385,1247.0,0.0626
ST031,2020-08-21,0.0,11.67,0.553,0.11,0.385,1247.0,0.0745
ST031,2020-08-28,0.0,15.44,0.578,0.11,0.385,1247.0,0.0509
ST031,2020-09-04,0.0,6.66,0.539,0.11,0.385,1247.0,0.0527
ST031,2020-09-11,0.0,7.9,0.548,0.11,0.385,1247.0,0.1184
ST031,2020-09-18,0.0,10.57,0.513,0.11,0.385,1247.0,0.0856
ST031,2020-09-25,0.0,12.95,0.478,0.11,0.385,1247.0,0.0559
ST031,2020-10-02,0.0,7.07,0.499,0.11,0.385,1247.0,0.0566
ST031,2020-10-09,0.0,6.01,0.429,0.11,0.385,1247.0,0.0625
ST031,2020-10-16,0.0,6.41,0.428,0.11,0.385,1247.0,0.0601
ST031,2020-10-23,0.0,3.34,0.449,0.11,0.385,1247.0,0.0631
ST031,2020-10-30,0.0,3.65,0.407,0.11,0.385,1247.0,0.0588
ST031,2020-11-06,0.0,3.11,0.323,0.11,0.385,1247.0,0.0572
ST031,2020-11-13,0.0,-2.01,0.37,0.11,0.385,1247.0,0.065
ST031,2020-11-20,0.0,-2.97,0.312,0.11,0.385,1247.0,0.0808
ST031,2020-11-27,0.0,-0.41,0.273,0.11,0.385,1247.0,0.0948
ST031,2020-12-04,0.0,-0.71,0.246,0.11,0.385,1247.0,0.1303
ST031,2020-12-11,0.0,-5.71,0.209,0.11,0.385,1247.0,0.0853
ST031,2020-12-18,0.0,-7.32,0.154,0.11,0.385,1247.0,0.0763
ST031,2020-12-25,0.0,-6.05,0.134,0.11,0.385,1247.0,0.0687
ST032,2016-01-01,0.0,1.62,0.091,0.276,0.407,183.2,0.2819
ST032,2016-01-08,0.0,1.4,0.09,0.276,0.407,183.2,0.1401
ST032,2016-01-15,0.0,3.86,0.05,0.276,0.407,183.2,0.1198
ST032,2016-01-22,0.0,0.36,0.05,0.276,0.407,183.2,0.0873
ST032,2016-01-29,0.0,2.61,0.059,0.276,0.407,183.2,0.2278
ST032,2016-02-05,4.94,5.1,0.054,0.276,0.407,183.2,0.1767
ST032,2016-02-12,0.0,-0.4,0.078,0.276,0.407,183.2,0.1237
ST032,2016-02-19,0.0,3.27,0.062,0.276,0.407,183.2,0.0821
ST032,2016-02-26,0.0,3.99,0.05,0.276,0.407,183.2,0.1417
ST032,2016-03-04,0.0,7.04,0.129,0.276,0.407,183.2,0.1202
ST032,2016-03-11,0.0,2.62,0.146,0.276,0.407,183.2,0.0938
ST032,2016-03-18,0.0,7.3,0.095,0.276,0.407,183.2,0.1352
ST032,2016-03-25,2.05,8.01,0.178,0.276,0.407,183.2,0.216
ST032,2016-04-01,3.42,8.54,0.205,0.276,0.407,183.2,0.198
ST032,2016-04-08,0.0,10.78,0.161,0.276,0.407,183.2,0.1679
ST032,2016-04-15,0.0,11.17,0.249,0.276,0.407,183.2,0.2808
ST032,2016-04-22,0.0,12.11,0.187,0.276,0.407,183.2,0.1402
ST032,2016-04-29,0.0,12.9,0.291,0.276,0.407,183.2,0.1577
ST032,2016-05-06,0.0,15.4,0.353,0.276,0.407,183.2,0.2399
ST032,2016-05-13,16.94,19.31,0.354,0.276,0.407,183.2,0.1755
ST032,2016-05-20,0.0,19.11,0.459,0.276,0.407,183.2,0.0733
ST032,2016-05-27,0.0,22.91,0.494,0.276,0.407,183.2,0.0537
ST032,2016-06-03,0.0,20.36,0.476,0.276,0.407,183.2,0.1195
ST032,2016-06-10,0.0,17.9,0.461,0.276,0.407,183.2,0.0702
ST032,2016-06-17,0.0,21.08,0.529,0.276,0.407,183.2,0.0643
ST032,2016-06-24,0.0,20.7,0.567,0.276,0.407,183.2,0.0652
ST032,2016-07-01,7.72,24.29,0.606,0.276,0.407,183.2,0.0852
ST032,2016-07-08,13.19,22.83,0.64,0.276,0.407,183.2,0.1015
ST032,2016-07-15,0.0,23.77,0.598,0.276,0.407,183.2,0.0536
ST032,2016-07-22,0.0,26.19,0.644,0.276,0.407,183.2,0.1197
ST032,2016-07-29,0.0,18.84,0.644,0.276,0.407,183.2,0.1114
ST032,2016-08-05,16.34,21.94,0.64,0.276,0.407,183.2,0.208
ST032,2016-08-12,0.0,22.81,0.664,0.276,0.407,183.2,0.1362
ST032,2016-08-19,0.0,19.96,0.733,0.276,0.407,183.2,0.0519
ST032,2016-08-26,0.0,19.16,0.665,0.276,0.407,183.2,0.0682
ST032,2016-09-02,0.0,15.57,0.61,0.276,0.407,183.2,0.0618
ST032,2016-09-09,0.0,22.49,0.624,0.276,0.407,183.2,0.0549
ST032,2016-09-16,0.0,15.36,0.576,0.276,0.407,183.2,0.0635
ST032,2016-09-23,0.0,16.15,0.578,0.276,0.407,183.2,0.0623
ST032,2016-09-30,0.0,18.33,0.564,0.276,0.407,183.2,0.0587
ST032,2016-10-07,0.0,10.41,0.468,0.276,0.407,183.2,0.0481
ST032,2016-10-14,0.0,12.12,0.5,0.276,0.407,183.2,0.0668
ST032,2016-10-21,0.0,14.03,0.414,0.276,0.407,183.2,0.0704
ST032,2016-10-28,0.0,9.69,0.411,0.276,0.407,183.2,0.065
ST032,2016-11-04,0.0,13.65,0.388,0.276,0.407,183.2,0.0585
ST032,2016-11-11,0.0,6.38,0.344,0.276,0.407,183.2,0.0632
ST032,2016-11-18,0.0,7.9,0.288,0.276,0.407,183.2,0.0752
ST032,2016-11-25,0.0,4.7,0.242,0.276,0.407,183.2,0.0615
ST032,2016-12-02,0.0,7.6,0.249,0.276,0.407,183.2,0.0602
ST032,2016-12-09,0.0,6.75,0.199,0.276,0.407,183.2,0.0629
ST032,2016-12-16,0.0,5.51,0.16,0.276,0.407,183.2,0.0638
ST032,2016-12-23,0.0,5.49,0.171,0.276,0.407,183.2,0.0575
ST032,2016-12-30,0.0,-0.87,0.054,0.276,0.407,183.2,0.061
ST032,2017-01-06,0.0,0.91,0.087,0.276,0.407,183.2,0.0648
ST032,2017-01-13,0.0,0.79,0.073,0.276,0.407,183.2,0.0634
ST032,2017-01-20,0.0,3.25,0.085,0.276,0.407,183.2,0.0635
ST032,2017-01-27,0.0,-2.32,0.071,0.276,0.407,183.2,0.0459
ST032,2017-02-03,0.0,-2.58,0.05,0.276,0.407,183.2,0.0653
ST032,2017-02-10,0.0,-3.35,0.065,0.276,0.407,183.2,0.0611
ST032,2017-02-17,0.0,0.21,0.086,0.276,0.407,183.2,0.1586
ST032,2017-02-24,0.0,2.8,0.086,0.276,0.407,183.2,0.0962
ST032,2017-03-03,0.0,2.05,0.05,0.276,0.407,183.2,0.0703
ST032,2017-03-10,2.4,5.15,0.052,0.276,0.407,183.2,0.1403
ST032,2017-03-17,0.0,6.44,0.091,0.276,0.407,183.2,0.073
ST032,2017-03-24,0.0,9.45,0.141,0.276,0.407,183.2,0.1259
ST032,2017-03-31,0.0,6.55,0.15,0.276,0.407,183.2,0.1095
ST032,2017-04-07,0.0,9.49,0.257,0.276,0.407,183.2,0.0952
ST032,2017-04-14,1.88,10.48,0.215,0.276,0.407,183.2,0.0716
ST032,2017-04-21,1.61,12.69,0.229,0.276,0.407,183.2,0.1186
ST032,2017-04-28,0.0,15.59,0.273,0.276,0.407,183.2,0.0609
ST032,2017-05-05,7.5,16.58,0.319,0.276,0.407,183.2,0.1248
ST032,2017-05-12,0.0,14.74,0.36,0.276,0.407,183.2,0.0751
ST032,2017-05-19,0.0,16.57,0.411,0.276,0.407,183.2,0.2205
ST032,2017-05-26,0.0,17.25,0.448,0.276,0.407,183.2,0.1121
ST032,2017-06-02,0.0,19.56,0.363,0.276,0.407,183.2,0.1376
ST032,2017-06-09,0.0,21.59,0.455,0.276,0.407,183.2,0.0531
ST032,2017-06-16,0.0,19.09,0.56,0.276,0.407,183.2,0.1325
ST032,2017-06-23,0.17,23.21,0.549,0.276,0.407,183.2,0.0797
ST032,2017-06-30,0.0,22.09,0.566,0.276,0.407,183.2,0.0569
ST032,2017-07-07,0.0,21.13,0.586,0.276,0.407,183.2,0.1224
ST032,2017-07-14,0.0,22.98,0.663,0.276,0.407,183.2,0.0841
ST032,2017-07-21,0.0,22.46,0.644,0.276,0.407,183.2,0.0546
ST032,2017-07-28,0.0,22.45,0.574,0.276,0.407,183.2,0.0715
ST032,2017-08-04,22.55,17.9,0.649,0.276,0.407,183.2,0.1114
ST032,2017-08-11,0.0,19.47,0.67,0.276,0.407,183.2,0.0746
ST032,2017-08-18,0.0,21.05,0.657,0.276,0.407,183.2,0.0518
ST032,2017-08-25,0.0,23.76,0.627,0.276,0.407,183.2,0.0564
ST032,2017-09-01,0.0,19.02,0.639,0.276,0.407,183.2,0.0538
ST032,2017-09-08,0.0,17.35,0.648,0.276,0.407,183.2,0.0554
ST032,2017-09-15,2.32,16.03,0.576,0.276,0.407,183.2,0.0642
ST032,2017-09-22,2.39,16.04,0.579,0.276,0.407,183.2,0.053
ST032,2017-09-29,6.67,17.42,0.541,0.276,0.407,183.2,0.0859
ST032,2017-10-06,0.0,17.48,0.528,0.276,0.407,183.2,0.0679
ST032,2017-10-13,0.0,13.19,0.497,0.276,0.407,183.2,0.07
ST032,2017-10-20,0.0,12.68,0.435,0.276,0.407,183.2,0.0668
ST032,2017-10-27,0.0,8.62,0.419,0.276,0.407,183.2,0.0582
ST032,2017-11-03,0.0,9.98,0.366,0.276,0.407,183.2,0.0553
ST032,2017-11-10,0.0,2.9,0.351,0.276,0.407,183.2,0.0573
ST032,2017-11-17,7.43,3.43,0.332,0.276,0.407,183.2,0.0893
ST032,2017-11-24,0.0,4.16,0.316,0.276,0.407,183.2,0.066
ST032,2017-12-01,0.0,1.54,0.259,0.276,0.407,183.2,0.0627
ST032,2017-12-08,0.0,4.58,0.243,0.276,0.407,183.2,0.0599
ST032,2017-12-15,0.0,3.53,0.144,0.276,0.407,183.2,0.0689
ST032,2017-12-22,0.0,0.76,0.126,0.276,0.407,183.2,0.0705
ST032,2017-12-29,0.0,5.35,0.195,0.276,0.407,183.2,0.0833
ST032,2018-01-05,0.0,-0.19,0.099,0.276,0.407,183.2,0.0513
ST032,2018-01-12,0.0,3.38,0.072,0.276,0.407,183.2,0.0711
ST032,2018-01-19,0.0,1.36,0.181,0.276,0.407,183.2,0.0742
ST032,2018-01-26,0.0,2.2,0.077,0.276,0.407,183.2,0.0618
ST032,2018-02-02,0.0,1.72,0.06,0.276,0.407,183.2,0.0563
ST032,2018-02-09,0.0,2.62,0.095,0.276,0.407,183.2,0.0507
ST032,2018-02-16,0.0,0.11,0.162,0.276,0.407,183.2,0.0466
ST032,2018-02-23,0.0,1.89,0.061,0.276,0.407,183.2,0.0485
ST032,2018-03-02,0.0,6.69,0.058,0.276,0.407,183.2,0.1042
ST032,2018-03-09,0.0,4.75,0.052,0.276,0.407,183.2,0.0663
ST032,2018-03-16,0.0,5.06,0.081,0.276,0.407,183.2,0.1456
ST032,2018-03-23,0.0,8.07,0.13,0.276,0.407,183.2,0.1018
ST032,2018-03-30,0.0,7.88,0.152,0.276,0.407,183.2,0.0684
ST032,2018-04-06,0.0,12.7,0.225,0.276,0.407,183.2,0.0468
ST032,2018-04-13,0.0,13.52,0.227,0.276,0.407,183.2,0.0645
ST032,2018-04-20,0.0,11.4,0.262,0.276,0.407,183.2,0.0497
ST032,2018-04-27,0.0,15.81,0.238,0.276,0.407,183.2,0.0695
ST032,2018-05-04,0.0,15.18,0.353,0.276,0.407,183.2,0.0618
ST032,2018-05-11,2.49,16.43,0.342,0.276,0.407,183.2,0.0654
ST032,2018-05-18,0.0,13.85,0.402,0.276,0.407,183.2,0.0637
ST032,2018-05-25,0.0,17.93,0.419,0.276,0.407,183.2,0.0619
ST032,2018-06-01,0.0,16.62,0.45,0.276,0.407,183.2,0.1554
ST032,2018-06-08,0.0,17.45,0.487,0.276,0.407,183.2,0.07
ST032,2018-06-15,0.0,27.48,0.563,0.276,0.407,183.2,0.0548
ST032,2018-06-22,0.0,23.57,0.566,0.276,0.407,183.2,0.0779
ST032,2018-06-29,13.43,24.62,0.59,0.276,0.407,183.2,0.0955
ST032,2018-07-06,0.0,25.14,0.579,0.276,0.407,183.2,0.0634
ST032,2018-07-13,5.69,23.38,0.571,0.276,0.407,183.2,0.1486
ST032,2018-07-20,0.0,22.68,0.646,0.276,0.407,183.2,0.0573
ST032,2018-07-27,0.0,23.11,0.7,0.276,0.407,183.2,0.1381
ST032,2018-08-03,0.0,16.95,0.627,0.276,0.407,183.2,0.1297
ST032,2018-08-10,0.0,19.84,0.665,0.276,0.407,183.2,0.1192
ST032,2018-08-17,0.0,20.95,0.701,0.276,0.407,183.2,0.0579
ST032,2018-08-24,0.0,15.94,0.597,0.276,0.407,183.2,0.0517
ST032,2018-08-31,0.0,20.69,0.619,0.276,0.407,183.2,0.0531
ST032,2018-09-07,0.0,17.34,0.61,0.276,0.407,183.2,0.0505
ST032,2018-09-14,0.0,18.88,0.619,0.276,0.407,183.2,0.062
ST032,2018-09-21,0.0,19.93,0.547,0.276,0.407,183.2,0.0715
ST032,2018-09-28,0.0,14.19,0.553,0.276,0.407,183.2,0.067
ST032,2018-10-05,0.0,16.25,0.455,0.276,0.407,183.2,0.0557
ST032,2018-10-12,0.0,12.61,0.478,0.276,0.407,183.2,0.0714
ST032,2018-10-19,0.0,14.49,0.452,0.276,0.407,183.2,0.0489
ST032,2018-10-26,11.5,7.91,0.398,0.276,0.407,183.2,0.1212
ST032,2018-11-02,0.0,9.45,0.407,0.276,0.407,183.2,0.0807
ST032,2018-11-09,0.0,8.56,0.368,0.276,0.407,183.2,0.087
ST032,2018-11-16,0.0,2.47,0.318,0.276,0.407,183.2,0.0659
ST032,2018-11-23,0.0,6.73,0.219,0.276,0.407,183.2,0.0707
ST032,2018-11-30,0.0,9.3,0.292,0.276,0.407,183.2,0.0929
ST032,2018-12-07,0.0,-2.0,0.255,0.276,0.407,183.2,0.0918
ST032,2018-12-14,0.0,2.66,0.196,0.276,0.407,183.2,0.1003
ST032,2018-12-21,0.0,0.73,0.144,0.276,0.407,183.2,0.0673
ST032,2018-12-28,0.0,0.7,0.183,0.276,0.407,183.2,0.062
ST032,2019-01-04,0.0,-2.89,0.118,0.276,0.407,183.2,0.0606
ST032,2019-01-11,0.0,2.11,0.077,0.276,0.407,183.2,0.0559
ST032,2019-01-18,0.0,1.53,0.059,0.276,0.407,183.2,0.0574
ST032,2019-01-25,0.0,0.81,0.101,0.276,0.407,183.2,0.0553
ST032,2019-02-01,0.0,0.51,0.05,0.276,0.407,183.2,0.0603
ST032,2019-02-08,0.0,0.61,0.079,0.276,0.407,183.2,0.0498
ST032,2019-02-15,0.0,-2.07,0.05,0.276,0.407,183.2,0.0619
ST032,2019-02-22,0.0,1.81,0.07,0.276,0.407,183.2,0.0726
ST032,2019-03-01,0.0,2.75,0.05,0.276,0.407,183.2,0.0784
ST032,2019-03-08,0.0,3.85,0.072,0.276,0.407,183.2,0.0774
ST032,2019-03-15,0.0,9.96,0.075,0.276,0.407,183.2,0.0839
ST032,2019-03-22,0.0,3.52,0.125,0.276,0.407,183.2,0.0593
ST032,2019-03-29,0.0,9.07,0.113,0.276,0.407,183.2,0.0587
ST032,2019-04-05,0.0,9.75,0.142,0.276,0.407,183.2,0.1633
ST032,2019-04-12,0.0,11.81,0.209,0.276,0.407,183.2,0.097
ST032,2019-04-19,0.0,14.76,0.276,0.276,0.407,183.2,0.0966
ST032,2019-04-26,0.0,13.58,0.234,0.276,0.407,183.2,0.0667
ST032,2019-05-03,0.0,14.75,0.353,0.276,0.407,183.2,0.1416
ST032,2019-05-10,0.0,17.31,0.327,0.276,0.407,183.2,0.0526
ST032,2019-05-17,6.72,18.62,0.427,0.276,0.407,183.2,0.2359
ST032,2019-05-24,0.0,17.85,0.397,0.276,0.407,183.2,0.2429
ST032,2019-05-31,0.0,22.08,0.513,0.276,0.407,183.2,0.0846
ST032,2019-06-07,0.0,19.42,0.453,0.276,0.407,183.2,0.0697
ST032,2019-06-14,0.0,24.71,0.5,0.276,0.407,183.2,0.059
ST032,2019-06-21,0.0,21.4,0.538,0.276,0.407,183.2,0.0982
ST032,2019-06-28,0.0,25.98,0.567,0.276,0.407,183.2,0.0508
ST032,2019-07-05,0.0,22.35,0.579,0.276,0.407,183.2,0.0455
ST032,2019-07-12,10.59,22.63,0.626,0.276,0.407,183.2,0.0823
ST032,2019-07-19,0.0,23.89,0.658,0.276,0.407,183.2,0.0572
ST032,2019-07-26,0.0,20.98,0.59,0.276,0.407,183.2,0.0606
ST032,2019-08-02,0.0,19.49,0.644,0.276,0.407,183.2,0.3389
ST032,2019-08-09,0.0,23.0,0.669,0.276,0.407,183.2,0.1618
ST032,2019-08-16,23.98,21.17,0.636,0.276,0.407,183.2,0.1673
ST032,2019-08-23,0.71,18.41,0.599,0.276,0.407,183.2,0.054
ST032,2019-08-30,0.0,20.17,0.627,0.276,0.407,183.2,0.0555
ST032,2019-09-06,0.0,14.17,0.667,0.276,0.407,183.2,0.0662
ST032,2019-09-13,0.0,16.94,0.61,0.276,0.407,183.2,0.0577
ST032,2019-09-20,0.0,18.38,0.577,0.276,0.407,183.2,0.0441
ST032,2019-09-27,0.0,16.12,0.513,0.276,0.407,183.2,0.0637
ST032,2019-10-04,0.0,13.07,0.496,0.276,0.407,183.2,0.0683
ST032,2019-10-11,0.0,9.09,0.481,0.276,0.407,183.2,0.055
ST032,2019-10-18,0.0,16.21,0.426,0.276,0.407,183.2,0.0574
ST032,2019-10-25,0.0,10.49,0.444,0.276,0.407,183.2,0.0604
ST032,2019-11-01,0.0,10.29,0.435,0.276,0.407,183.2,0.0579
ST032,2019-11-08,0.0,6.33,0.373,0.276,0.407,183.2,0.0458
ST032,2019-11-15,0.0,3.97,0.306,0.276,0.407,183.2,0.0582
ST032,2019-11-22,0.0,7.03,0.277,0.276,0.407,183.2,0.0566
ST032,2019-11-29,0.0,2.21,0.255,0.276,0.407,183.2,0.0655
ST032,2019-12-06,0.0,-0.08,0.243,0.276,0.407,183.2,0.0522
ST032,2019-12-13,0.0,2.96,0.197,0.276,0.407,183.2,0.0538
ST032,2019-12-20,0.0,4.49,0.142,0.276,0.407,183.2,0.0694
ST032,2019-12-27,0.0,1.45,0.151,0.276,0.407,183.2,0.0796
ST032,2020-01-03,0.0,1.0,0.122,0.276,0.407,183.2,0.1603
ST032,2020-01-10,0.0,0.79,0.102,0.276,0.407,183.2,0.161
ST032,2020-01-17,0.0,-0.75,0.084,0.276,0.407,183.2,0.0913
ST032,2020-01-24,0.0,-0.51,0.05,0.276,0.407,183.2,0.1036
ST032,2020-01-31,0.0,2.34,0.05,0.276,0.407,183.2,0.078
ST032,2020-02-07,7.02,1.19,0.05,0.276,0.407,183.2,0.0954
ST032,2020-02-14,0.0,-0.41,0.109,0.276,0.407,183.2,0.0736
ST032,2020-02-21,0.0,1.88,0.054,0.276,0.407,183.2,0.0745
ST032,2020-02-28,2.58,1.75,0.103,0.276,0.407,183.2,0.0775
ST032,2020-03-06,0.0,4.76,0.125,0.276,0.407,183.2,0.0666
ST032,2020-03-13,0.0,4.61,0.148,0.276,0.407,183.2,0.0715
ST032,2020-03-20,0.0,5.96,0.109,0.276,0.407,183.2,0.0696
ST032,2020-03-27,2.64,6.29,0.154,0.276,0.407,183.2,0.0603
ST032,2020-04-03,0.0,11.65,0.201,0.276,0.407,183.2,0.1152
ST032,2020-04-10,0.0,9.4,0.254,0.276,0.407,183.2,0.0717
ST032,2020-04-17,0.0,13.32,0.259,0.276,0.407,183.2,0.061
ST032,2020-04-24,4.92,18.45,0.292,0.276,0.407,183.2,0.084
ST032,2020-05-01,7.06,9.97,0.362,0.276,0.407,183.2,0.0672
ST032,2020-05-08,0.0,18.83,0.375,0.276,0.407,183.2,0.0593
ST032,2020-05-15,0.0,15.43,0.382,0.276,0.407,183.2,0.1965
ST032,2020-05-22,0.0,18.24,0.374,0.276,0.407,183.2,0.1367
ST032,2020-05-29,0.0,18.73,0.533,0.276,0.407,183.2,0.1245
ST032,2020-06-05,0.0,20.38,0.496,0.276,0.407,183.2,0.0751
ST032,2020-06-12,0.0,22.83,0.527,0.276,0.407,183.2,0.0744
ST032,2020-06-19,0.0,23.38,0.53,0.276,0.407,183.2,0.043
ST032,2020-06-26,10.89,22.03,0.606,0.276,0.407,183.2,0.0945
ST032,2020-07-03,0.0,25.64,0.604,0.276,0.407,183.2,0.0683
ST032,2020-07-10,0.99,24.88,0.57,0.276,0.407,183.2,0.0665
ST032,2020-07-17,0.0,26.42,0.638,0.276,0.407,183.2,0.0552
ST032,2020-07-24,0.0,25.29,0.655,0.276,0.407,183.2,0.0539
ST032,2020-07-31,0.0,24.33,0.623,0.276,0.407,183.2,0.0663
ST032,2020-08-07,43.59,20.36,0.61,0.276,0.407,183.2,0.1967
ST032,2020-08-14,0.0,20.78,0.622,0.276,0.407,183.2,0.1696
ST032,2020-08-21,0.0,19.61,0.645,0.276,0.407,183.2,0.0784
ST032,2020-08-28,0.0,20.91,0.624,0.276,0.407,183.2,0.0817
ST032,2020-09-04,0.0,19.66,0.622,0.276,0.407,183.2,0.0618
ST032,2020-09-11,0.0,19.88,0.635,0.276,0.407,183.2,0.0699
ST032,2020-09-18,26.01,16.95,0.53,0.276,0.407,183.2,0.2428
ST032,2020-09-25,0.0,15.93,0.556,0.276,0.407,183.2,0.123
ST032,2020-10-02,0.0,17.11,0.571,0.276,0.407,183.2,0.0754
ST032,2020-10-09,0.0,12.68,0.503,0.276,0.407,183.2,0.0558
ST032,2020-10-16,0.0,11.72,0.474,0.276,0.407,183.2,0.0696
ST032,2020-10-23,0.0,10.84,0.405,0.276,0.407,183.2,0.064
ST032,2020-10-30,0.0,8.66,0.39,0.276,0.407,183.2,0.0684
ST032,2020-11-06,0.0,1.38,0.386,0.276,0.407,183.2,0.0632
ST032,2020-11-13,0.0,5.84,0.333,0.276,0.407,183.2,0.046
ST032,2020-11-20,0.0,5.06,0.261,0.276,0.407,183.2,0.0608
ST032,2020-11-27,0.0,3.42,0.276,0.276,0.407,183.2,0.051
ST032,2020-12-04,0.0,2.05,0.205,0.276,0.407,183.2,0.0668
ST032,2020-12-11,0.0,0.3,0.197,0.276,0.407,183.2,0.0738
ST032,2020-12-18,0.0,0.45,0.158,0.276,0.407,183.2,0.0459
ST032,2020-12-25,0.0,4.21,0.127,0.276,0.407,183.2,0.0632
ST033,2016-01-01,0.0,-6.09,0.179,0.611,0.117,1455.3,0.2504
ST033,2016-01-08,0.0,-6.63,0.18,0.611,0.117,1455.3,0.0776
ST033,2016-01-15,0.0,-7.98,0.17,0.611,0.117,1455.3,0.0587
ST033,2016-01-22,0.0,-6.89,0.124,0.611,0.117,1455.3,0.0506
ST033,2016-01-29,0.0,-3.53,0.119,0.611,0.117,1455.3,0.0298
ST033,2016-02-05,0.0,-8.35,0.132,0.611,0.117,1455.3,0.0862
ST033,2016-02-12,0.0,-4.72,0.171,0.611,0.117,1455.3,0.0561
ST033,2016-02-19,0.0,-6.92,0.11,0.611,0.117,1455.3,0.1065
ST033,2016-02-26,0.0,-3.71,0.12,0.611,0.117,1455.3,0.0583
ST033,2016-03-04,0.0,-5.84,0.127,0.611,0.117,1455.3,0.0381
ST033,2016-03-11,0.0,-0.87,0.209,0.611,0.117,1455.3,0.0353
ST033,2016-03-18,0.0,-0.37,0.196,0.611,0.117,1455.3,0.031
ST033,2016-03-25,0.0,-2.5,0.194,0.611,0.117,1455.3,0.1496
ST033,2016-04-01,0.0,-2.08,0.283,0.611,0.117,1455.3,0.1019
ST033,2016-04-08,0.0,1.87,0.213,0.611,0.117,1455.3,0.083
ST033,2016-04-15,53.88,1.81,0.281,0.611,0.117,1455.3,0.2974
ST033,2016-04-22,19.83,4.49,0.288,0.611,0.117,1455.3,0.2706
ST033,2016-04-29,0.0,3.79,0.308,0.611,0.117,1455.3,0.1034
ST033,2016-05-06,3.64,9.13,0.286,0.611,0.117,1455.3,0.0563
ST033,2016-05-13,3.95,7.39,0.364,0.611,0.117,1455.3,0.3073
ST033,2016-05-20,2.92,9.03,0.437,0.611,0.117,1455.3,0.1164
ST033,2016-05-27,0.0,6.17,0.441,0.611,0.117,1455.3,0.0481
ST033,2016-06-03,0.0,13.45,0.439,0.611,0.117,1455.3,0.02
ST033,2016-06-10,0.0,14.62,0.458,0.611,0.117,1455.3,0.02
ST033,2016-06-17,3.22,11.37,0.505,0.611,0.117,1455.3,0.1277
ST033,2016-06-24,0.0,19.06,0.561,0.611,0.117,1455.3,0.026
ST033,2016-07-01,0.0,13.23,0.536,0.611,0.117,1455.3,0.0328
ST033,2016-07-08,0.0,14.87,0.539,0.611,0.117,1455.3,0.0322
ST033,2016-07-15,23.57,17.61,0.587,0.611,0.117,1455.3,0.269
ST033,2016-07-22,0.0,14.68,0.584,0.611,0.117,1455.3,0.1442
ST033,2016-07-29,0.0,15.79,0.601,0.611,0.117,1455.3,0.0384
ST033,2016-08-05,0.0,11.69,0.541,0.611,0.117,1455.3,0.0526
ST033,2016-08-12,0.0,11.54,0.604,0.611,0.117,1455.3,0.0374
ST033,2016-08-19,0.0,9.94,0.591,0.611,0.117,1455.3,0.0321
ST033,2016-08-26,0.0,12.85,0.584,0.611,0.117,1455.3,0.0284
ST033,2016-09-02,0.0,9.54,0.569,0.611,0.117,1455.3,0.0356
ST033,2016-09-09,0.0,7.23,0.479,0.611,0.117,1455.3,0.0303
ST033,2016-09-16,0.0,5.45,0.542,0.611,0.117,1455.3,0.02
ST033,2016-09-23,0.0,6.37,0.449,0.611,0.117,1455.3,0.0233
ST033,2016-09-30,2.23,4.96,0.506,0.611,0.117,1455.3,0.0379
ST033,2016-10-07,0.0,3.97,0.477,0.611,0.117,1455.3,0.031
ST033,2016-10-14,0.0,2.85,0.453,0.611,0.117,1455.3,0.0325
ST033,2016-10-21,0.0,3.21,0.445,0.611,0.117,1455.3,0.036
ST033,2016-10-28,0.0,1.55,0.406,0.611,0.117,1455.3,0.0286
ST033,2016-11-04,0.0,0.74,0.381,0.611,0.117,1455.3,0.0408
ST033,2016-11-11,8.17,-4.02,0.319,0.611,0.117,1455.3,0.0827
ST033,2016-11-18,0.0,-2.89,0.334,0.611,0.117,1455.3,0.0608
ST033,2016-11-25,0.0,-2.28,0.323,0.611,0.117,1455.3,0.0515
ST033,2016-12-02,0.0,-6.4,0.266,0.611,0.117,1455.3,0.0956
ST033,2016-12-09,0.0,-4.5,0.298,0.611,0.117,1455.3,0.0456
ST033,2016-12-16,0.0,-9.96,0.194,0.611,0.117,1455.3,0.0342
ST033,2016-12-23,0.0,-8.32,0.169,0.611,0.117,1455.3,0.036
ST033,2016-12-30,0.0,-8.68,0.149,0.611,0.117,1455.3,0.0222
ST033,2017-01-06,0.0,-7.92,0.157,0.611,0.117,1455.3,0.0343
ST033,2017-01-13,0.0,-3.0,0.139,0.611,0.117,1455.3,0.0367
ST033,2017-01-20,0.0,-7.01,0.083,0.611,0.117,1455.3,0.0453
ST033,2017-01-27,0.0,-8.51,0.113,0.611,0.117,1455.3,0.0477
ST033,2017-02-03,0.0,-6.11,0.172,0.611,0.117,1455.3,0.15
ST033,2017-02-10,0.0,-3.48,0.121,0.611,0.117,1455.3,0.1851
ST033,2017-02-17,0.0,-7.35,0.133,0.611,0.117,1455.3,0.0671
ST033,2017-02-24,0.0,-4.3,0.13,0.611,0.117,1455.3,0.0895
ST033,2017-03-03,0.0,-2.18,0.17,0.611,0.117,1455.3,0.107
ST033,2017-03-10,0.0,-1.56,0.155,0.611,0.117,1455.3,0.071
ST033,2017-03-17,0.0,-0.99,0.109,0.611,0.117,1455.3,0.0408
ST033,2017-03-24,11.72,-0.53,0.224,0.611,0.117,1455.3,0.1976
ST033,2017-03-31,0.0,-1.47,0.251,0.611,0.117,1455.3,0.112
ST033,2017-04-07,0.07,2.08,0.258,0.611,0.117,1455.3,0.0761
ST033,2017-04-14,0.0,3.67,0.217,0.611,0.117,1455.3,0.0501
ST033,2017-04-21,0.0,4.25,0.259,0.611,0.117,1455.3,0.0504
ST033,2017-04-28,0.0,6.21,0.313,0.611,0.117,1455.3,0.1519
ST033,2017-05-05,50.09,10.28,0.343,0.611,0.117,1455.3,0.3255
ST033,2017-05-12,0.0,12.09,0.349,0.611,0.117,1455.3,0.1045
ST033,2017-05-19,0.0,11.06,0.382,0.611,0.117,1455.3,0.0395
ST033,2017-05-26,0.0,8.46,0.394,0.611,0.117,1455.3,0.0557
ST033,2017-06-02,0.0,9.16,0.409,0.611,0.117,1455.3,0.1574
ST033,2017-06-09,3.28,11.45,0.474,0.611,0.117,1455.3,0.1984
ST033,2017-06-16,0.0,13.27,0.475,0.611,0.117,1455.3,0.2109
ST033,2017-06-23,0.0,15.21,0.507,0.611,0.117,1455.3,0.0507
ST033,2017-06-30,0.0,15.32,0.539,0.611,0.117,1455.3,0.0354
ST033,2017-07-07,0.0,13.36,0.496,0.611,0.117,1455.3,0.1399
ST033,2017-07-14,0.0,16.0,0.567,0.611,0.117,1455.3,0.0868
ST033,2017-07-21,0.0,17.2,0.541,0.611,0.117,1455.3,0.0314
ST033,2017-07-28,4.02,15.41,0.543,0.611,0.117,1455.3,0.0326
ST033,2017-08-04,0.0,15.86,0.568,0.611,0.117,1455.3,0.0667
ST033,2017-08-11,0.0,13.01,0.581,0.611,0.117,1455.3,0.02
ST033,2017-08-18,0.0,13.55,0.593,0.611,0.117,1455.3,0.0415
ST033,2017-08-25,4.93,12.75,0.593,0.611,0.117,1455.3,0.1207
ST033,2017-09-01,0.0,9.69,0.554,0.611,0.117,1455.3,0.1366
ST033,2017-09-08,5.81,6.78,0.57,0.611,0.117,1455.3,0.1245
ST033,2017-09-15,0.57,12.35,0.563,0.611,0.117,1455.3,0.0481
ST033,2017-09-22,0.0,9.14,0.525,0.611,0.117,1455.3,0.0779
ST033,2017-09-29,0.0,10.7,0.518,0.611,0.117,1455.3,0.1112
ST033,2017-10-06,0.0,3.58,0.441,0.611,0.117,1455.3,0.1468
ST033,2017-10-13,8.95,2.19,0.497,0.611,0.117,1455.3,0.0911
ST033,2017-10-20,0.0,1.42,0.465,0.611,0.117,1455.3,0.0398
ST033,2017-10-27,0.0,1.28,0.36,0.611,0.117,1455.3,0.0488
ST033,2017-11-03,0.0,-2.43,0.351,0.611,0.117,1455.3,0.0228
ST033,2017-11-10,0.0,-5.07,0.335,0.611,0.117,1455.3,0.0405
ST033,2017-11-17,0.0,-7.21,0.322,0.611,0.117,1455.3,0.0293
ST033,2017-11-24,0.0,-6.81,0.252,0.611,0.117,1455.3,0.0387
ST033,2017-12-01,0.0,-9.19,0.238,0.611,0.117,1455.3,0.0253
ST033,2017-12-08,0.0,-2.14,0.194,0.611,0.117,1455.3,0.0587
ST033,2017-12-15,0.0,-5.86,0.245,0.611,0.117,1455.3,0.0299
ST033,2017-12-22,0.0,-10.86,0.19,0.611,0.117,1455.3,0.0412
ST033,2017-12-29,0.0,-2.44,0.172,0.611,0.117,1455.3,0.0369
ST033,2018-01-05,0.0,-8.17,0.186,0.611,0.117,1455.3,0.041
ST033,2018-01-12,0.0,-10.23,0.167,0.611,0.117,1455.3,0.0498
ST033,2018-01-19,0.0,-6.5,0.147,0.611,0.117,1455.3,0.02
ST033,2018-01-26,0.0,-4.49,0.13,0.611,0.117,1455.3,0.0348
ST033,2018-02-02,0.0,-7.71,0.167,0.611,0.117,1455.3,0.0614
ST033,2018-02-09,3.57,-5.65,0.137,0.611,0.117,1455.3,0.0523
ST033,2018-02-16,0.0,-4.09,0.156,0.611,0.117,1455.3,0.0602
ST033,2018-02-23,0.0,-4.02,0.104,0.611,0.117,1455.3,0.045
ST033,2018-03-02,0.0,-3.71,0.176,0.611,0.117,1455.3,0.0398
ST033,2018-03-09,0.0,-4.68,0.151,0.611,0.117,1455.3,0.0295
ST033,2018-03-16,31.8,-2.91,0.108,0.611,0.117,1455.3,0.2239
ST033,2018-03-23,0.0,-5.16,0.164,0.611,0.117,1455.3,0.1853
ST033,2018-03-30,39.09,-2.45,0.168,0.611,0.117,1455.3,0.2835
ST033,2018-04-06,2.7,3.1,0.295,0.611,0.117,1455.3,0.1751
ST033,2018-04-13,35.62,1.86,0.287,0.611,0.117,1455.3,0.2614
ST033,2018-04-20,17.5,3.41,0.286,0.611,0.117,1455.3,0.2136
ST033,2018-04-27,0.0,5.72,0.338,0.611,0.117,1455.3,0.0505
ST033,2018-05-04,38.75,5.53,0.265,0.611,0.117,1455.3,0.3049
ST033,2018-05-11,0.0,11.95,0.341,0.611,0.117,1455.3,0.4039
ST033,2018-05-18,0.0,5.96,0.395,0.611,0.117,1455.3,0.1207
ST033,2018-05-25,3.56,10.23,0.457,0.611,0.117,1455.3,0.1797
ST033,2018-06-01,0.0,8.08,0.409,0.611,0.117,1455.3,0.0771
ST033,2018-06-08,0.0,15.36,0.453,0.611,0.117,1455.3,0.0223
ST033,2018-06-15,0.0,11.99,0.506,0.611,0.117,1455.3,0.1806
ST033,2018-06-22,92.3,16.38,0.473,0.611,0.117,1455.3,0.4396
ST033,2018-06-29,24.36,15.98,0.511,0.611,0.117,1455.3,0.2053
ST033,2018-07-06,0.0,13.99,0.532,0.611,0.117,1455.3,0.1099
ST033,2018-07-13,0.0,11.04,0.542,0.611,0.117,1455.3,0.0965
ST033,2018-07-20,0.0,11.49,0.591,0.611,0.117,1455.3,0.0568
ST033,2018-07-27,2.06,12.21,0.532,0.611,0.117,1455.3,0.0386
ST033,2018-08-03,0.0,11.48,0.602,0.611,0.117,1455.3,0.0292
ST033,2018-08-10,0.0,12.91,0.587,0.611,0.117,1455.3,0.0472
ST033,2018-08-17,0.0,11.42,0.553,0.611,0.117,1455.3,0.0342
ST033,2018-08-24,0.0,13.75,0.606,0.611,0.117,1455.3,0.1028
ST033,2018-08-31,0.0,6.99,0.566,0.611,0.117,1455.3,0.0333
ST033,2018-09-07,0.0,9.03,0.536,0.611,0.117,1455.3,0.0337
ST033,2018-09-14,0.0,6.51,0.508,0.611,0.117,1455.3,0.0372
ST033,2018-09-21,0.0,11.39,0.539,0.611,0.117,1455.3,0.0328
ST033,2018-09-28,0.0,5.72,0.467,0.611,0.117,1455.3,0.0494
ST033,2018-10-05,0.0,3.22,0.445,0.611,0.117,1455.3,0.031
ST033,2018-10-12,0.0,4.52,0.475,0.611,0.117,1455.3,0.0323
ST033,2018-10-19,0.0,-1.79,0.479,0.611,0.117,1455.3,0.0391
ST033,2018-10-26,0.0,0.49,0.419,0.611,0.117,1455.3,0.0214
ST033,2018-11-02,0.0,1.58,0.318,0.611,0.117,1455.3,0.0332
ST033,2018-11-09,0.0,-0.63,0.332,0.611,0.117,1455.3,0.0429
ST033,2018-11-16,0.0,-4.19,0.302,0.611,0.117,1455.3,0.0479
ST033,2018-11-23,0.0,-1.2,0.263,0.611,0.117,1455.3,0.0327
ST033,2018-11-30,0.0,-6.91,0.213,0.611,0.117,1455.3,0.0345
ST033,2018-12-07,0.0,-6.65,0.262,0.611,0.117,1455.3,0.054
ST033,2018-12-14,0.0,-2.92,0.242,0.611,0.117,1455.3,0.0386
ST033,2018-12-21,0.0,-7.93,0.202,0.611,0.117,1455.3,0.0404
ST033,2018-12-28,0.0,-2.82,0.161,0.611,0.117,1455.3,0.0329
ST033,2019-01-04,0.0,-8.74,0.158,0.611,0.117,1455.3,0.0509
ST033,2019-01-11,0.0,-8.29,0.131,0.611,0.117,1455.3,0.0415
ST033,2019-01-18,0.0,-3.81,0.167,0.611,0.117,1455.3,0.0335
ST033,2019-01-25,0.0,-5.22,0.115,0.611,0.117,1455.3,0.0939
ST033,2019-02-01,0.0,-4.73,0.116,0.611,0.117,1455.3,0.0497
ST033,2019-02-08,0.0,-8.59,0.151,0.611,0.117,1455.3,0.0488
ST033,2019-02-15,3.48,-8.25,0.151,0.611,0.117,1455.3,0.0583
ST033,2019-02-22,0.0,-6.06,0.192,0.611,0.117,1455.3,0.0213
ST033,2019-03-01,0.0,-3.64,0.161,0.611,0.117,1455.3,0.0513
ST033,2019-03-08,0.0,-4.66,0.117,0.611,0.117,1455.3,0.0309
ST033,2019-03-15,0.0,-1.46,0.172,0.611,0.117,1455.3,0.1154
ST033,2019-03-22,6.1,-1.79,0.167,0.611,0.117,1455.3,0.1248
ST033,2019-03-29,0.0,2.26,0.208,0.611,0.117,1455.3,0.161
ST033,2019-04-05,0.0,-0.11,0.241,0.611,0.117,1455.3,0.0568
ST033,2019-04-12,0.0,3.02,0.225,0.611,0.117,1455.3,0.25
ST033,2019-04-19,0.0,1.37,0.267,0.611,0.117,1455.3,0.1095
ST033,2019-04-26,0.0,7.65,0.325,0.611,0.117,1455.3,0.1011
ST033,2019-05-03,20.42,3.77,0.324,0.611,0.117,1455.3,0.3115
ST033,2019-05-10,0.0,6.44,0.315,0.611,0.117,1455.3,0.0949
ST033,2019-05-17,6.68,8.03,0.321,0.611,0.117,1455.3,0.1336
ST033,2019-05-24,0.0,12.7,0.405,0.611,0.117,1455.3,0.1173
ST033,2019-05-31,0.0,11.69,0.455,0.611,0.117,1455.3,0.051
ST033,2019-06-07,2.05,10.45,0.471,0.611,0.117,1455.3,0.0283
ST033,2019-06-14,0.0,15.23,0.483,0.611,0.117,1455.3,0.1074
ST033,2019-06-21,0.0,18.43,0.497,0.611,0.117,1455.3,0.1184
ST033,2019-06-28,0.0,17.29,0.507,0.611,0.117,1455.3,0.1375
ST033,2019-07-05,0.0,16.4,0.526,0.611,0.117,1455.3,0.0272
ST033,2019-07-12,0.0,15.8,0.485,0.611,0.117,1455.3,0.1665
ST033,2019-07-19,0.0,11.24,0.577,0.611,0.117,1455.3,0.0335
ST033,2019-07-26,0.0,14.29,0.549,0.611,0.117,1455.3,0.3072
ST033,2019-08-02,0.0,14.06,0.62,0.611,0.117,1455.3,0.044
ST033,2019-08-09,0.0,12.21,0.542,0.611,0.117,1455.3,0.0508
ST033,2019-08-16,24.35,10.61,0.547,0.611,0.117,1455.3,0.1612
ST033,2019-08-23,0.0,13.88,0.584,0.611,0.117,1455.3,0.0455
ST033,2019-08-30,0.0,11.37,0.589,0.611,0.117,1455.3,0.052
ST033,2019-09-06,0.0,7.42,0.552,0.611,0.117,1455.3,0.0413
ST033,2019-09-13,0.0,9.37,0.552,0.611,0.117,1455.3,0.0368
ST033,2019-09-20,0.0,11.15,0.484,0.611,0.117,1455.3,0.029
ST033,2019-09-27,0.0,7.16,0.474,0.611,0.117,1455.3,0.02
ST033,2019-10-04,0.0,4.07,0.525,0.611,0.117,1455.3,0.0617
ST033,2019-10-11,11.02,4.19,0.424,0.611,0.117,1455.3,0.1178
ST033,2019-10-18,0.0,1.78,0.452,0.611,0.117,1455.3,0.0348
ST033,2019-10-25,0.0,-0.57,0.408,0.611,0.117,1455.3,0.068
ST033,2019-11-01,0.0,5.33,0.342,0.611,0.117,1455.3,0.1012
ST033,2019-11-08,0.0,0.18,0.403,0.611,0.117,1455.3,0.0419
ST033,2019-11-15,0.0,-2.63,0.321,0.611,0.117,1455.3,0.034
ST033,2019-11-22,0.0,-5.82,0.325,0.611,0.117,1455.3,0.02
ST033,2019-11-29,0.0,-4.61,0.301,0.611,0.117,1455.3,0.0221
ST033,2019-12-06,0.0,-7.05,0.268,0.611,0.117,1455.3,0.0823
ST033,2019-12-13,0.0,-6.3,0.277,0.611,0.117,1455.3,0.0634
ST033,2019-12-20,0.0,-5.15,0.156,0.611,0.117,1455.3,0.0469
ST033,2019-12-27,0.0,-6.96,0.199,0.611,0.117,1455.3,0.0266
ST033,2020-01-03,0.0,-2.85,0.184,0.611,0.117,1455.3,0.0274
ST033,2020-01-10,0.0,-7.32,0.103,0.611,0.117,1455.3,0.0389
ST033,2020-01-17,0.0,-9.68,0.136,0.611,0.117,1455.3,0.0516
ST033,2020-01-24,0.0,-3.83,0.108,0.611,0.117,1455.3,0.0482
ST033,2020-01-31,0.0,-8.3,0.111,0.611,0.117,1455.3,0.0297
ST033,2020-02-07,0.0,-8.97,0.174,0.611,0.117,1455.3,0.0592
ST033,2020-02-14,0.0,-5.99,0.068,0.611,0.117,1455.3,0.0435
ST033,2020-02-21,0.0,-4.99,0.101,0.611,0.117,1455.3,0.0277
ST033,2020-02-28,0.0,-4.07,0.136,0.611,0.117,1455.3,0.0906
ST033,2020-03-06,0.0,-4.63,0.178,0.611,0.117,1455.3,0.0878
ST033,2020-03-13,0.0,-0.97,0.15,0.611,0.117,1455.3,0.0504
ST033,2020-03-20,0.0,-0.66,0.176,0.611,0.117,1455.3,0.033
ST033,2020-03-27,0.0,-1.24,0.209,0.611,0.117,1455.3,0.3093
ST033,2020-04-03,0.0,2.95,0.174,0.611,0.117,1455.3,0.0862
ST033,2020-04-10,0.0,3.14,0.236,0.611,0.117,1455.3,0.0489
ST033,2020-04-17,10.72,0.7,0.269,0.611,0.117,1455.3,0.2375
ST033,2020-04-24,40.02,5.86,0.264,0.611,0.117,1455.3,0.4629
ST033,2020-05-01,0.0,8.19,0.29,0.611,0.117,1455.3,0.215
ST033,2020-05-08,0.0,9.31,0.357,0.611,0.117,1455.3,0.0684
ST033,2020-05-15,0.0,12.98,0.394,0.611,0.117,1455.3,0.0605
ST033,2020-05-22,28.55,9.37,0.456,0.611,0.117,1455.3,0.2032
ST033,2020-05-29,0.0,8.28,0.404,0.611,0.117,1455.3,0.169
ST033,2020-06-05,0.0,10.34,0.481,0.611,0.117,1455.3,0.1377
ST033,2020-06-12,0.0,14.06,0.524,0.611,0.117,1455.3,0.119
ST033,2020-06-19,0.0,12.79,0.544,0.611,0.117,1455.3,0.1718
ST033,2020-06-26,17.1,16.57,0.544,0.611,0.117,1455.3,0.0875
ST033,2020-07-03,7.05,14.36,0.526,0.611,0.117,1455.3,0.0742
ST033,2020-07-10,0.0,12.59,0.583,0.611,0.117,1455.3,0.1372
ST033,2020-07-17,4.78,17.18,0.545,0.611,0.117,1455.3,0.1699
ST033,2020-07-24,0.0,11.89,0.6,0.611,0.117,1455.3,0.0427
ST033,2020-07-31,1.98,12.36,0.6,0.611,0.117,1455.3,0.0778
ST033,2020-08-07,0.0,12.17,0.579,0.611,0.117,1455.3,0.0202
ST033,2020-08-14,0.0,10.82,0.554,0.611,0.117,1455.3,0.0873
ST033,2020-08-21,0.0,12.45,0.583,0.611,0.117,1455.3,0.0401
ST033,2020-08-28,0.0,7.41,0.58,0.611,0.117,1455.3,0.0262
ST033,2020-09-04,0.0,7.68,0.61,0.611,0.117,1455.3,0.0382
ST033,2020-09-11,0.0,10.13,0.537,0.611,0.117,1455.3,0.0274
ST033,2020-09-18,0.0,11.55,0.485,0.611,0.117,1455.3,0.02
ST033,2020-09-25,0.0,8.84,0.515,0.611,0.117,1455.3,0.0379
ST033,2020-10-02,0.0,2.0,0.51,0.611,0.117,1455.3,0.0487
ST033,2020-10-09,0.0,2.13,0.47,0.611,0.117,1455.3,0.0312
ST033,2020-10-16,0.0,2.56,0.446,0.611,0.117,1455.3,0.0477
ST033,2020-10-23,0.0,1.63,0.354,0.611,0.117,1455.3,0.0267
ST033,2020-10-30,0.0,2.39,0.384,0.611,0.117,1455.3,0.041
ST033,2020-11-06,0.0,-0.26,0.391,0.611,0.117,1455.3,0.0318
ST033,2020-11-13,0.0,4.38,0.292,0.611,0.117,1455.3,0.041
ST033,2020-11-20,0.0,0.82,0.276,0.611,0.117,1455.3,0.0279
ST033,2020-11-27,0.0,-2.72,0.248,0.611,0.117,1455.3,0.0317
ST033,2020-12-04,0.0,-7.15,0.306,0.611,0.117,1455.3,0.0455
ST033,2020-12-11,0.0,-3.88,0.24,0.611,0.117,1455.3,0.0424
ST033,2020-12-18,0.0,-6.68,0.142,0.611,0.117,1455.3,0.0335
ST033,2020-12-25,0.0,-7.39,0.157,0.611,0.117,1455.3,0.0407
ST034,2016-01-01,0.0,3.42,0.121,0.787,0.112,175.9,0.2159
ST034,2016-01-08,0.0,-0.27,0.054,0.787,0.112,175.9,0.0877
ST034,2016-01-15,0.0,1.58,0.07,0.787,0.112,175.9,0.0467
ST034,2016-01-22,0.0,-0.1,0.099,0.787,0.112,175.9,0.0398
ST034,2016-01-29,0.0,-0.53,0.05,0.787,0.112,175.9,0.0441
ST034,2016-02-05,0.0,1.56,0.094,0.787,0.112,175.9,0.0434
ST034,2016-02-12,0.0,4.18,0.107,0.787,0.112,175.9,0.0368
ST034,2016-02-19,0.0,2.19,0.05,0.787,0.112,175.9,0.0335
ST034,2016-02-26,0.0,-0.38,0.112,0.787,0.112,175.9,0.0265
ST034,2016-03-04,0.0,6.86,0.05,0.787,0.112,175.9,0.0536
ST034,2016-03-11,0.0,6.0,0.132,0.787,0.112,175.9,0.0417
ST034,2016-03-18,0.0,6.78,0.13,0.787,0.112,175.9,0.0733
ST034,2016-03-25,0.0,10.83,0.089,0.787,0.112,175.9,0.02
ST034,2016-04-01,0.0,9.81,0.207,0.787,0.112,175.9,0.02
ST034,2016-04-08,0.0,10.81,0.181,0.787,0.112,175.9,0.141
ST034,2016-04-15,0.0,12.45,0.25,0.787,0.112,175.9,0.2542
ST034,2016-04-22,1.21,13.77,0.255,0.787,0.112,175.9,0.3103
ST034,2016-04-29,4.89,11.13,0.277,0.787,0.112,175.9,0.2248
ST034,2016-05-06,0.0,11.31,0.372,0.787,0.112,175.9,0.1966
ST034,2016-05-13,0.0,15.3,0.357,0.787,0.112,175.9,0.116
ST034,2016-05-20,12.8,22.05,0.409,0.787,0.112,175.9,0.2865
ST034,2016-05-27,6.87,17.96,0.428,0.787,0.112,175.9,0.1929
ST034,2016-06-03,5.66,19.78,0.452,0.787,0.112,175.9,0.1291
ST034,2016-06-10,0.0,20.99,0.433,0.787,0.112,175.9,0.1555
ST034,2016-06-17,0.0,18.32,0.541,0.787,0.112,175.9,0.2328
ST034,2016-06-24,0.0,24.01,0.538,0.787,0.112,175.9,0.0885
ST034,2016-07-01,0.0,26.35,0.546,0.787,0.112,175.9,0.0591
ST034,2016-07-08,4.32,20.51,0.565,0.787,0.112,175.9,0.0304
ST034,2016-07-15,0.0,20.95,0.63,0.787,0.112,175.9,0.0275
ST034,2016-07-22,6.17,23.75,0.675,0.787,0.112,175.9,0.0581
ST034,2016-07-29,14.46,20.19,0.649,0.787,0.112,175.9,0.1458
ST034,2016-08-05,0.0,21.0,0.606,0.787,0.112,175.9,0.1064
ST034,2016-08-12,13.56,21.39,0.602,0.787,0.112,175.9,0.0717
ST034,2016-08-19,0.0,23.73,0.648,0.787,0.112,175.9,0.0285
ST034,2016-08-26,0.0,18.13,0.622,0.787,0.112,175.9,0.0491
ST034,2016-09-02,20.16,18.8,0.63,0.787,0.112,175.9,0.1897
ST034,2016-09-09,0.0,16.91,0.574,0.787,0.112,175.9,0.051
ST034,2016-09-16,0.0,16.93,0.558,0.787,0.112,175.9,0.0293
ST034,2016-09-23,0.0,16.41,0.532,0.787,0.112,175.9,0.0278
ST034,2016-09-30,0.0,14.29,0.512,0.787,0.112,175.9,0.0236
ST034,2016-10-07,0.0,11.61,0.457,0.787,0.112,175.9,0.0629
ST034,2016-10-14,0.0,12.87,0.49,0.787,0.112,175.9,0.0263
ST034,2016-10-21,0.0,8.41,0.475,0.787,0.112,175.9,0.0254
ST034,2016-10-28,11.0,3.54,0.395,0.787,0.112,175.9,0.0718
ST034,2016-11-04,7.27,12.0,0.338,0.787,0.112,175.9,0.079
ST034,2016-11-11,0.0,7.38,0.31,0.787,0.112,175.9,0.0469
ST034,2016-11-18,0.0,5.86,0.304,0.787,0.112,175.9,0.0264
ST034,2016-11-25,0.0,4.19,0.285,0.787,0.112,175.9,0.0252
ST034,2016-12-02,0.0,3.24,0.246,0.787,0.112,175.9,0.0334
ST034,2016-12-09,0.0,4.54,0.192,0.787,0.112,175.9,0.044
ST034,2016-12-16,0.0,2.59,0.184,0.787,0.112,175.9,0.0318
ST034,2016-12-23,0.0,5.45,0.18,0.787,0.112,175.9,0.0341
ST034,2016-12-30,0.0,3.82,0.117,0.787,0.112,175.9,0.0417
ST034,2017-01-06,6.09,1.49,0.109,0.787,0.112,175.9,0.0568
ST034,2017-01-13,0.0,-1.25,0.05,0.787,0.112,175.9,0.0353
ST034,2017-01-20,0.0,2.1,0.081,0.787,0.112,175.9,0.0514
ST034,2017-01-27,0.0,-1.77,0.057,0.787,0.112,175.9,0.1653
ST034,2017-02-03,0.0,0.4,0.085,0.787,0.112,175.9,0.1253
ST034,2017-02-10,10.05,0.0,0.05,0.787,0.112,175.9,0.1011
ST034,2017-02-17,0.0,-1.79,0.068,0.787,0.112,175.9,0.1007
ST034,2017-02-24,0.0,2.89,0.063,0.787,0.112,175.9,0.0401
ST034,2017-03-03,0.52,1.78,0.05,0.787,0.112,175.9,0.0207
ST034,2017-03-10,0.0,1.88,0.091,0.787,0.112,175.9,0.02
ST034,2017-03-17,4.83,3.66,0.175,0.787,0.112,175.9,0.08
ST034,2017-03-24,0.0,6.22,0.16,0.787,0.112,175.9,0.1966
ST034,2017-03-31,0.49,7.33,0.201,0.787,0.112,175.9,0.0562
ST034,2017-04-07,0.0,10.12,0.223,0.787,0.112,175.9,0.0959
ST034,2017-04-14,0.0,13.57,0.261,0.787,0.112,175.9,0.0626
ST034,2017-04-21,0.0,14.81,0.285,0.787,0.112,175.9,0.0259
ST034,2017-04-28,0.0,12.42,0.284,0.787,0.112,175.9,0.0596
ST034,2017-05-05,0.0,14.18,0.354,0.787,0.112,175.9,0.0336
ST034,2017-05-12,9.5,15.18,0.304,0.787,0.112,175.9,0.0787
ST034,2017-05-19,3.21,18.71,0.307,0.787,0.112,175.9,0.0987
ST034,2017-05-26,3.27,19.0,0.44,0.787,0.112,175.9,0.0215
ST034,2017-06-02,22.15,17.29,0.512,0.787,0.112,175.9,0.1298
ST034,2017-06-09,0.0,17.31,0.477,0.787,0.112,175.9,0.174
ST034,2017-06-16,0.93,22.29,0.551,0.787,0.112,175.9,0.141
ST034,2017-06-23,0.0,20.0,0.542,0.787,0.112,175.9,0.2021
ST034,2017-06-30,0.0,22.79,0.583,0.787,0.112,175.9,0.2064
ST034,2017-07-07,0.0,18.51,0.589,0.787,0.112,175.9,0.0778
ST034,2017-07-14,23.1,20.49,0.607,0.787,0.112,175.9,0.2761
ST034,2017-07-21,0.0,25.45,0.589,0.787,0.112,175.9,0.2446
ST034,2017-07-28,22.65,22.93,0.604,0.787,0.112,175.9,0.1283
ST034,2017-08-04,0.0,25.89,0.675,0.787,0.112,175.9,0.0249
ST034,2017-08-11,0.0,23.93,0.68,0.787,0.112,175.9,0.0328
ST034,2017-08-18,0.0,21.17,0.608,0.787,0.112,175.9,0.0365
ST034,2017-08-25,0.8,21.72,0.61,0.787,0.112,175.9,0.02
ST034,2017-09-01,0.0,20.98,0.586,0.787,0.112,175.9,0.0228
ST034,2017-09-08,0.47,18.78,0.582,0.787,0.112,175.9,0.0272
ST034,2017-09-15,0.0,17.15,0.559,0.787,0.112,175.9,0.0437
ST034,2017-09-22,0.0,16.9,0.555,0.787,0.112,175.9,0.0271
ST034,2017-09-29,0.0,16.28,0.547,0.787,0.112,175.9,0.0297
ST034,2017-10-06,0.0,9.95,0.479,0.787,0.112,175.9,0.0238
ST034,2017-10-13,5.51,13.21,0.487,0.787,0.112,175.9,0.0552
ST034,2017-10-20,0.0,6.38,0.434,0.787,0.112,175.9,0.0452
ST034,2017-10-27,12.22,10.27,0.383,0.787,0.112,175.9,0.0803
ST034,2017-11-03,0.0,8.73,0.405,0.787,0.112,175.9,0.0368
ST034,2017-11-10,0.0,2.87,0.312,0.787,0.112,175.9,0.0393
ST034,2017-11-17,0.0,12.29,0.278,0.787,0.112,175.9,0.0333
ST034,2017-11-24,0.0,-1.32,0.272,0.787,0.112,175.9,0.039
ST034,2017-12-01,15.63,3.93,0.308,0.787,0.112,175.9,0.1847
ST034,2017-12-08,0.0,-0.34,0.252,0.787,0.112,175.9,0.0666
ST034,2017-12-15,0.0,4.74,0.163,0.787,0.112,175.9,0.0293
ST034,2017-12-22,0.0,6.6,0.198,0.787,0.112,175.9,0.0285
ST034,2017-12-29,0.0,-1.83,0.167,0.787,0.112,175.9,0.0354
ST034,2018-01-05,0.0,1.09,0.144,0.787,0.112,175.9,0.0645
ST034,2018-01-12,14.74,3.5,0.112,0.787,0.112,175.9,0.1076
ST034,2018-01-19,0.0,-1.16,0.05,0.787,0.112,175.9,0.0585
ST034,2018-01-26,0.0,3.78,0.057,0.787,0.112,175.9,0.0807
ST034,2018-02-02,0.0,1.48,0.085,0.787,0.112,175.9,0.0976
ST034,2018-02-09,0.0,4.5,0.089,0.787,0.112,175.9,0.0402
ST034,2018-02-16,0.0,4.97,0.05,0.787,0.112,175.9,0.0363
ST034,2018-02-23,0.0,1.1,0.05,0.787,0.112,175.9,0.0721
ST034,2018-03-02,0.0,3.53,0.05,0.787,0.112,175.9,0.0306
ST034,2018-03-09,0.0,5.11,0.085,0.787,0.112,175.9,0.0324
ST034,2018-03-16,0.0,7.02,0.146,0.787,0.112,175.9,0.0507
ST034,2018-03-23,0.0,6.23,0.136,0.787,0.112,175.9,0.0357
ST034,2018-03-30,0.0,9.41,0.12,0.787,0.112,175.9,0.1772
ST034,2018-04-06,47.58,12.04,0.196,0.787,0.112,175.9,0.2509
ST034,2018-04-13,2.0,12.07,0.174,0.787,0.112,175.9,0.1017
ST034,2018-04-20,0.0,10.02,0.183,0.787,0.112,175.9,0.0314
ST034,2018-04-27,8.31,16.21,0.269,0.787,0.112,175.9,0.0603
ST034,2018-05-04,32.14,13.14,0.302,0.787,0.112,175.9,0.2039
ST034,2018-05-11,0.0,18.84,0.388,0.787,0.112,175.9,0.0416
ST034,2018-05-18,0.0,18.93,0.398,0.787,0.112,175.9,0.0832
ST034,2018-05-25,0.0,18.64,0.376,0.787,0.112,175.9,0.1516
ST034,2018-06-01,24.58,21.59,0.472,0.787,0.112,175.9,0.2983
ST034,2018-06-08,50.89,19.97,0.426,0.787,0.112,175.9,0.3963
ST034,2018-06-15,26.25,22.04,0.516,0.787,0.112,175.9,0.2105
ST034,2018-06-22,3.68,21.51,0.546,0.787,0.112,175.9,0.1126
ST034,2018-06-29,103.76,21.04,0.576,0.787,0.112,175.9,0.4905
ST034,2018-07-06,0.0,21.94,0.611,0.787,0.112,175.9,0.0612
ST034,2018-07-13,21.06,22.61,0.627,0.787,0.112,175.9,0.1468
ST034,2018-07-20,0.0,21.58,0.664,0.787,0.112,175.9,0.0601
ST034,2018-07-27,0.0,22.6,0.617,0.787,0.112,175.9,0.0275
ST034,2018-08-03,0.0,25.51,0.665,0.787,0.112,175.9,0.0266
ST034,2018-08-10,0.0,21.41,0.594,0.787,0.112,175.9,0.0271
ST034,2018-08-17,0.0,24.63,0.649,0.787,0.112,175.9,0.0456
ST034,2018-08-24,0.0,17.26,0.645,0.787,0.112,175.9,0.031
ST034,2018-08-31,0.0,22.58,0.637,0.787,0.112,175.9,0.0496
ST034,2018-09-07,0.0,18.46,0.547,0.787,0.112,175.9,0.0345
ST034,2018-09-14,0.0,14.65,0.536,0.787,0.112,175.9,0.0309
ST034,2018-09-21,4.36,18.52,0.557,0.787,0.112,175.9,0.0412
ST034,2018-09-28,0.0,11.65,0.59,0.787,0.112,175.9,0.0312
ST034,2018-10-05,0.0,11.71,0.545,0.787,0.112,175.9,0.0244
ST034,2018-10-12,0.0,14.52,0.41,0.787,0.112,175.9,0.0422
ST034,2018-10-19,0.0,8.92,0.41,0.787,0.112,175.9,0.02
ST034,2018-10-26,0.0,10.24,0.45,0.787,0.112,175.9,0.0265
ST034,2018-11-02,0.0,8.61,0.319,0.787,0.112,175.9,0.0273
ST034,2018-11-09,0.0,7.28,0.406,0.787,0.112,175.9,0.037
ST034,2018-11-16,0.0,3.09,0.272,0.787,0.112,175.9,0.0308
ST034,2018-11-23,0.0,3.41,0.227,0.787,0.112,175.9,0.0318
ST034,2018-11-30,0.0,4.33,0.196,0.787,0.112,175.9,0.0312
ST034,2018-12-07,0.0,2.8,0.154,0.787,0.112,175.9,0.031
ST034,2018-12-14,0.0,3.18,0.19,0.787,0.112,175.9,0.0745
ST034,2018-12-21,3.45,1.53,0.153,0.787,0.112,175.9,0.0412
ST034,2018-12-28,0.0,0.78,0.129,0.787,0.112,175.9,0.02
ST034,2019-01-04,0.0,1.18,0.132,0.787,0.112,175.9,0.053
ST034,2019-01-11,0.0,-0.23,0.109,0.787,0.112,175.9,0.02
ST034,2019-01-18,0.0,0.69,0.069,0.787,0.112,175.9,0.0217
ST034,2019-01-25,9.91,0.9,0.059,0.787,0.112,175.9,0.1546
ST034,2019-02-01,4.22,3.68,0.05,0.787,0.112,175.9,0.1028
ST034,2019-02-08,0.0,3.51,0.05,0.787,0.112,175.9,0.0422
ST034,2019-02-15,0.0,-0.13,0.05,0.787,0.112,175.9,0.0413
ST034,2019-02-22,0.0,-0.75,0.075,0.787,0.112,175.9,0.0411
ST034,2019-03-01,0.0,4.74,0.05,0.787,0.112,175.9,0.0253
ST034,2019-03-08,0.0,3.86,0.063,0.787,0.112,175.9,0.0386
ST034,2019-03-15,0.0,3.99,0.07,0.787,0.112,175.9,0.0587
ST034,2019-03-22,0.65,6.94,0.091,0.787,0.112,175.9,0.0244
ST034,2019-03-29,0.0,6.91,0.16,0.787,0.112,175.9,0.0459
ST034,2019-04-05,1.91,8.87,0.181,0.787,0.112,175.9,0.0672
ST034,2019-04-12,0.0,9.35,0.191,0.787,0.112,175.9,0.0525
ST034,2019-04-19,0.0,11.86,0.249,0.787,0.112,175.9,0.0443
ST034,2019-04-26,0.51,13.73,0.284,0.787,0.112,175.9,0.0257
ST034,2019-05-03,13.64,15.06,0.271,0.787,0.112,175.9,0.4159
ST034,2019-05-10,0.0,18.67,0.421,0.787,0.112,175.9,0.1018
ST034,2019-05-17,27.86,16.29,0.397,0.787,0.112,175.9,0.2287
ST034,2019-05-24,6.97,22.2,0.43,0.787,0.112,175.9,0.0896
ST034,2019-05-31,80.34,18.11,0.487,0.787,0.112,175.9,0.4216
ST034,2019-06-07,0.0,18.57,0.493,0.787,0.112,175.9,0.0916
ST034,2019-06-14,0.0,23.59,0.533,0.787,0.112,175.9,0.1542
ST034,2019-06-21,0.0,22.58,0.534,0.787,0.112,175.9,0.0503
ST034,2019-06-28,0.47,28.82,0.592,0.787,0.112,175.9,0.0439
ST034,2019-07-05,2.75,26.2,0.642,0.787,0.112,175.9,0.1199
ST034,2019-07-12,0.0,22.32,0.604,0.787,0.112,175.9,0.0419
ST034,2019-07-19,15.95,25.25,0.623,0.787,0.112,175.9,0.1014
ST034,2019-07-26,0.0,26.58,0.647,0.787,0.112,175.9,0.0619
ST034,2019-08-02,27.41,18.95,0.602,0.787,0.112,175.9,0.1694
ST034,2019-08-09,0.0,22.61,0.584,0.787,0.112,175.9,0.0871
ST034,2019-08-16,0.0,20.09,0.613,0.787,0.112,175.9,0.0219
ST034,2019-08-23,0.0,23.22,0.631,0.787,0.112,175.9,0.0381
ST034,2019-08-30,0.0,17.83,0.566,0.787,0.112,175.9,0.0541
ST034,2019-09-06,0.0,17.29,0.595,0.787,0.112,175.9,0.0411
ST034,2019-09-13,13.35,17.49,0.602,0.787,0.112,175.9,0.09
ST034,2019-09-20,0.0,16.96,0.594,0.787,0.112,175.9,0.02
ST034,2019-09-27,0.0,17.8,0.531,0.787,0.112,175.9,0.0468
ST034,2019-10-04,0.0,12.61,0.522,0.787,0.112,175.9,0.0336
ST034,2019-10-11,0.0,12.83,0.475,0.787,0.112,175.9,0.0349
ST034,2019-10-18,0.0,12.4,0.458,0.787,0.112,175.9,0.02
ST034,2019-10-25,0.0,7.61,0.374,0.787,0.112,175.9,0.0416
ST034,2019-11-01,0.0,11.42,0.389,0.787,0.112,175.9,0.0322
ST034,2019-11-08,0.0,9.73,0.342,0.787,0.112,175.9,0.0319
ST034,2019-11-15,0.0,3.88,0.291,0.787,0.112,175.9,0.0608
ST034,2019-11-22,0.0,4.66,0.295,0.787,0.112,175.9,0.0414
ST034,2019-11-29,0.0,6.7,0.241,0.787,0.112,175.9,0.0391
ST034,2019-12-06,0.0,4.62,0.16,0.787,0.112,175.9,0.0393
ST034,2019-12-13,0.0,1.67,0.169,0.787,0.112,175.9,0.0335
ST034,2019-12-20,0.0,2.82,0.132,0.787,0.112,175.9,0.0342
ST034,2019-12-27,0.0,-0.33,0.145,0.787,0.112,175.9,0.0284
ST034,2020-01-03,0.0,3.37,0.05,0.787,0.112,175.9,0.0294
ST034,2020-01-10,0.0,0.02,0.083,0.787,0.112,175.9,0.0398
ST034,2020-01-17,0.0,-1.31,0.126,0.787,0.112,175.9,0.0222
ST034,2020-01-24,0.0,1.0,0.109,0.787,0.112,175.9,0.0379
ST034,2020-01-31,0.0,-2.33,0.056,0.787,0.112,175.9,0.03
ST034,2020-02-07,7.04,1.36,0.1,0.787,0.112,175.9,0.0766
ST034,2020-02-14,0.0,0.76,0.05,0.787,0.112,175.9,0.0346
ST034,2020-02-21,0.0,1.21,0.065,0.787,0.112,175.9,0.0551
ST034,2020-02-28,0.0,5.11,0.05,0.787,0.112,175.9,0.093
ST034,2020-03-06,0.0,0.48,0.074,0.787,0.112,175.9,0.0423
ST034,2020-03-13,0.0,3.94,0.122,0.787,0.112,175.9,0.1128
ST034,2020-03-20,0.0,7.44,0.168,0.787,0.112,175.9,0.157
ST034,2020-03-27,6.1,11.42,0.165,0.787,0.112,175.9,0.1217
ST034,2020-04-03,0.0,6.1,0.173,0.787,0.112,175.9,0.0462
ST034,2020-04-10,0.0,11.56,0.156,0.787,0.112,175.9,0.0902
ST034,2020-04-17,0.0,10.01,0.264,0.787,0.112,175.9,0.0876
ST034,2020-04-24,0.0,13.31,0.256,0.787,0.112,175.9,0.0276
ST034,2020-05-01,0.0,17.78,0.287,0.787,0.112,175.9,0.2583
ST034,2020-05-08,19.9,16.85,0.349,0.787,0.112,175.9,0.1778
ST034,2020-05-15,0.0,21.07,0.418,0.787,0.112,175.9,0.035
ST034,2020-05-22,0.0,21.59,0.403,0.787,0.112,175.9,0.0959
ST034,2020-05-29,6.62,17.63,0.426,0.787,0.112,175.9,0.0833
ST034,2020-06-05,0.0,16.23,0.531,0.787,0.112,175.9,0.0331
ST034,2020-06-12,0.0,19.17,0.459,0.787,0.112,175.9,0.1664
ST034,2020-06-19,0.0,23.23,0.504,0.787,0.112,175.9,0.0309
ST034,2020-06-26,0.0,20.07,0.566,0.787,0.112,175.9,0.091
ST034,2020-07-03,41.37,21.06,0.543,0.787,0.112,175.9,0.2014
ST034,2020-07-10,0.0,22.72,0.658,0.787,0.112,175.9,0.0861
ST034,2020-07-17,0.0,20.19,0.649,0.787,0.112,175.9,0.0305
ST034,2020-07-24,0.0,21.35,0.691,0.787,0.112,175.9,0.1345
ST034,2020-07-31,3.22,18.71,0.652,0.787,0.112,175.9,0.0338
ST034,2020-08-07,0.0,25.92,0.63,0.787,0.112,175.9,0.0266
ST034,2020-08-14,3.79,17.96,0.608,0.787,0.112,175.9,0.0609
ST034,2020-08-21,0.0,18.59,0.585,0.787,0.112,175.9,0.1096
ST034,2020-08-28,0.0,18.77,0.667,0.787,0.112,175.9,0.0266
ST034,2020-09-04,0.0,19.87,0.536,0.787,0.112,175.9,0.0289
ST034,2020-09-11,0.0,15.73,0.611,0.787,0.112,175.9,0.0329
ST034,2020-09-18,0.0,15.37,0.593,0.787,0.112,175.9,0.0256
ST034,2020-09-25,0.0,14.74,0.546,0.787,0.112,175.9,0.02
ST034,2020-10-02,0.0,12.93,0.505,0.787,0.112,175.9,0.0541
ST034,2020-10-09,0.0,11.85,0.49,0.787,0.112,175.9,0.0277
ST034,2020-10-16,0.0,12.52,0.464,0.787,0.112,175.9,0.035
ST034,2020-10-23,0.0,10.62,0.447,0.787,0.112,175.9,0.0337
ST034,2020-10-30,0.0,6.62,0.357,0.787,0.112,175.9,0.0273
ST034,2020-11-06,0.0,8.07,0.421,0.787,0.112,175.9,0.0364
ST034,2020-11-13,0.0,2.65,0.368,0.787,0.112,175.9,0.0393
ST034,2020-11-20,0.0,9.91,0.332,0.787,0.112,175.9,0.0341
ST034,2020-11-27,0.0,5.09,0.241,0.787,0.112,175.9,0.0298
ST034,2020-12-04,0.0,2.02,0.226,0.787,0.112,175.9,0.0439
ST034,2020-12-11,0.0,4.34,0.151,0.787,0.112,175.9,0.0317
ST034,2020-12-18,0.0,2.23,0.153,0.787,0.112,175.9,0.0294
ST034,2020-12-25,0.0,-1.94,0.145,0.787,0.112,175.9,0.0304
ST035,2016-01-01,0.0,-6.46,0.143,0.661,0.222,1215.0,0.1935
ST035,2016-01-08,0.0,-4.63,0.215,0.661,0.222,1215.0,0.1385
ST035,2016-01-15,0.0,-12.1,0.108,0.661,0.222,1215.0,0.0829
ST035,2016-01-22,0.0,-8.29,0.13,0.661,0.222,1215.0,0.0589
ST035,2016-01-29,0.0,-4.11,0.138,0.661,0.222,1215.0,0.06
ST035,2016-02-05,0.0,-5.09,0.119,0.661,0.222,1215.0,0.0498
ST035,2016-02-12,0.0,-1.69,0.091,0.661,0.222,1215.0,0.0357
ST035,2016-02-19,0.0,-7.28,0.068,0.661,0.222,1215.0,0.1077
ST035,2016-02-26,0.0,-7.69,0.111,0.661,0.222,1215.0,0.0777
ST035,2016-03-04,0.0,-0.18,0.164,0.661,0.222,1215.0,0.0825
ST035,2016-03-11,0.0,1.65,0.083,0.661,0.222,1215.0,0.0564
ST035,2016-03-18,0.0,2.0,0.114,0.661,0.222,1215.0,0.154
ST035,2016-03-25,2.26,2.52,0.143,0.661,0.222,1215.0,0.2105
ST035,2016-04-01,0.0,0.74,0.255,0.661,0.222,1215.0,0.1176
ST035,2016-04-08,0.72,6.63,0.268,0.661,0.222,1215.0,0.0731
ST035,2016-04-15,0.0,5.58,0.249,0.661,0.222,1215.0,0.0523
ST035,2016-04-22,0.0,5.91,0.263,0.661,0.222,1215.0,0.0423
ST035,2016-04-29,40.07,9.63,0.348,0.661,0.222,1215.0,0.2411
ST035,2016-05-06,54.45,7.74,0.35,0.661,0.222,1215.0,0.3631
ST035,2016-05-13,0.0,11.04,0.329,0.661,0.222,1215.0,0.1828
ST035,2016-05-20,31.49,13.04,0.337,0.661,0.222,1215.0,0.2804
ST035,2016-05-27,0.0,12.24,0.431,0.661,0.222,1215.0,0.1408
ST035,2016-06-03,0.0,13.07,0.449,0.661,0.222,1215.0,0.0749
ST035,2016-06-10,0.62,17.37,0.479,0.661,0.222,1215.0,0.03
ST035,2016-06-17,0.0,14.17,0.54,0.661,0.222,1215.0,0.045
ST035,2016-06-24,0.0,14.58,0.553,0.661,0.222,1215.0,0.0437
ST035,2016-07-01,0.0,16.9,0.528,0.661,0.222,1215.0,0.0526
ST035,2016-07-08,22.16,16.69,0.605,0.661,0.222,1215.0,0.3615
ST035,2016-07-15,0.0,15.58,0.547,0.661,0.222,1215.0,0.1326
ST035,2016-07-22,0.0,17.93,0.57,0.661,0.222,1215.0,0.0538
ST035,2016-07-29,0.0,14.24,0.612,0.661,0.222,1215.0,0.0384
ST035,2016-08-05,0.0,16.83,0.622,0.661,0.222,1215.0,0.0481
ST035,2016-08-12,0.0,11.44,0.59,0.661,0.222,1215.0,0.1114
ST035,2016-08-19,0.0,15.47,0.59,0.661,0.222,1215.0,0.0276
ST035,2016-08-26,0.0,15.15,0.63,0.661,0.222,1215.0,0.0375
ST035,2016-09-02,0.0,8.23,0.589,0.661,0.222,1215.0,0.0298
ST035,2016-09-09,0.73,8.46,0.521,0.661,0.222,1215.0,0.0607
ST035,2016-09-16,8.03,11.26,0.557,0.661,0.222,1215.0,0.0572
ST035,2016-09-23,7.36,2.63,0.537,0.661,0.222,1215.0,0.0649
ST035,2016-09-30,0.0,6.08,0.493,0.661,0.222,1215.0,0.0489
ST035,2016-10-07,0.0,7.4,0.456,0.661,0.222,1215.0,0.0416
ST035,2016-10-14,0.0,8.81,0.452,0.661,0.222,1215.0,0.033
ST035,2016-10-21,0.0,4.32,0.424,0.661,0.222,1215.0,0.0517
ST035,2016-10-28,0.0,3.92,0.432,0.661,0.222,1215.0,0.0488
ST035,2016-11-04,0.0,-0.32,0.42,0.661,0.222,1215.0,0.0404
ST035,2016-11-11,0.0,-0.42,0.276,0.661,0.222,1215.0,0.1057
ST035,2016-11-18,0.0,-0.25,0.331,0.661,0.222,1215.0,0.0745
ST035,2016-11-25,0.0,-8.31,0.223,0.661,0.222,1215.0,0.076
ST035,2016-12-02,0.0,-2.86,0.251,0.661,0.222,1215.0,0.0523
ST035,2016-12-09,0.0,-5.02,0.247,0.661,0.222,1215.0,0.0512
ST035,2016-12-16,0.0,-7.41,0.231,0.661,0.222,1215.0,0.0381
ST035,2016-12-23,0.0,-4.64,0.142,0.661,0.222,1215.0,0.0431
ST035,2016-12-30,0.0,-7.75,0.202,0.661,0.222,1215.0,0.0519
ST035,2017-01-06,0.0,-2.43,0.151,0.661,0.222,1215.0,0.0563
ST035,2017-01-13,0.46,-7.52,0.134,0.661,0.222,1215.0,0.0507
ST035,2017-01-20,0.0,-14.17,0.144,0.661,0.222,1215.0,0.0391
ST035,2017-01-27,3.54,-4.88,0.117,0.661,0.222,1215.0,0.1109
ST035,2017-02-03,0.0,-7.61,0.13,0.661,0.222,1215.0,0.0659
ST035,2017-02-10,0.0,-4.65,0.126,0.661,0.222,1215.0,0.0725
ST035,2017-02-17,4.02,-6.29,0.149,0.661,0.222,1215.0,0.0722
ST035,2017-02-24,0.0,-3.66,0.128,0.661,0.222,1215.0,0.0514
ST035,2017-03-03,0.0,-3.37,0.14,0.661,0.222,1215.0,0.0665
ST035,2017-03-10,4.45,-3.94,0.127,0.661,0.222,1215.0,0.1128
ST035,2017-03-17,0.0,-2.49,0.128,0.661,0.222,1215.0,0.3315
ST035,2017-03-24,0.0,-2.71,0.207,0.661,0.222,1215.0,0.2272
ST035,2017-03-31,0.0,5.35,0.198,0.661,0.222,1215.0,0.1059
ST035,2017-04-07,1.77,5.56,0.232,0.661,0.222,1215.0,0.0565
ST035,2017-04-14,0.0,2.86,0.237,0.661,0.222,1215.0,0.031
ST035,2017-04-21,0.0,10.08,0.193,0.661,0.222,1215.0,0.0813
ST035,2017-04-28,5.02,10.31,0.267,0.661,0.222,1215.0,0.1084
ST035,2017-05-05,0.0,8.93,0.369,0.661,0.222,1215.0,0.0458
ST035,2017-05-12,0.0,10.89,0.331,0.661,0.222,1215.0,0.0469
ST035,2017-05-19,0.0,10.37,0.34,0.661,0.222,1215.0,0.1088
ST035,2017-05-26,0.0,10.82,0.398,0.661,0.222,1215.0,0.0459
ST035,2017-06-02,0.0,11.56,0.429,0.661,0.222,1215.0,0.057
ST035,2017-06-09,0.0,10.82,0.453,0.661,0.222,1215.0,0.0767
ST035,2017-06-16,0.0,11.05,0.522,0.661,0.222,1215.0,0.0433
ST035,2017-06-23,11.57,16.22,0.541,0.661,0.222,1215.0,0.0822
ST035,2017-06-30,0.0,16.49,0.541,0.661,0.222,1215.0,0.3911
ST035,2017-07-07,7.86,16.42,0.587,0.661,0.222,1215.0,0.4396
ST035,2017-07-14,0.0,18.15,0.544,0.661,0.222,1215.0,0.1875
ST035,2017-07-21,0.0,17.26,0.56,0.661,0.222,1215.0,0.0722
ST035,2017-07-28,6.31,12.85,0.56,0.661,0.222,1215.0,0.047
ST035,2017-08-04,0.0,18.07,0.64,0.661,0.222,1215.0,0.0389
ST035,2017-08-11,0.0,13.42,0.548,0.661,0.222,1215.0,0.0518
ST035,2017-08-18,0.0,14.91,0.598,0.661,0.222,1215.0,0.0431
ST035,2017-08-25,0.0,13.36,0.553,0.661,0.222,1215.0,0.0743
ST035,2017-09-01,0.0,13.29,0.593,0.661,0.222,1215.0,0.1183
ST035,2017-09-08,0.0,8.73,0.586,0.661,0.222,1215.0,0.0703
ST035,2017-09-15,0.0,11.88,0.5,0.661,0.222,1215.0,0.0609
ST035,2017-09-22,0.0,11.2,0.529,0.661,0.222,1215.0,0.0379
ST035,2017-09-29,0.0,5.57,0.503,0.661,0.222,1215.0,0.0494
ST035,2017-10-06,0.0,7.17,0.505,0.661,0.222,1215.0,0.0797
ST035,2017-10-13,0.0,7.2,0.491,0.661,0.222,1215.0,0.0288
ST035,2017-10-20,0.0,1.08,0.448,0.661,0.222,1215.0,0.0315
ST035,2017-10-27,0.0,4.62,0.392,0.661,0.222,1215.0,0.0328
ST035,2017-11-03,0.0,3.87,0.42,0.661,0.222,1215.0,0.0324
ST035,2017-11-10,9.52,1.56,0.343,0.661,0.222,1215.0,0.1386
ST035,2017-11-17,0.0,-1.93,0.341,0.661,0.222,1215.0,0.0866
ST035,2017-11-24,0.0,-1.58,0.276,0.661,0.222,1215.0,0.0557
ST035,2017-12-01,0.0,-3.63,0.27,0.661,0.222,1215.0,0.0433
ST035,2017-12-08,20.33,-2.62,0.26,0.661,0.222,1215.0,0.1385
ST035,2017-12-15,0.0,-1.43,0.193,0.661,0.222,1215.0,0.0784
ST035,2017-12-22,0.0,-5.16,0.195,0.661,0.222,1215.0,0.0857
ST035,2017-12-29,0.0,-5.76,0.162,0.661,0.222,1215.0,0.0942
ST035,2018-01-05,0.0,-5.6,0.108,0.661,0.222,1215.0,0.1075
ST035,2018-01-12,0.0,-2.97,0.122,0.661,0.222,1215.0,0.0617
ST035,2018-01-19,0.0,-5.47,0.159,0.661,0.222,1215.0,0.0333
ST035,2018-01-26,0.0,-4.42,0.144,0.661,0.222,1215.0,0.0507
ST035,2018-02-02,38.51,-6.12,0.13,0.661,0.222,1215.0,0.1751
ST035,2018-02-09,0.0,-5.22,0.133,0.661,0.222,1215.0,0.2139
ST035,2018-02-16,0.0,-4.41,0.164,0.661,0.222,1215.0,0.1365
ST035,2018-02-23,0.0,-3.59,0.132,0.661,0.222,1215.0,0.0903
ST035,2018-03-02,0.0,-4.64,0.172,0.661,0.222,1215.0,0.0651
ST035,2018-03-09,0.0,-0.7,0.059,0.661,0.222,1215.0,0.1343
ST035,2018-03-16,0.0,2.82,0.182,0.661,0.222,1215.0,0.1371
ST035,2018-03-23,0.0,2.03,0.187,0.661,0.222,1215.0,0.0923
ST035,2018-03-30,0.0,4.25,0.218,0.661,0.222,1215.0,0.1328
ST035,2018-04-06,0.0,1.93,0.252,0.661,0.222,1215.0,0.0784
ST035,2018-04-13,0.0,6.96,0.219,0.661,0.222,1215.0,0.166
ST035,2018-04-20,8.52,9.22,0.256,0.661,0.222,1215.0,0.1681
ST035,2018-04-27,0.0,8.99,0.249,0.661,0.222,1215.0,0.0459
ST035,2018-05-04,0.0,8.73,0.332,0.661,0.222,1215.0,0.0447
ST035,2018-05-11,1.76,13.6,0.331,0.661,0.222,1215.0,0.0503
ST035,2018-05-18,6.07,9.11,0.393,0.661,0.222,1215.0,0.0769
ST035,2018-05-25,17.32,14.31,0.405,0.661,0.222,1215.0,0.2438
ST035,2018-06-01,0.0,13.39,0.478,0.661,0.222,1215.0,0.1414
ST035,2018-06-08,0.0,17.35,0.444,0.661,0.222,1215.0,0.1845
ST035,2018-06-15,0.0,18.32,0.468,0.661,0.222,1215.0,0.164
ST035,2018-06-22,0.0,18.07,0.452,0.661,0.222,1215.0,0.033
ST035,2018-06-29,0.0,17.1,0.552,0.661,0.222,1215.0,0.0492
ST035,2018-07-06,2.71,14.64,0.576,0.661,0.222,1215.0,0.0775
ST035,2018-07-13,0.0,13.03,0.567,0.661,0.222,1215.0,0.0723
ST035,2018-07-20,42.88,14.84,0.597,0.661,0.222,1215.0,0.2215
ST035,2018-07-27,9.88,14.12,0.608,0.661,0.222,1215.0,0.1148
ST035,2018-08-03,0.0,15.54,0.635,0.661,0.222,1215.0,0.0388
ST035,2018-08-10,0.0,13.84,0.571,0.661,0.222,1215.0,0.0546
ST035,2018-08-17,0.0,16.07,0.599,0.661,0.222,1215.0,0.0366
ST035,2018-08-24,0.0,17.06,0.608,0.661,0.222,1215.0,0.0497
ST035,2018-08-31,0.1,9.13,0.62,0.661,0.222,1215.0,0.0482
ST035,2018-09-07,0.0,11.12,0.573,0.661,0.222,1215.0,0.0376
ST035,2018-09-14,0.0,10.78,0.554,0.661,0.222,1215.0,0.1231
ST035,2018-09-21,0.0,4.35,0.56,0.661,0.222,1215.0,0.0276
ST035,2018-09-28,0.0,12.5,0.508,0.661,0.222,1215.0,0.0455
ST035,2018-10-05,0.0,9.2,0.468,0.661,0.222,1215.0,0.0407
ST035,2018-10-12,0.0,2.93,0.439,0.661,0.222,1215.0,0.0405
ST035,2018-10-19,0.0,0.05,0.45,0.661,0.222,1215.0,0.0553
ST035,2018-10-26,0.0,2.91,0.458,0.661,0.222,1215.0,0.0388
ST035,2018-11-02,0.0,-0.74,0.347,0.661,0.222,1215.0,0.0424
ST035,2018-11-09,0.0,2.16,0.362,0.661,0.222,1215.0,0.0366
ST035,2018-11-16,0.0,-1.86,0.322,0.661,0.222,1215.0,0.0466
ST035,2018-11-23,0.0,-1.47,0.264,0.661,0.222,1215.0,0.029
ST035,2018-11-30,0.0,0.32,0.282,0.661,0.222,1215.0,0.0333
ST035,2018-12-07,0.0,-4.63,0.245,0.661,0.222,1215.0,0.0537
ST035,2018-12-14,0.0,-0.57,0.192,0.661,0.222,1215.0,0.0436
ST035,2018-12-21,0.0,-2.5,0.185,0.661,0.222,1215.0,0.0265
ST035,2018-12-28,0.0,-6.36,0.203,0.661,0.222,1215.0,0.0465
ST035,2019-01-04,1.11,-10.39,0.182,0.661,0.222,1215.0,0.0339
ST035,2019-01-11,0.0,-5.8,0.177,0.661,0.222,1215.0,0.1113
ST035,2019-01-18,0.0,-5.82,0.147,0.661,0.222,1215.0,0.0748
ST035,2019-01-25,0.0,-6.47,0.15,0.661,0.222,1215.0,0.0511
ST035,2019-02-01,0.0,-8.98,0.119,0.661,0.222,1215.0,0.0553
ST035,2019-02-08,0.0,-7.48,0.172,0.661,0.222,1215.0,0.0482
ST035,2019-02-15,0.0,-3.08,0.118,0.661,0.222,1215.0,0.0993
ST035,2019-02-22,0.0,-0.97,0.108,0.661,0.222,1215.0,0.059
ST035,2019-03-01,0.98,-5.8,0.106,0.661,0.222,1215.0,0.0934
ST035,2019-03-08,0.0,-2.04,0.152,0.661,0.222,1215.0,0.1226
ST035,2019-03-15,16.39,-2.26,0.16,0.661,0.222,1215.0,0.1712
ST035,2019-03-22,0.0,1.85,0.079,0.661,0.222,1215.0,0.0853
ST035,2019-03-29,0.0,2.07,0.205,0.661,0.222,1215.0,0.0885
ST035,2019-04-05,0.0,4.78,0.245,0.661,0.222,1215.0,0.1488
ST035,2019-04-12,0.0,4.77,0.205,0.661,0.222,1215.0,0.0815
ST035,2019-04-19,0.0,5.32,0.267,0.661,0.222,1215.0,0.0325
ST035,2019-04-26,0.0,3.69,0.287,0.661,0.222,1215.0,0.09
ST035,2019-05-03,0.0,8.38,0.336,0.661,0.222,1215.0,0.0521
ST035,2019-05-10,0.0,9.07,0.369,0.661,0.222,1215.0,0.0489
ST035,2019-05-17,0.0,11.91,0.373,0.661,0.222,1215.0,0.0735
ST035,2019-05-24,0.0,13.63,0.424,0.661,0.222,1215.0,0.0796
ST035,2019-05-31,0.0,15.28,0.449,0.661,0.222,1215.0,0.1452
ST035,2019-06-07,0.0,15.52,0.479,0.661,0.222,1215.0,0.0988
ST035,2019-06-14,4.52,15.4,0.489,0.661,0.222,1215.0,0.0536
ST035,2019-06-21,0.0,15.36,0.501,0.661,0.222,1215.0,0.1413
ST035,2019-06-28,0.0,17.78,0.558,0.661,0.222,1215.0,0.1382
ST035,2019-07-05,10.94,18.63,0.531,0.661,0.222,1215.0,0.0899
ST035,2019-07-12,0.0,16.75,0.519,0.661,0.222,1215.0,0.0806
ST035,2019-07-19,47.68,16.88,0.609,0.661,0.222,1215.0,0.2803
ST035,2019-07-26,0.0,14.1,0.617,0.661,0.222,1215.0,0.0865
ST035,2019-08-02,0.0,19.18,0.543,0.661,0.222,1215.0,0.0435
ST035,2019-08-09,0.0,14.91,0.574,0.661,0.222,1215.0,0.1134
ST035,2019-08-16,0.0,13.86,0.577,0.661,0.222,1215.0,0.0345
ST035,2019-08-23,0.0,12.78,0.55,0.661,0.222,1215.0,0.0241
ST035,2019-08-30,0.0,12.89,0.572,0.661,0.222,1215.0,0.039
ST035,2019-09-06,0.0,10.69,0.566,0.661,0.222,1215.0,0.0306
ST035,2019-09-13,0.19,7.63,0.573,0.661,0.222,1215.0,0.0282
ST035,2019-09-20,0.0,10.5,0.499,0.661,0.222,1215.0,0.0439
ST035,2019-09-27,0.0,7.86,0.55,0.661,0.222,1215.0,0.0323
ST035,2019-10-04,0.0,6.46,0.534,0.661,0.222,1215.0,0.0459
ST035,2019-10-11,0.0,4.76,0.503,0.661,0.222,1215.0,0.0485
ST035,2019-10-18,0.0,5.99,0.404,0.661,0.222,1215.0,0.1003
ST035,2019-10-25,0.0,0.68,0.379,0.661,0.222,1215.0,0.0569
ST035,2019-11-01,0.0,-0.67,0.344,0.661,0.222,1215.0,0.0319
ST035,2019-11-08,0.0,3.01,0.328,0.661,0.222,1215.0,0.0481
ST035,2019-11-15,0.0,1.36,0.265,0.661,0.222,1215.0,0.0406
ST035,2019-11-22,0.0,-0.84,0.269,0.661,0.222,1215.0,0.0435
ST035,2019-11-29,0.0,-2.14,0.278,0.661,0.222,1215.0,0.0326
ST035,2019-12-06,0.0,-2.21,0.23,0.661,0.222,1215.0,0.0334
ST035,2019-12-13,0.0,-1.8,0.192,0.661,0.222,1215.0,0.0768
ST035,2019-12-20,0.0,-1.92,0.195,0.661,0.222,1215.0,0.061
ST035,2019-12-27,0.0,-8.39,0.15,0.661,0.222,1215.0,0.0427
ST035,2020-01-03,0.0,-7.36,0.144,0.661,0.222,1215.0,0.0365
ST035,2020-01-10,0.0,-3.7,0.089,0.661,0.222,1215.0,0.046
ST035,2020-01-17,2.88,-8.03,0.182,0.661,0.222,1215.0,0.0457
ST035,2020-01-24,0.0,-4.76,0.095,0.661,0.222,1215.0,0.0581
ST035,2020-01-31,0.0,-3.87,0.154,0.661,0.222,1215.0,0.0691
ST035,2020-02-07,0.0,-5.42,0.155,0.661,0.222,1215.0,0.0925
ST035,2020-02-14,0.0,-4.28,0.15,0.661,0.222,1215.0,0.0827
ST035,2020-02-21,0.0,-2.76,0.123,0.661,0.222,1215.0,0.0595
ST035,2020-02-28,5.23,-3.85,0.105,0.661,0.222,1215.0,0.0632
ST035,2020-03-06,0.0,-5.16,0.164,0.661,0.222,1215.0,0.0516
ST035,2020-03-13,0.0,-1.14,0.165,0.661,0.222,1215.0,0.1478
ST035,2020-03-20,0.0,0.33,0.187,0.661,0.222,1215.0,0.0938
ST035,2020-03-27,0.0,-2.74,0.203,0.661,0.222,1215.0,0.0438
ST035,2020-04-03,10.12,2.94,0.216,0.661,0.222,1215.0,0.0887
ST035,2020-04-10,0.0,5.58,0.246,0.661,0.222,1215.0,0.0746
ST035,2020-04-17,0.0,3.02,0.244,0.661,0.222,1215.0,0.0327
ST035,2020-04-24,0.0,4.84,0.247,0.661,0.222,1215.0,0.2156
ST035,2020-05-01,0.0,7.1,0.319,0.661,0.222,1215.0,0.1423
ST035,2020-05-08,0.0,6.75,0.329,0.661,0.222,1215.0,0.0833
ST035,2020-05-15,0.0,11.09,0.394,0.661,0.222,1215.0,0.0478
ST035,2020-05-22,0.0,11.67,0.406,0.661,0.222,1215.0,0.1218
ST035,2020-05-29,0.0,14.89,0.438,0.661,0.222,1215.0,0.231
ST035,2020-06-05,0.0,16.78,0.462,0.661,0.222,1215.0,0.0951
ST035,2020-06-12,1.39,15.55,0.497,0.661,0.222,1215.0,0.0442
ST035,2020-06-19,0.0,13.71,0.514,0.661,0.222,1215.0,0.2634
ST035,2020-06-26,0.0,10.9,0.512,0.661,0.222,1215.0,0.142
ST035,2020-07-03,6.61,14.43,0.569,0.661,0.222,1215.0,0.1391
ST035,2020-07-10,13.94,13.14,0.627,0.661,0.222,1215.0,0.1289
ST035,2020-07-17,0.0,18.99,0.529,0.661,0.222,1215.0,0.0385
ST035,2020-07-24,28.39,10.34,0.562,0.661,0.222,1215.0,0.1726
ST035,2020-07-31,0.0,15.05,0.56,0.661,0.222,1215.0,0.1176
ST035,2020-08-07,0.0,15.9,0.571,0.661,0.222,1215.0,0.0387
ST035,2020-08-14,0.0,17.74,0.618,0.661,0.222,1215.0,0.0551
ST035,2020-08-21,4.56,15.23,0.569,0.661,0.222,1215.0,0.0574
ST035,2020-08-28,0.0,15.04,0.61,0.661,0.222,1215.0,0.0441
ST035,2020-09-04,16.31,8.23,0.58,0.661,0.222,1215.0,0.0874
ST035,2020-09-11,0.0,8.11,0.553,0.661,0.222,1215.0,0.0814
ST035,2020-09-18,0.0,7.83,0.544,0.661,0.222,1215.0,0.0473
ST035,2020-09-25,0.0,9.85,0.513,0.661,0.222,1215.0,0.0631
ST035,2020-10-02,0.0,6.22,0.512,0.661,0.222,1215.0,0.043
ST035,2020-10-09,0.0,8.97,0.464,0.661,0.222,1215.0,0.0516
ST035,2020-10-16,0.0,8.49,0.458,0.661,0.222,1215.0,0.0406
ST035,2020-10-23,0.0,2.93,0.433,0.661,0.222,1215.0,0.0268
ST035,2020-10-30,0.0,4.2,0.382,0.661,0.222,1215.0,0.039
ST035,2020-11-06,0.0,2.66,0.317,0.661,0.222,1215.0,0.0384
ST035,2020-11-13,0.0,0.5,0.341,0.661,0.222,1215.0,0.0261
ST035,2020-11-20,0.0,2.57,0.322,0.661,0.222,1215.0,0.0373
ST035,2020-11-27,14.33,-0.76,0.262,0.661,0.222,1215.0,0.0844
ST035,2020-12-04,0.0,-0.77,0.233,0.661,0.222,1215.0,0.0592
ST035,2020-12-11,0.0,-5.04,0.164,0.661,0.222,1215.0,0.0577
ST035,2020-12-18,0.0,-7.02,0.22,0.661,0.222,1215.0,0.0449
ST035,2020-12-25,0.0,-1.53,0.133,0.661,0.222,1215.0,0.0376
ST036,2016-01-01,0.0,-3.81,0.162,0.719,0.094,852.3,0.2426
ST036,2016-01-08,0.0,-1.97,0.107,0.719,0.094,852.3,0.0924
ST036,2016-01-15,0.0,-4.55,0.123,0.719,0.094,852.3,0.0442
ST036,2016-01-22,0.0,-6.52,0.095,0.719,0.094,852.3,0.0619
ST036,2016-01-29,7.11,-3.08,0.05,0.719,0.094,852.3,0.0809
ST036,2016-02-05,0.0,-3.16,0.079,0.719,0.094,852.3,0.1014
ST036,2016-02-12,0.0,-1.66,0.135,0.719,0.094,852.3,0.0579
ST036,2016-02-19,0.0,-2.04,0.11,0.719,0.094,852.3,0.0348
ST036,2016-02-26,0.0,-2.28,0.078,0.719,0.094,852.3,0.03
ST036,2016-03-04,0.0,3.94,0.113,0.719,0.094,852.3,0.0285
ST036,2016-03-11,55.49,0.81,0.16,0.719,0.094,852.3,0.2873
ST036,2016-03-18,39.3,-2.83,0.083,0.719,0.094,852.3,0.3313
ST036,2016-03-25,0.0,3.49,0.098,0.719,0.094,852.3,0.096
ST036,2016-04-01,15.88,6.87,0.223,0.719,0.094,852.3,0.1243
ST036,2016-04-08,0.0,5.82,0.189,0.719,0.094,852.3,0.0992
ST036,2016-04-15,0.0,7.96,0.26,0.719,0.094,852.3,0.156
ST036,2016-04-22,0.0,8.31,0.322,0.719,0.094,852.3,0.0351
ST036,2016-04-29,0.0,11.08,0.295,0.719,0.094,852.3,0.0526
ST036,2016-05-06,0.0,11.02,0.332,0.719,0.094,852.3,0.0692
ST036,2016-05-13,0.0,9.89,0.397,0.719,0.094,852.3,0.0829
ST036,2016-05-20,0.0,10.57,0.366,0.719,0.094,852.3,0.0838
ST036,2016-05-27,20.78,14.02,0.452,0.719,0.094,852.3,0.2802
ST036,2016-06-03,0.0,19.05,0.409,0.719,0.094,852.3,0.1471
ST036,2016-06-10,0.0,15.19,0.492,0.719,0.094,852.3,0.0549
ST036,2016-06-17,62.32,13.02,0.509,0.719,0.094,852.3,0.4136
ST036,2016-06-24,0.0,17.55,0.525,0.719,0.094,852.3,0.1346
ST036,2016-07-01,2.83,20.02,0.581,0.719,0.094,852.3,0.034
ST036,2016-07-08,0.0,20.63,0.581,0.719,0.094,852.3,0.02
ST036,2016-07-15,0.0,21.32,0.579,0.719,0.094,852.3,0.0415
ST036,2016-07-22,0.0,15.08,0.597,0.719,0.094,852.3,0.0335
ST036,2016-07-29,0.0,19.44,0.591,0.719,0.094,852.3,0.0324
ST036,2016-08-05,0.0,16.08,0.578,0.719,0.094,852.3,0.0371
ST036,2016-08-12,4.35,16.14,0.608,0.719,0.094,852.3,0.0663
ST036,2016-08-19,0.0,18.08,0.559,0.719,0.094,852.3,0.02
ST036,2016-08-26,0.0,15.0,0.612,0.719,0.094,852.3,0.1009
ST036,2016-09-02,0.0,10.85,0.586,0.719,0.094,852.3,0.0273
ST036,2016-09-09,0.0,14.76,0.604,0.719,0.094,852.3,0.0466
ST036,2016-09-16,0.0,14.3,0.566,0.719,0.094,852.3,0.03
ST036,2016-09-23,6.41,12.59,0.55,0.719,0.094,852.3,0.0658
ST036,2016-09-30,0.0,10.18,0.516,0.719,0.094,852.3,0.0455
ST036,2016-10-07,0.0,9.3,0.437,0.719,0.094,852.3,0.0465
ST036,2016-10-14,0.0,7.44,0.484,0.719,0.094,852.3,0.029
ST036,2016-10-21,0.0,8.46,0.452,0.719,0.094,852.3,0.0237
ST036,2016-10-28,13.04,7.58,0.3,0.719,0.094,852.3,0.1058
ST036,2016-11-04,0.0,2.77,0.37,0.719,0.094,852.3,0.0387
ST036,2016-11-11,0.0,0.34,0.33,0.719,0.094,852.3,0.02
ST036,2016-11-18,0.0,3.56,0.297,0.719,0.094,852.3,0.0323
ST036,2016-11-25,13.23,-2.46,0.269,0.719,0.094,852.3,0.097
ST036,2016-12-02,0.0,-1.12,0.258,0.719,0.094,852.3,0.0593
ST036,2016-12-09,0.0,-4.16,0.243,0.719,0.094,852.3,0.0397
ST036,2016-12-16,0.0,-1.61,0.199,0.719,0.094,852.3,0.0295
ST036,2016-12-23,0.0,-2.81,0.11,0.719,0.094,852.3,0.0453
ST036,2016-12-30,0.0,-0.87,0.225,0.719,0.094,852.3,0.0465
ST036,2017-01-06,0.0,-1.78,0.18,0.719,0.094,852.3,0.0336
ST036,2017-01-13,20.16,-1.51,0.153,0.719,0.094,852.3,0.1119
ST036,2017-01-20,0.0,-1.83,0.103,0.719,0.094,852.3,0.067
ST036,2017-01-27,0.0,-4.05,0.11,0.719,0.094,852.3,0.0428
ST036,2017-02-03,0.0,0.38,0.173,0.719,0.094,852.3,0.0284
ST036,2017-02-10,0.0,-4.0,0.078,0.719,0.094,852.3,0.0714
ST036,2017-02-17,0.0,-3.46,0.15,0.719,0.094,852.3,0.1498
ST036,2017-02-24,0.0,1.14,0.131,0.719,0.094,852.3,0.1499
ST036,2017-03-03,0.0,-1.29,0.134,0.719,0.094,852.3,0.0684
ST036,2017-03-10,0.0,0.95,0.117,0.719,0.094,852.3,0.0375
ST036,2017-03-17,6.53,1.1,0.138,0.719,0.094,852.3,0.0798
ST036,2017-03-24,0.0,3.32,0.185,0.719,0.094,852.3,0.02
ST036,2017-03-31,0.0,4.7,0.149,0.719,0.094,852.3,0.03
ST036,2017-04-07,13.2,3.7,0.182,0.719,0.094,852.3,0.1151
ST036,2017-04-14,0.0,4.78,0.273,0.719,0.094,852.3,0.0523
ST036,2017-04-21,0.0,9.03,0.266,0.719,0.094,852.3,0.0774
ST036,2017-04-28,0.0,8.47,0.277,0.719,0.094,852.3,0.1118
ST036,2017-05-05,0.0,13.47,0.304,0.719,0.094,852.3,0.1261
ST036,2017-05-12,0.0,15.79,0.382,0.719,0.094,852.3,0.0854
ST036,2017-05-19,0.0,13.82,0.397,0.719,0.094,852.3,0.1575
ST036,2017-05-26,8.36,16.79,0.404,0.719,0.094,852.3,0.1422
ST036,2017-06-02,8.63,16.88,0.439,0.719,0.094,852.3,0.1277
ST036,2017-06-09,0.0,17.33,0.463,0.719,0.094,852.3,0.0884
ST036,2017-06-16,0.0,20.63,0.517,0.719,0.094,852.3,0.1944
ST036,2017-06-23,18.48,17.93,0.486,0.719,0.094,852.3,0.1007
ST036,2017-06-30,0.0,17.34,0.533,0.719,0.094,852.3,0.0741
ST036,2017-07-07,0.86,21.08,0.573,0.719,0.094,852.3,0.1188
ST036,2017-07-14,0.0,17.12,0.62,0.719,0.094,852.3,0.0742
ST036,2017-07-21,1.91,18.34,0.596,0.719,0.094,852.3,0.0544
ST036,2017-07-28,17.54,20.51,0.632,0.719,0.094,852.3,0.417
ST036,2017-08-04,7.08,17.89,0.579,0.719,0.094,852.3,0.1731
ST036,2017-08-11,0.0,15.45,0.61,0.719,0.094,852.3,0.1266
ST036,2017-08-18,7.77,14.49,0.568,0.719,0.094,852.3,0.0606
ST036,2017-08-25,0.0,14.44,0.6,0.719,0.094,852.3,0.0234
ST036,2017-09-01,0.0,15.8,0.573,0.719,0.094,852.3,0.1044
ST036,2017-09-08,0.0,14.97,0.591,0.719,0.094,852.3,0.0407
ST036,2017-09-15,0.0,13.85,0.609,0.719,0.094,852.3,0.0401
ST036,2017-09-22,0.0,8.7,0.519,0.719,0.094,852.3,0.0327
ST036,2017-09-29,0.0,6.28,0.525,0.719,0.094,852.3,0.0319
ST036,2017-10-06,0.0,8.48,0.509,0.719,0.094,852.3,0.02
ST036,2017-10-13,0.0,5.73,0.459,0.719,0.094,852.3,0.0605
ST036,2017-10-20,0.0,4.03,0.4,0.719,0.094,852.3,0.0723
ST036,2017-10-27,0.0,7.59,0.348,0.719,0.094,852.3,0.0269
ST036,2017-11-03,0.0,0.33,0.333,0.719,0.094,852.3,0.0242
ST036,2017-11-10,0.0,2.15,0.369,0.719,0.094,852.3,0.0341
ST036,2017-11-17,0.0,0.11,0.282,0.719,0.094,852.3,0.0389
ST036,2017-11-24,0.0,1.29,0.334,0.719,0.094,852.3,0.0268
ST036,2017-12-01,0.0,1.08,0.245,0.719,0.094,852.3,0.0222
ST036,2017-12-08,0.0,-2.38,0.228,0.719,0.094,852.3,0.0444
ST036,2017-12-15,0.0,-0.42,0.147,0.719,0.094,852.3,0.073
ST036,2017-12-22,0.0,1.24,0.18,0.719,0.094,852.3,0.0275
ST036,2017-12-29,0.0,-4.15,0.162,0.719,0.094,852.3,0.0429
ST036,2018-01-05,0.0,-5.17,0.095,0.719,0.094,852.3,0.047
ST036,2018-01-12,0.0,0.3,0.165,0.719,0.094,852.3,0.0598
ST036,2018-01-19,0.0,-2.73,0.101,0.719,0.094,852.3,0.0816
ST036,2018-01-26,0.0,-6.3,0.126,0.719,0.094,852.3,0.0656
ST036,2018-02-02,0.0,-1.85,0.077,0.719,0.094,852.3,0.0372
ST036,2018-02-09,0.0,-0.17,0.127,0.719,0.094,852.3,0.0353
ST036,2018-02-16,0.0,-0.38,0.18,0.719,0.094,852.3,0.0257
ST036,2018-02-23,12.01,1.3,0.136,0.719,0.094,852.3,0.1041
ST036,2018-03-02,0.0,-1.88,0.089,0.719,0.094,852.3,0.0722
ST036,2018-03-09,0.19,2.96,0.12,0.719,0.094,852.3,0.0861
ST036,2018-03-16,0.0,2.32,0.198,0.719,0.094,852.3,0.0425
ST036,2018-03-23,0.0,0.51,0.122,0.719,0.094,852.3,0.0771
ST036,2018-03-30,0.85,1.86,0.224,0.719,0.094,852.3,0.0965
ST036,2018-04-06,0.0,5.75,0.21,0.719,0.094,852.3,0.0935
ST036,2018-04-13,0.0,8.7,0.243,0.719,0.094,852.3,0.0709
ST036,2018-04-20,0.0,8.2,0.282,0.719,0.094,852.3,0.1391
ST036,2018-04-27,9.41,9.17,0.346,0.719,0.094,852.3,0.1468
ST036,2018-05-04,0.0,9.99,0.315,0.719,0.094,852.3,0.1209
ST036,2018-05-11,0.0,10.46,0.316,0.719,0.094,852.3,0.2358
ST036,2018-05-18,0.0,11.4,0.383,0.719,0.094,852.3,0.0602
ST036,2018-05-25,45.72,15.09,0.393,0.719,0.094,852.3,0.246
ST036,2018-06-01,1.02,14.22,0.471,0.719,0.094,852.3,0.1478
ST036,2018-06-08,0.0,19.1,0.482,0.719,0.094,852.3,0.0716
ST036,2018-06-15,0.0,20.29,0.51,0.719,0.094,852.3,0.1588
ST036,2018-06-22,0.0,19.18,0.539,0.719,0.094,852.3,0.068
ST036,2018-06-29,0.0,13.55,0.581,0.719,0.094,852.3,0.0215
ST036,2018-07-06,0.0,16.84,0.585,0.719,0.094,852.3,0.1104
ST036,2018-07-13,17.85,16.48,0.59,0.719,0.094,852.3,0.2806
ST036,2018-07-20,11.68,18.44,0.618,0.719,0.094,852.3,0.2581
ST036,2018-07-27,0.0,17.66,0.613,0.719,0.094,852.3,0.0528
ST036,2018-08-03,0.0,18.42,0.612,0.719,0.094,852.3,0.0789
ST036,2018-08-10,0.0,18.38,0.653,0.719,0.094,852.3,0.0731
ST036,2018-08-17,14.1,15.86,0.622,0.719,0.094,852.3,0.2573
ST036,2018-08-24,0.0,17.56,0.544,0.719,0.094,852.3,0.0615
ST036,2018-08-31,0.0,19.0,0.588,0.719,0.094,852.3,0.0277
ST036,2018-09-07,1.79,16.61,0.608,0.719,0.094,852.3,0.025
ST036,2018-09-14,0.0,11.62,0.592,0.719,0.094,852.3,0.1056
ST036,2018-09-21,0.0,12.4,0.532,0.719,0.094,852.3,0.02
ST036,2018-09-28,19.47,10.38,0.559,0.719,0.094,852.3,0.141
ST036,2018-10-05,0.0,7.77,0.548,0.719,0.094,852.3,0.0452
ST036,2018-10-12,0.0,5.51,0.507,0.719,0.094,852.3,0.0392
ST036,2018-10-19,0.0,7.55,0.444,0.719,0.094,852.3,0.0285
ST036,2018-10-26,0.0,5.83,0.409,0.719,0.094,852.3,0.02
ST036,2018-11-02,0.0,2.26,0.294,0.719,0.094,852.3,0.0328
ST036,2018-11-09,0.0,4.67,0.372,0.719,0.094,852.3,0.0329
ST036,2018-11-16,0.0,-0.05,0.329,0.719,0.094,852.3,0.035
ST036,2018-11-23,0.0,2.35,0.259,0.719,0.094,852.3,0.0367
ST036,2018-11-30,0.0,-1.97,0.22,0.719,0.094,852.3,0.028
ST036,2018-12-07,0.0,-1.63,0.187,0.719,0.094,852.3,0.0366
ST036,2018-12-14,0.0,-1.75,0.173,0.719,0.094,852.3,0.0306
ST036,2018-12-21,0.0,-4.35,0.212,0.719,0.094,852.3,0.0364
ST036,2018-12-28,0.0,0.37,0.184,0.719,0.094,852.3,0.0406
ST036,2019-01-04,0.0,-4.53,0.137,0.719,0.094,852.3,0.02
ST036,2019-01-11,0.0,-2.07,0.132,0.719,0.094,852.3,0.0371
ST036,2019-01-18,0.0,-3.64,0.1,0.719,0.094,852.3,0.0556
ST036,2019-01-25,0.0,-1.09,0.172,0.719,0.094,852.3,0.0664
ST036,2019-02-01,2.73,-6.05,0.099,0.719,0.094,852.3,0.042
ST036,2019-02-08,0.0,-1.92,0.05,0.719,0.094,852.3,0.0394
ST036,2019-02-15,3.38,-4.84,0.059,0.719,0.094,852.3,0.0688
ST036,2019-02-22,0.0,0.43,0.104,0.719,0.094,852.3,0.057
ST036,2019-03-01,5.27,0.4,0.157,0.719,0.094,852.3,0.087
ST036,2019-03-08,0.0,2.0,0.204,0.719,0.094,852.3,0.0341
ST036,2019-03-15,0.0,2.41,0.147,0.719,0.094,852.3,0.0364
ST036,2019-03-22,0.0,6.18,0.114,0.719,0.094,852.3,0.1094
ST036,2019-03-29,0.0,3.89,0.128,0.719,0.094,852.3,0.0725
ST036,2019-04-05,0.0,7.77,0.196,0.719,0.094,852.3,0.0872
ST036,2019-04-12,0.0,6.63,0.299,0.719,0.094,852.3,0.0628
ST036,2019-04-19,12.93,8.91,0.222,0.719,0.094,852.3,0.223
ST036,2019-04-26,16.97,9.42,0.33,0.719,0.094,852.3,0.211
ST036,2019-05-03,6.14,7.43,0.281,0.719,0.094,852.3,0.2041
ST036,2019-05-10,0.0,12.21,0.397,0.719,0.094,852.3,0.1986
ST036,2019-05-17,0.0,14.14,0.35,0.719,0.094,852.3,0.2041
ST036,2019-05-24,0.0,18.4,0.423,0.719,0.094,852.3,0.2988
ST036,2019-05-31,0.0,16.78,0.411,0.719,0.094,852.3,0.2293
ST036,2019-06-07,2.29,16.97,0.441,0.719,0.094,852.3,0.0897
ST036,2019-06-14,0.0,20.41,0.517,0.719,0.094,852.3,0.2205
ST036,2019-06-21,7.71,16.81,0.495,0.719,0.094,852.3,0.3163
ST036,2019-06-28,13.35,16.62,0.557,0.719,0.094,852.3,0.2251
ST036,2019-07-05,0.0,18.82,0.591,0.719,0.094,852.3,0.0961
ST036,2019-07-12,0.0,21.25,0.532,0.719,0.094,852.3,0.0368
ST036,2019-07-19,0.0,18.33,0.59,0.719,0.094,852.3,0.0867
ST036,2019-07-26,0.0,19.25,0.582,0.719,0.094,852.3,0.2579
ST036,2019-08-02,7.14,19.23,0.612,0.719,0.094,852.3,0.0925
ST036,2019-08-09,0.0,12.89,0.629,0.719,0.094,852.3,0.0417
ST036,2019-08-16,0.0,11.75,0.611,0.719,0.094,852.3,0.0439
ST036,2019-08-23,2.88,14.91,0.577,0.719,0.094,852.3,0.0297
ST036,2019-08-30,0.0,14.95,0.613,0.719,0.094,852.3,0.0462
ST036,2019-09-06,0.0,11.79,0.627,0.719,0.094,852.3,0.035
ST036,2019-09-13,3.18,13.46,0.622,0.719,0.094,852.3,0.0379
ST036,2019-09-20,0.0,11.79,0.586,0.719,0.094,852.3,0.0323
ST036,2019-09-27,0.0,10.73,0.517,0.719,0.094,852.3,0.0263
ST036,2019-10-04,0.0,9.92,0.525,0.719,0.094,852.3,0.0303
ST036,2019-10-11,0.0,6.97,0.491,0.719,0.094,852.3,0.0289
ST036,2019-10-18,0.0,6.07,0.505,0.719,0.094,852.3,0.0336
ST036,2019-10-25,0.0,6.44,0.429,0.719,0.094,852.3,0.0314
ST036,2019-11-01,0.0,5.67,0.391,0.719,0.094,852.3,0.0282
ST036,2019-11-08,0.0,3.86,0.378,0.719,0.094,852.3,0.0336
ST036,2019-11-15,0.0,2.47,0.299,0.719,0.094,852.3,0.0279
ST036,2019-11-22,0.0,-3.42,0.319,0.719,0.094,852.3,0.0287
ST036,2019-11-29,0.0,-0.03,0.3,0.719,0.094,852.3,0.027
ST036,2019-12-06,0.0,2.72,0.219,0.719,0.094,852.3,0.0225
ST036,2019-12-13,0.0,-0.6,0.202,0.719,0.094,852.3,0.0259
ST036,2019-12-20,0.0,-5.79,0.165,0.719,0.094,852.3,0.0299
ST036,2019-12-27,0.0,-3.54,0.166,0.719,0.094,852.3,0.0325
ST036,2020-01-03,0.0,-1.88,0.124,0.719,0.094,852.3,0.0344
ST036,2020-01-10,0.0,-6.58,0.151,0.719,0.094,852.3,0.0599
ST036,2020-01-17,0.0,-6.65,0.135,0.719,0.094,852.3,0.0721
ST036,2020-01-24,0.0,-1.79,0.202,0.719,0.094,852.3,0.0398
ST036,2020-01-31,0.0,-4.43,0.094,0.719,0.094,852.3,0.0223
ST036,2020-02-07,0.0,-2.72,0.104,0.719,0.094,852.3,0.1014
ST036,2020-02-14,0.0,-4.08,0.111,0.719,0.094,852.3,0.039
ST036,2020-02-21,0.0,1.59,0.05,0.719,0.094,852.3,0.0347
ST036,2020-02-28,0.0,1.24,0.08,0.719,0.094,852.3,0.0531
ST036,2020-03-06,0.0,4.31,0.175,0.719,0.094,852.3,0.0334
ST036,2020-03-13,0.0,1.14,0.147,0.719,0.094,852.3,0.0368
ST036,2020-03-20,16.65,3.42,0.118,0.719,0.094,852.3,0.3306
ST036,2020-03-27,0.0,4.2,0.161,0.719,0.094,852.3,0.1897
ST036,2020-04-03,7.8,7.9,0.146,0.719,0.094,852.3,0.1471
ST036,2020-04-10,0.0,5.47,0.213,0.719,0.094,852.3,0.1029
ST036,2020-04-17,48.36,9.02,0.281,0.719,0.094,852.3,0.3149
ST036,2020-04-24,1.23,11.39,0.277,0.719,0.094,852.3,0.1166
ST036,2020-05-01,0.0,10.04,0.354,0.719,0.094,852.3,0.067
ST036,2020-05-08,0.0,10.91,0.332,0.719,0.094,852.3,0.0757
ST036,2020-05-15,0.0,13.82,0.365,0.719,0.094,852.3,0.0951
ST036,2020-05-22,0.0,14.17,0.365,0.719,0.094,852.3,0.0303
ST036,2020-05-29,0.0,14.83,0.434,0.719,0.094,852.3,0.0803
ST036,2020-06-05,0.0,13.34,0.483,0.719,0.094,852.3,0.3205
ST036,2020-06-12,16.63,13.16,0.554,0.719,0.094,852.3,0.2437
ST036,2020-06-19,10.73,17.65,0.473,0.719,0.094,852.3,0.2238
ST036,2020-06-26,0.0,17.45,0.54,0.719,0.094,852.3,0.1502
ST036,2020-07-03,2.78,16.66,0.576,0.719,0.094,852.3,0.0793
ST036,2020-07-10,0.0,19.97,0.576,0.719,0.094,852.3,0.0547
ST036,2020-07-17,38.01,23.87,0.553,0.719,0.094,852.3,0.2478
ST036,2020-07-24,0.0,17.12,0.637,0.719,0.094,852.3,0.1826
ST036,2020-07-31,0.0,14.91,0.604,0.719,0.094,852.3,0.1588
ST036,2020-08-07,0.0,12.66,0.634,0.719,0.094,852.3,0.0362
ST036,2020-08-14,0.0,16.02,0.526,0.719,0.094,852.3,0.02
ST036,2020-08-21,0.0,16.45,0.636,0.719,0.094,852.3,0.0352
ST036,2020-08-28,0.0,12.77,0.618,0.719,0.094,852.3,0.0444
ST036,2020-09-04,3.13,12.29,0.604,0.719,0.094,852.3,0.0364
ST036,2020-09-11,0.0,11.62,0.527,0.719,0.094,852.3,0.02
ST036,2020-09-18,0.0,12.15,0.555,0.719,0.094,852.3,0.0399
ST036,2020-09-25,0.0,9.47,0.502,0.719,0.094,852.3,0.0265
ST036,2020-10-02,0.0,11.56,0.593,0.719,0.094,852.3,0.0478
ST036,2020-10-09,0.0,6.81,0.556,0.719,0.094,852.3,0.0232
ST036,2020-10-16,0.0,6.24,0.406,0.719,0.094,852.3,0.0276
ST036,2020-10-23,13.0,6.03,0.391,0.719,0.094,852.3,0.1073
ST036,2020-10-30,0.0,9.51,0.436,0.719,0.094,852.3,0.0329
ST036,2020-11-06,0.0,2.37,0.35,0.719,0.094,852.3,0.0342
ST036,2020-11-13,0.0,2.02,0.36,0.719,0.094,852.3,0.0549
ST036,2020-11-20,0.0,0.72,0.272,0.719,0.094,852.3,0.0276
ST036,2020-11-27,0.0,1.13,0.278,0.719,0.094,852.3,0.109
ST036,2020-12-04,0.0,-0.14,0.224,0.719,0.094,852.3,0.0483
ST036,2020-12-11,0.0,-4.51,0.18,0.719,0.094,852.3,0.0251
ST036,2020-12-18,0.0,-3.55,0.173,0.719,0.094,852.3,0.0347
ST036,2020-12-25,0.0,-5.07,0.175,0.719,0.094,852.3,0.0246
ST037,2016-01-01,0.0,2.35,0.137,0.651,0.111,438.5,0.2418
ST037,2016-01-08,0.0,-0.46,0.143,0.651,0.111,438.5,0.1097
ST037,2016-01-15,0.0,0.67,0.05,0.651,0.111,438.5,0.0808
ST037,2016-01-22,0.0,-1.64,0.078,0.651,0.111,438.5,0.0616
ST037,2016-01-29,19.2,-0.63,0.081,0.651,0.111,438.5,0.162
ST037,2016-02-05,0.0,2.35,0.1,0.651,0.111,438.5,0.0598
ST037,2016-02-12,1.2,3.97,0.065,0.651,0.111,438.5,0.0383
ST037,2016-02-19,0.0,0.55,0.095,0.651,0.111,438.5,0.1555
ST037,2016-02-26,0.0,3.62,0.101,0.651,0.111,438.5,0.1081
ST037,2016-03-04,0.0,2.25,0.091,0.651,0.111,438.5,0.0524
ST037,2016-03-11,0.0,-1.1,0.115,0.651,0.111,438.5,0.0691
ST037,2016-03-18,0.0,4.15,0.139,0.651,0.111,438.5,0.0914
ST037,2016-03-25,0.0,8.7,0.081,0.651,0.111,438.5,0.3166
ST037,2016-04-01,0.0,7.44,0.162,0.651,0.111,438.5,0.2686
ST037,2016-04-08,4.13,11.43,0.174,0.651,0.111,438.5,0.3003
ST037,2016-04-15,0.0,12.17,0.192,0.651,0.111,438.5,0.1811
ST037,2016-04-22,0.0,10.48,0.305,0.651,0.111,438.5,0.1029
ST037,2016-04-29,0.0,14.28,0.323,0.651,0.111,438.5,0.2036
ST037,2016-05-06,3.28,17.16,0.341,0.651,0.111,438.5,0.0821
ST037,2016-05-13,0.0,14.03,0.418,0.651,0.111,438.5,0.0646
ST037,2016-05-20,16.15,16.81,0.373,0.651,0.111,438.5,0.1736
ST037,2016-05-27,0.0,15.46,0.443,0.651,0.111,438.5,0.1063
ST037,2016-06-03,2.32,18.06,0.495,0.651,0.111,438.5,0.0426
ST037,2016-06-10,2.37,18.7,0.481,0.651,0.111,438.5,0.0829
ST037,2016-06-17,1.47,19.22,0.539,0.651,0.111,438.5,0.0796
ST037,2016-06-24,0.0,23.42,0.541,0.651,0.111,438.5,0.0951
ST037,2016-07-01,0.0,18.95,0.587,0.651,0.111,438.5,0.078
ST037,2016-07-08,0.0,22.83,0.577,0.651,0.111,438.5,0.2393
ST037,2016-07-15,0.0,20.14,0.611,0.651,0.111,438.5,0.0468
ST037,2016-07-22,2.43,16.88,0.617,0.651,0.111,438.5,0.3167
ST037,2016-07-29,0.0,21.97,0.659,0.651,0.111,438.5,0.1145
ST037,2016-08-05,0.0,20.96,0.627,0.651,0.111,438.5,0.0335
ST037,2016-08-12,0.0,21.53,0.628,0.651,0.111,438.5,0.1502
ST037,2016-08-19,0.0,23.37,0.611,0.651,0.111,438.5,0.0262
ST037,2016-08-26,0.0,23.69,0.59,0.651,0.111,438.5,0.034
ST037,2016-09-02,2.91,19.72,0.631,0.651,0.111,438.5,0.0309
ST037,2016-09-09,0.0,19.32,0.566,0.651,0.111,438.5,0.0342
ST037,2016-09-16,0.0,18.77,0.542,0.651,0.111,438.5,0.0342
ST037,2016-09-23,0.0,16.34,0.524,0.651,0.111,438.5,0.0377
ST037,2016-09-30,0.0,15.87,0.482,0.651,0.111,438.5,0.0206
ST037,2016-10-07,0.0,16.36,0.495,0.651,0.111,438.5,0.0363
ST037,2016-10-14,0.0,10.64,0.424,0.651,0.111,438.5,0.0329
ST037,2016-10-21,0.0,7.71,0.479,0.651,0.111,438.5,0.0654
ST037,2016-10-28,0.0,6.44,0.447,0.651,0.111,438.5,0.0334
ST037,2016-11-04,0.0,7.87,0.378,0.651,0.111,438.5,0.0288
ST037,2016-11-11,0.0,3.32,0.351,0.651,0.111,438.5,0.0369
ST037,2016-11-18,0.0,4.89,0.295,0.651,0.111,438.5,0.0235
ST037,2016-11-25,0.0,3.82,0.238,0.651,0.111,438.5,0.0276
ST037,2016-12-02,0.0,4.92,0.248,0.651,0.111,438.5,0.0392
ST037,2016-12-09,0.0,3.64,0.174,0.651,0.111,438.5,0.0658
ST037,2016-12-16,0.0,-3.06,0.194,0.651,0.111,438.5,0.0404
ST037,2016-12-23,0.0,3.64,0.129,0.651,0.111,438.5,0.0264
ST037,2016-12-30,0.0,1.71,0.176,0.651,0.111,438.5,0.0201
ST037,2017-01-06,0.0,0.18,0.108,0.651,0.111,438.5,0.0453
ST037,2017-01-13,0.0,2.5,0.121,0.651,0.111,438.5,0.0371
ST037,2017-01-20,0.0,-2.13,0.089,0.651,0.111,438.5,0.0485
ST037,2017-01-27,0.0,-1.84,0.05,0.651,0.111,438.5,0.0455
ST037,2017-02-03,0.0,4.91,0.081,0.651,0.111,438.5,0.0434
ST037,2017-02-10,0.0,-0.42,0.091,0.651,0.111,438.5,0.111
ST037,2017-02-17,0.0,-1.87,0.053,0.651,0.111,438.5,0.0559
ST037,2017-02-24,0.0,0.02,0.056,0.651,0.111,438.5,0.0763
ST037,2017-03-03,0.0,4.43,0.185,0.651,0.111,438.5,0.0682
ST037,2017-03-10,0.0,4.11,0.145,0.651,0.111,438.5,0.0647
ST037,2017-03-17,23.85,6.84,0.118,0.651,0.111,438.5,0.2598
ST037,2017-03-24,0.0,8.89,0.081,0.651,0.111,438.5,0.0834
ST037,2017-03-31,15.2,8.84,0.236,0.651,0.111,438.5,0.2094
ST037,2017-04-07,0.0,10.38,0.195,0.651,0.111,438.5,0.1363
ST037,2017-04-14,0.0,8.89,0.291,0.651,0.111,438.5,0.1315
ST037,2017-04-21,30.2,13.18,0.304,0.651,0.111,438.5,0.3728
ST037,2017-04-28,0.0,15.2,0.292,0.651,0.111,438.5,0.1147
ST037,2017-05-05,39.51,15.38,0.341,0.651,0.111,438.5,0.255
ST037,2017-05-12,0.0,14.58,0.37,0.651,0.111,438.5,0.0837
ST037,2017-05-19,0.0,16.96,0.426,0.651,0.111,438.5,0.0688
ST037,2017-05-26,19.0,21.72,0.396,0.651,0.111,438.5,0.1048
ST037,2017-06-02,5.77,14.84,0.44,0.651,0.111,438.5,0.085
ST037,2017-06-09,32.05,19.6,0.447,0.651,0.111,438.5,0.28
ST037,2017-06-16,0.0,15.82,0.5,0.651,0.111,438.5,0.2161
ST037,2017-06-23,25.25,21.71,0.565,0.651,0.111,438.5,0.1366
ST037,2017-06-30,0.0,22.47,0.597,0.651,0.111,438.5,0.0261
ST037,2017-07-07,0.0,20.98,0.553,0.651,0.111,438.5,0.1888
ST037,2017-07-14,10.01,17.45,0.641,0.651,0.111,438.5,0.1011
ST037,2017-07-21,3.4,21.19,0.644,0.651,0.111,438.5,0.1683
ST037,2017-07-28,0.0,21.81,0.632,0.651,0.111,438.5,0.348
ST037,2017-08-04,0.0,18.64,0.628,0.651,0.111,438.5,0.3009
ST037,2017-08-11,0.0,19.12,0.656,0.651,0.111,438.5,0.0818
ST037,2017-08-18,13.99,19.02,0.62,0.651,0.111,438.5,0.1101
ST037,2017-08-25,0.0,21.05,0.598,0.651,0.111,438.5,0.033
ST037,2017-09-01,23.68,16.95,0.56,0.651,0.111,438.5,0.1482
ST037,2017-09-08,0.0,17.29,0.573,0.651,0.111,438.5,0.0269
ST037,2017-09-15,0.0,12.87,0.584,0.651,0.111,438.5,0.02
ST037,2017-09-22,0.0,16.62,0.52,0.651,0.111,438.5,0.0406
ST037,2017-09-29,0.0,13.7,0.506,0.651,0.111,438.5,0.02
ST037,2017-10-06,0.0,7.98,0.506,0.651,0.111,438.5,0.02
ST037,2017-10-13,7.69,14.58,0.447,0.651,0.111,438.5,0.0446
ST037,2017-10-20,0.0,11.27,0.421,0.651,0.111,438.5,0.02
ST037,2017-10-27,0.0,7.9,0.441,0.651,0.111,438.5,0.0326
ST037,2017-11-03,0.0,7.43,0.375,0.651,0.111,438.5,0.0452
ST037,2017-11-10,0.0,10.29,0.348,0.651,0.111,438.5,0.0263
ST037,2017-11-17,0.0,3.41,0.263,0.651,0.111,438.5,0.0414
ST037,2017-11-24,0.0,3.39,0.297,0.651,0.111,438.5,0.037
ST037,2017-12-01,0.0,-0.36,0.249,0.651,0.111,438.5,0.032
ST037,2017-12-08,0.0,1.05,0.262,0.651,0.111,438.5,0.0343
ST037,2017-12-15,0.0,-3.12,0.194,0.651,0.111,438.5,0.028
ST037,2017-12-22,0.0,3.41,0.143,0.651,0.111,438.5,0.038
ST037,2017-12-29,0.0,-0.94,0.19,0.651,0.111,438.5,0.1057
ST037,2018-01-05,0.0,-1.52,0.152,0.651,0.111,438.5,0.0476
ST037,2018-01-12,0.0,1.4,0.13,0.651,0.111,438.5,0.0371
ST037,2018-01-19,0.0,2.89,0.136,0.651,0.111,438.5,0.0231
ST037,2018-01-26,0.0,-2.12,0.05,0.651,0.111,438.5,0.0361
ST037,2018-02-02,0.0,1.96,0.05,0.651,0.111,438.5,0.0483
ST037,2018-02-09,0.0,0.58,0.079,0.651,0.111,438.5,0.0349
ST037,2018-02-16,0.0,4.82,0.091,0.651,0.111,438.5,0.2023
ST037,2018-02-23,0.0,-0.59,0.103,0.651,0.111,438.5,0.1227
ST037,2018-03-02,0.24,4.8,0.085,0.651,0.111,438.5,0.0605
ST037,2018-03-09,0.0,-0.92,0.105,0.651,0.111,438.5,0.054
ST037,2018-03-16,22.16,0.95,0.062,0.651,0.111,438.5,0.2398
ST037,2018-03-23,0.0,5.96,0.159,0.651,0.111,438.5,0.0736
ST037,2018-03-30,17.77,9.16,0.149,0.651,0.111,438.5,0.153
ST037,2018-04-06,0.0,9.94,0.237,0.651,0.111,438.5,0.0817
ST037,2018-04-13,0.0,10.8,0.189,0.651,0.111,438.5,0.0881
ST037,2018-04-20,3.57,10.22,0.272,0.651,0.111,438.5,0.1138
ST037,2018-04-27,4.69,10.58,0.256,0.651,0.111,438.5,0.0404
ST037,2018-05-04,1.6,14.72,0.368,0.651,0.111,438.5,0.0426
ST037,2018-05-11,0.0,19.92,0.366,0.651,0.111,438.5,0.195
ST037,2018-05-18,0.0,12.01,0.391,0.651,0.111,438.5,0.1305
ST037,2018-05-25,5.45,15.36,0.392,0.651,0.111,438.5,0.0787
ST037,2018-06-01,104.19,11.85,0.481,0.651,0.111,438.5,0.3826
ST037,2018-06-08,14.28,18.13,0.471,0.651,0.111,438.5,0.2996
ST037,2018-06-15,0.0,21.83,0.475,0.651,0.111,438.5,0.2338
ST037,2018-06-22,0.0,24.5,0.481,0.651,0.111,438.5,0.1
ST037,2018-06-29,0.0,20.25,0.531,0.651,0.111,438.5,0.1105
ST037,2018-07-06,3.45,21.04,0.63,0.651,0.111,438.5,0.0422
ST037,2018-07-13,0.0,24.01,0.568,0.651,0.111,438.5,0.0332
ST037,2018-07-20,0.0,20.29,0.595,0.651,0.111,438.5,0.0276
ST037,2018-07-27,0.0,21.57,0.614,0.651,0.111,438.5,0.1241
ST037,2018-08-03,0.0,21.71,0.622,0.651,0.111,438.5,0.02
ST037,2018-08-10,0.0,20.05,0.637,0.651,0.111,438.5,0.02
ST037,2018-08-17,0.0,15.46,0.582,0.651,0.111,438.5,0.0245
ST037,2018-08-24,0.0,15.28,0.612,0.651,0.111,438.5,0.0299
ST037,2018-08-31,0.0,18.42,0.603,0.651,0.111,438.5,0.0402
ST037,2018-09-07,0.0,19.28,0.604,0.651,0.111,438.5,0.0398
ST037,2018-09-14,0.0,19.16,0.496,0.651,0.111,438.5,0.03
ST037,2018-09-21,9.91,15.41,0.575,0.651,0.111,438.5,0.0707
ST037,2018-09-28,0.0,12.17,0.516,0.651,0.111,438.5,0.0226
ST037,2018-10-05,0.0,17.27,0.464,0.651,0.111,438.5,0.0281
ST037,2018-10-12,0.0,12.45,0.486,0.651,0.111,438.5,0.0244
ST037,2018-10-19,0.0,12.93,0.427,0.651,0.111,438.5,0.0502
ST037,2018-10-26,0.0,8.83,0.378,0.651,0.111,438.5,0.0419
ST037,2018-11-02,0.0,2.48,0.331,0.651,0.111,438.5,0.0397
ST037,2018-11-09,0.0,2.88,0.311,0.651,0.111,438.5,0.0505
ST037,2018-11-16,0.0,3.07,0.299,0.651,0.111,438.5,0.0298
ST037,2018-11-23,0.0,5.43,0.305,0.651,0.111,438.5,0.0408
ST037,2018-11-30,0.0,0.29,0.21,0.651,0.111,438.5,0.0244
ST037,2018-12-07,0.0,2.71,0.214,0.651,0.111,438.5,0.0262
ST037,2018-12-14,0.0,1.33,0.202,0.651,0.111,438.5,0.065
ST037,2018-12-21,0.0,4.18,0.195,0.651,0.111,438.5,0.0302
ST037,2018-12-28,0.0,-2.52,0.15,0.651,0.111,438.5,0.0831
ST037,2019-01-04,0.0,1.53,0.134,0.651,0.111,438.5,0.0522
ST037,2019-01-11,0.0,-1.95,0.144,0.651,0.111,438.5,0.0284
ST037,2019-01-18,13.32,1.81,0.084,0.651,0.111,438.5,0.0843
ST037,2019-01-25,0.0,0.15,0.076,0.651,0.111,438.5,0.0403
ST037,2019-02-01,0.0,-1.14,0.058,0.651,0.111,438.5,0.0837
ST037,2019-02-08,0.0,-1.18,0.069,0.651,0.111,438.5,0.0477
ST037,2019-02-15,0.0,-0.15,0.059,0.651,0.111,438.5,0.0268
ST037,2019-02-22,9.32,5.28,0.05,0.651,0.111,438.5,0.0648
ST037,2019-03-01,0.0,0.84,0.114,0.651,0.111,438.5,0.0454
ST037,2019-03-08,0.0,6.68,0.083,0.651,0.111,438.5,0.1008
ST037,2019-03-15,0.0,6.26,0.074,0.651,0.111,438.5,0.0801
ST037,2019-03-22,8.13,6.37,0.175,0.651,0.111,438.5,0.1193
ST037,2019-03-29,0.0,3.59,0.155,0.651,0.111,438.5,0.038
ST037,2019-04-05,25.38,7.96,0.173,0.651,0.111,438.5,0.1636
ST037,2019-04-12,0.0,11.78,0.232,0.651,0.111,438.5,0.0811
ST037,2019-04-19,0.0,11.26,0.284,0.651,0.111,438.5,0.093
ST037,2019-04-26,0.89,14.01,0.263,0.651,0.111,438.5,0.1178
ST037,2019-05-03,23.03,10.88,0.368,0.651,0.111,438.5,0.2774
ST037,2019-05-10,0.0,16.2,0.369,0.651,0.111,438.5,0.1338
ST037,2019-05-17,0.0,11.89,0.39,0.651,0.111,438.5,0.1087
ST037,2019-05-24,0.0,16.45,0.373,0.651,0.111,438.5,0.07
ST037,2019-05-31,24.42,18.41,0.433,0.651,0.111,438.5,0.3239
ST037,2019-06-07,0.0,20.51,0.524,0.651,0.111,438.5,0.1823
ST037,2019-06-14,54.83,19.16,0.523,0.651,0.111,438.5,0.2981
ST037,2019-06-21,4.98,18.25,0.527,0.651,0.111,438.5,0.1761
ST037,2019-06-28,0.0,23.73,0.567,0.651,0.111,438.5,0.139
ST037,2019-07-05,0.68,19.45,0.599,0.651,0.111,438.5,0.1208
ST037,2019-07-12,0.0,19.99,0.633,0.651,0.111,438.5,0.2333
ST037,2019-07-19,0.0,21.83,0.629,0.651,0.111,438.5,0.1807
ST037,2019-07-26,14.23,18.53,0.613,0.651,0.111,438.5,0.098
ST037,2019-08-02,0.0,19.56,0.624,0.651,0.111,438.5,0.0214
ST037,2019-08-09,0.0,24.53,0.616,0.651,0.111,438.5,0.02
ST037,2019-08-16,0.0,15.67,0.622,0.651,0.111,438.5,0.092
ST037,2019-08-23,0.0,17.93,0.549,0.651,0.111,438.5,0.0505
ST037,2019-08-30,8.5,15.42,0.632,0.651,0.111,438.5,0.0539
ST037,2019-09-06,0.0,12.68,0.552,0.651,0.111,438.5,0.0356
ST037,2019-09-13,0.0,16.76,0.567,0.651,0.111,438.5,0.053
ST037,2019-09-20,0.0,11.4,0.585,0.651,0.111,438.5,0.0344
ST037,2019-09-27,0.0,10.78,0.552,0.651,0.111,438.5,0.0223
ST037,2019-10-04,0.0,13.86,0.523,0.651,0.111,438.5,0.0284
ST037,2019-10-11,0.0,9.51,0.49,0.651,0.111,438.5,0.02
ST037,2019-10-18,0.0,8.48,0.376,0.651,0.111,438.5,0.0442
ST037,2019-10-25,0.0,13.33,0.445,0.651,0.111,438.5,0.0377
ST037,2019-11-01,41.66,7.46,0.437,0.651,0.111,438.5,0.2302
ST037,2019-11-08,0.0,5.24,0.312,0.651,0.111,438.5,0.1616
ST037,2019-11-15,0.0,7.17,0.261,0.651,0.111,438.5,0.1316
ST037,2019-11-22,0.0,-0.6,0.326,0.651,0.111,438.5,0.0366
ST037,2019-11-29,0.0,0.83,0.231,0.651,0.111,438.5,0.02
ST037,2019-12-06,0.0,3.83,0.237,0.651,0.111,438.5,0.0234
ST037,2019-12-13,0.0,-0.01,0.246,0.651,0.111,438.5,0.0844
ST037,2019-12-20,0.0,2.08,0.119,0.651,0.111,438.5,0.038
ST037,2019-12-27,0.0,-0.1,0.179,0.651,0.111,438.5,0.0259
ST037,2020-01-03,0.0,0.54,0.056,0.651,0.111,438.5,0.0296
ST037,2020-01-10,0.0,0.03,0.056,0.651,0.111,438.5,0.0547
ST037,2020-01-17,22.7,-3.32,0.086,0.651,0.111,438.5,0.1612
ST037,2020-01-24,0.0,-3.24,0.05,0.651,0.111,438.5,0.0842
ST037,2020-01-31,0.0,2.67,0.05,0.651,0.111,438.5,0.0505
ST037,2020-02-07,0.0,0.26,0.056,0.651,0.111,438.5,0.0366
ST037,2020-02-14,0.0,4.71,0.07,0.651,0.111,438.5,0.02
ST037,2020-02-21,0.0,2.12,0.05,0.651,0.111,438.5,0.0255
ST037,2020-02-28,0.0,-3.04,0.088,0.651,0.111,438.5,0.0617
ST037,2020-03-06,0.0,5.14,0.143,0.651,0.111,438.5,0.0243
ST037,2020-03-13,7.91,4.46,0.089,0.651,0.111,438.5,0.0883
ST037,2020-03-20,0.0,3.09,0.139,0.651,0.111,438.5,0.0766
ST037,2020-03-27,9.43,5.51,0.176,0.651,0.111,438.5,0.1099
ST037,2020-04-03,0.0,12.12,0.148,0.651,0.111,438.5,0.1526
ST037,2020-04-10,0.0,7.27,0.223,0.651,0.111,438.5,0.0774
ST037,2020-04-17,11.31,9.94,0.253,0.651,0.111,438.5,0.2239
ST037,2020-04-24,0.0,12.6,0.248,0.651,0.111,438.5,0.176
ST037,2020-05-01,0.0,13.27,0.309,0.651,0.111,438.5,0.1083
ST037,2020-05-08,0.0,19.59,0.369,0.651,0.111,438.5,0.1562
ST037,2020-05-15,3.74,16.68,0.352,0.651,0.111,438.5,0.0539
ST037,2020-05-22,3.61,15.27,0.454,0.651,0.111,438.5,0.1458
ST037,2020-05-29,0.0,18.59,0.457,0.651,0.111,438.5,0.1191
ST037,2020-06-05,0.0,20.61,0.489,0.651,0.111,438.5,0.1569
ST037,2020-06-12,7.59,16.18,0.492,0.651,0.111,438.5,0.2605
ST037,2020-06-19,0.0,21.78,0.542,0.651,0.111,438.5,0.0663
ST037,2020-06-26,0.0,20.88,0.523,0.651,0.111,438.5,0.2282
ST037,2020-07-03,0.0,19.18,0.592,0.651,0.111,438.5,0.1424
ST037,2020-07-10,9.86,19.44,0.576,0.651,0.111,438.5,0.0976
ST037,2020-07-17,6.04,23.44,0.579,0.651,0.111,438.5,0.0756
ST037,2020-07-24,0.0,19.84,0.6,0.651,0.111,438.5,0.0267
ST037,2020-07-31,0.0,19.31,0.657,0.651,0.111,438.5,0.0494
ST037,2020-08-07,0.0,20.51,0.625,0.651,0.111,438.5,0.0449
ST037,2020-08-14,0.0,17.15,0.625,0.651,0.111,438.5,0.0269
ST037,2020-08-21,0.92,16.0,0.624,0.651,0.111,438.5,0.0438
ST037,2020-08-28,0.0,18.39,0.605,0.651,0.111,438.5,0.0351
ST037,2020-09-04,4.4,14.42,0.634,0.651,0.111,438.5,0.0316
ST037,2020-09-11,0.0,15.99,0.577,0.651,0.111,438.5,0.0479
ST037,2020-09-18,0.0,16.0,0.566,0.651,0.111,438.5,0.0353
ST037,2020-09-25,0.0,13.31,0.58,0.651,0.111,438.5,0.0242
ST037,2020-10-02,0.37,9.9,0.608,0.651,0.111,438.5,0.0317
ST037,2020-10-09,0.0,10.84,0.493,0.651,0.111,438.5,0.0323
ST037,2020-10-16,0.0,11.8,0.45,0.651,0.111,438.5,0.0391
ST037,2020-10-23,0.0,7.01,0.432,0.651,0.111,438.5,0.0439
ST037,2020-10-30,0.0,10.96,0.356,0.651,0.111,438.5,0.0307
ST037,2020-11-06,12.67,3.81,0.344,0.651,0.111,438.5,0.0708
ST037,2020-11-13,0.0,1.25,0.395,0.651,0.111,438.5,0.0451
ST037,2020-11-20,0.0,5.88,0.258,0.651,0.111,438.5,0.0224
ST037,2020-11-27,0.0,6.03,0.322,0.651,0.111,438.5,0.0451
ST037,2020-12-04,0.0,2.8,0.248,0.651,0.111,438.5,0.02
ST037,2020-12-11,0.0,-0.29,0.163,0.651,0.111,438.5,0.0336
ST037,2020-12-18,0.0,1.65,0.184,0.651,0.111,438.5,0.0226
ST037,2020-12-25,0.0,-2.63,0.155,0.651,0.111,438.5,0.0307
ST038,2016-01-01,0.0,2.25,0.129,0.258,0.335,204.2,0.2464
ST038,2016-01-08,0.0,-0.53,0.089,0.258,0.335,204.2,0.1684
ST038,2016-01-15,0.0,-4.04,0.124,0.258,0.335,204.2,0.1175
ST038,2016-01-22,0.0,1.24,0.05,0.258,0.335,204.2,0.0796
ST038,2016-01-29,0.0,-1.11,0.069,0.258,0.335,204.2,0.056
ST038,2016-02-05,0.0,2.97,0.088,0.258,0.335,204.2,0.0717
ST038,2016-02-12,29.09,2.98,0.05,0.258,0.335,204.2,0.2036
ST038,2016-02-19,0.0,-1.79,0.092,0.258,0.335,204.2,0.1552
ST038,2016-02-26,0.0,2.93,0.063,0.258,0.335,204.2,0.1153
ST038,2016-03-04,0.0,7.21,0.085,0.258,0.335,204.2,0.0772
ST038,2016-03-11,4.86,4.87,0.143,0.258,0.335,204.2,0.0639
ST038,2016-03-18,0.0,7.19,0.139,0.258,0.335,204.2,0.1217
ST038,2016-03-25,0.0,11.69,0.181,0.258,0.335,204.2,0.1525
ST038,2016-04-01,18.34,12.67,0.121,0.258,0.335,204.2,0.1711
ST038,2016-04-08,0.0,9.29,0.187,0.258,0.335,204.2,0.0795
ST038,2016-04-15,0.0,11.04,0.224,0.258,0.335,204.2,0.0569
ST038,2016-04-22,0.0,12.21,0.298,0.258,0.335,204.2,0.127
ST038,2016-04-29,47.67,15.26,0.291,0.258,0.335,204.2,0.304
ST038,2016-05-06,68.19,17.22,0.324,0.258,0.335,204.2,0.3636
ST038,2016-05-13,9.08,19.83,0.365,0.258,0.335,204.2,0.2272
ST038,2016-05-20,0.0,16.26,0.414,0.258,0.335,204.2,0.2645
ST038,2016-05-27,0.0,22.04,0.448,0.258,0.335,204.2,0.2927
ST038,2016-06-03,0.0,24.32,0.499,0.258,0.335,204.2,0.2494
ST038,2016-06-10,0.0,20.63,0.559,0.258,0.335,204.2,0.3052
ST038,2016-06-17,4.98,24.9,0.575,0.258,0.335,204.2,0.1947
ST038,2016-06-24,0.0,20.75,0.538,0.258,0.335,204.2,0.198
ST038,2016-07-01,5.52,27.46,0.61,0.258,0.335,204.2,0.1913
ST038,2016-07-08,0.0,24.46,0.591,0.258,0.335,204.2,0.0732
ST038,2016-07-15,0.0,23.6,0.645,0.258,0.335,204.2,0.0525
ST038,2016-07-22,0.0,22.43,0.62,0.258,0.335,204.2,0.128
ST038,2016-07-29,5.78,23.04,0.661,0.258,0.335,204.2,0.0767
ST038,2016-08-05,21.41,21.49,0.629,0.258,0.335,204.2,0.1402
ST038,2016-08-12,0.0,20.64,0.66,0.258,0.335,204.2,0.0629
ST038,2016-08-19,0.0,21.81,0.631,0.258,0.335,204.2,0.0602
ST038,2016-08-26,0.0,18.6,0.566,0.258,0.335,204.2,0.0712
ST038,2016-09-02,0.0,21.56,0.622,0.258,0.335,204.2,0.0413
ST038,2016-09-09,0.0,19.02,0.619,0.258,0.335,204.2,0.0537
ST038,2016-09-16,0.0,17.37,0.584,0.258,0.335,204.2,0.0513
ST038,2016-09-23,0.0,14.18,0.609,0.258,0.335,204.2,0.0328
ST038,2016-09-30,0.0,14.04,0.56,0.258,0.335,204.2,0.0609
ST038,2016-10-07,0.0,14.51,0.542,0.258,0.335,204.2,0.0649
ST038,2016-10-14,0.0,13.41,0.491,0.258,0.335,204.2,0.0433
ST038,2016-10-21,0.0,12.49,0.397,0.258,0.335,204.2,0.0471
ST038,2016-10-28,0.0,9.59,0.357,0.258,0.335,204.2,0.0782
ST038,2016-11-04,0.0,8.14,0.371,0.258,0.335,204.2,0.0566
ST038,2016-11-11,4.72,7.07,0.34,0.258,0.335,204.2,0.0716
ST038,2016-11-18,0.0,12.11,0.296,0.258,0.335,204.2,0.0501
ST038,2016-11-25,0.0,5.46,0.251,0.258,0.335,204.2,0.0492
ST038,2016-12-02,0.0,4.34,0.263,0.258,0.335,204.2,0.1155
ST038,2016-12-09,0.0,3.79,0.242,0.258,0.335,204.2,0.0809
ST038,2016-12-16,0.0,1.62,0.163,0.258,0.335,204.2,0.0828
ST038,2016-12-23,0.0,3.04,0.117,0.258,0.335,204.2,0.0587
ST038,2016-12-30,0.0,0.23,0.106,0.258,0.335,204.2,0.0596
ST038,2017-01-06,0.0,-0.85,0.127,0.258,0.335,204.2,0.098
ST038,2017-01-13,0.0,0.7,0.13,0.258,0.335,204.2,0.0644
ST038,2017-01-20,0.0,4.18,0.065,0.258,0.335,204.2,0.0497
ST038,2017-01-27,0.0,6.94,0.079,0.258,0.335,204.2,0.0591
ST038,2017-02-03,0.0,1.12,0.123,0.258,0.335,204.2,0.0474
ST038,2017-02-10,0.0,3.09,0.096,0.258,0.335,204.2,0.0687
ST038,2017-02-17,0.0,2.06,0.053,0.258,0.335,204.2,0.0805
ST038,2017-02-24,0.0,2.87,0.073,0.258,0.335,204.2,0.049
ST038,2017-03-03,0.0,1.58,0.145,0.258,0.335,204.2,0.06
ST038,2017-03-10,0.0,6.58,0.116,0.258,0.335,204.2,0.0643
ST038,2017-03-17,15.81,7.29,0.092,0.258,0.335,204.2,0.157
ST038,2017-03-24,1.41,4.81,0.146,0.258,0.335,204.2,0.1664
ST038,2017-03-31,0.0,10.19,0.172,0.258,0.335,204.2,0.09
ST038,2017-04-07,2.91,10.76,0.162,0.258,0.335,204.2,0.2112
ST038,2017-04-14,0.0,16.18,0.268,0.258,0.335,204.2,0.2134
ST038,2017-04-21,0.0,15.12,0.244,0.258,0.335,204.2,0.1278
ST038,2017-04-28,13.5,15.12,0.27,0.258,0.335,204.2,0.3354
ST038,2017-05-05,0.0,14.75,0.286,0.258,0.335,204.2,0.2195
ST038,2017-05-12,0.0,12.83,0.353,0.258,0.335,204.2,0.1085
ST038,2017-05-19,0.0,17.05,0.362,0.258,0.335,204.2,0.0564
ST038,2017-05-26,0.0,23.38,0.42,0.258,0.335,204.2,0.0583
ST038,2017-06-02,0.0,21.14,0.437,0.258,0.335,204.2,0.1137
ST038,2017-06-09,0.0,24.78,0.524,0.258,0.335,204.2,0.0592
ST038,2017-06-16,18.07,21.58,0.549,0.258,0.335,204.2,0.1414
ST038,2017-06-23,0.0,21.7,0.589,0.258,0.335,204.2,0.1663
ST038,2017-06-30,0.0,25.25,0.565,0.258,0.335,204.2,0.2494
ST038,2017-07-07,0.0,23.39,0.583,0.258,0.335,204.2,0.0718
ST038,2017-07-14,0.0,25.87,0.63,0.258,0.335,204.2,0.0468
ST038,2017-07-21,10.18,21.85,0.611,0.258,0.335,204.2,0.0954
ST038,2017-07-28,0.0,21.69,0.633,0.258,0.335,204.2,0.0682
ST038,2017-08-04,17.17,26.46,0.647,0.258,0.335,204.2,0.0985
ST038,2017-08-11,0.0,21.51,0.641,0.258,0.335,204.2,0.0531
ST038,2017-08-18,0.0,20.84,0.609,0.258,0.335,204.2,0.0724
ST038,2017-08-25,0.0,16.05,0.628,0.258,0.335,204.2,0.0938
ST038,2017-09-01,0.0,18.32,0.676,0.258,0.335,204.2,0.0688
ST038,2017-09-08,0.0,21.36,0.566,0.258,0.335,204.2,0.0492
ST038,2017-09-15,0.0,16.43,0.6,0.258,0.335,204.2,0.0608
ST038,2017-09-22,0.0,20.78,0.541,0.258,0.335,204.2,0.0492
ST038,2017-09-29,0.0,17.98,0.514,0.258,0.335,204.2,0.0587
ST038,2017-10-06,0.0,15.52,0.478,0.258,0.335,204.2,0.0636
ST038,2017-10-13,0.0,11.2,0.507,0.258,0.335,204.2,0.0572
ST038,2017-10-20,0.0,7.38,0.44,0.258,0.335,204.2,0.053
ST038,2017-10-27,0.0,5.51,0.42,0.258,0.335,204.2,0.0501
ST038,2017-11-03,0.0,11.38,0.365,0.258,0.335,204.2,0.0442
ST038,2017-11-10,15.09,4.49,0.342,0.258,0.335,204.2,0.1519
ST038,2017-11-17,0.0,5.49,0.28,0.258,0.335,204.2,0.0814
ST038,2017-11-24,0.0,0.02,0.311,0.258,0.335,204.2,0.0612
ST038,2017-12-01,0.0,7.31,0.223,0.258,0.335,204.2,0.0451
ST038,2017-12-08,0.0,7.39,0.182,0.258,0.335,204.2,0.0484
ST038,2017-12-15,0.0,3.3,0.165,0.258,0.335,204.2,0.0534
ST038,2017-12-22,0.0,2.23,0.159,0.258,0.335,204.2,0.1019
ST038,2017-12-29,0.0,1.54,0.157,0.258,0.335,204.2,0.0587
ST038,2018-01-05,0.0,1.65,0.091,0.258,0.335,204.2,0.0828
ST038,2018-01-12,0.0,-0.46,0.051,0.258,0.335,204.2,0.0628
ST038,2018-01-19,0.0,0.2,0.05,0.258,0.335,204.2,0.0863
ST038,2018-01-26,0.0,4.45,0.05,0.258,0.335,204.2,0.0903
ST038,2018-02-02,0.0,3.61,0.082,0.258,0.335,204.2,0.0527
ST038,2018-02-09,0.0,-0.76,0.09,0.258,0.335,204.2,0.1168
ST038,2018-02-16,0.0,4.98,0.078,0.258,0.335,204.2,0.082
ST038,2018-02-23,0.0,0.06,0.108,0.258,0.335,204.2,0.0511
ST038,2018-03-02,0.0,6.16,0.05,0.258,0.335,204.2,0.0531
ST038,2018-03-09,10.44,6.86,0.067,0.258,0.335,204.2,0.094
ST038,2018-03-16,0.8,6.86,0.05,0.258,0.335,204.2,0.1106
ST038,2018-03-23,0.0,5.57,0.188,0.258,0.335,204.2,0.0702
ST038,2018-03-30,0.0,8.37,0.134,0.258,0.335,204.2,0.1604
ST038,2018-04-06,0.0,11.81,0.194,0.258,0.335,204.2,0.1185
ST038,2018-04-13,0.0,10.07,0.231,0.258,0.335,204.2,0.0832
ST038,2018-04-20,0.0,8.31,0.245,0.258,0.335,204.2,0.1198
ST038,2018-04-27,29.62,16.34,0.286,0.258,0.335,204.2,0.3165
ST038,2018-05-04,0.0,15.04,0.314,0.258,0.335,204.2,0.1777
ST038,2018-05-11,0.0,16.76,0.35,0.258,0.335,204.2,0.1804
ST038,2018-05-18,0.0,18.39,0.418,0.258,0.335,204.2,0.2407
ST038,2018-05-25,11.86,14.75,0.423,0.258,0.335,204.2,0.2449
ST038,2018-06-01,0.44,20.25,0.402,0.258,0.335,204.2,0.1832
ST038,2018-06-08,4.92,22.07,0.449,0.258,0.335,204.2,0.2268
ST038,2018-06-15,6.91,23.95,0.532,0.258,0.335,204.2,0.4488
ST038,2018-06-22,0.0,21.53,0.541,0.258,0.335,204.2,0.4317
ST038,2018-06-29,10.86,23.79,0.556,0.258,0.335,204.2,0.2722
ST038,2018-07-06,0.0,24.12,0.649,0.258,0.335,204.2,0.1586
ST038,2018-07-13,2.67,22.23,0.651,0.258,0.335,204.2,0.0521
ST038,2018-07-20,0.0,24.36,0.621,0.258,0.335,204.2,0.0624
ST038,2018-07-27,0.0,23.69,0.618,0.258,0.335,204.2,0.1393
ST038,2018-08-03,0.0,24.26,0.605,0.258,0.335,204.2,0.2702
ST038,2018-08-10,0.0,21.86,0.571,0.258,0.335,204.2,0.099
ST038,2018-08-17,0.0,21.69,0.635,0.258,0.335,204.2,0.0864
ST038,2018-08-24,0.0,17.81,0.66,0.258,0.335,204.2,0.0739
ST038,2018-08-31,0.0,17.51,0.643,0.258,0.335,204.2,0.0563
ST038,2018-09-07,0.0,19.06,0.521,0.258,0.335,204.2,0.0476
ST038,2018-09-14,0.0,18.28,0.631,0.258,0.335,204.2,0.038
ST038,2018-09-21,0.0,13.39,0.553,0.258,0.335,204.2,0.0945
ST038,2018-09-28,0.0,16.54,0.534,0.258,0.335,204.2,0.0581
ST038,2018-10-05,0.0,13.79,0.486,0.258,0.335,204.2,0.0694
ST038,2018-10-12,0.0,13.45,0.514,0.258,0.335,204.2,0.0521
ST038,2018-10-19,0.0,9.44,0.45,0.258,0.335,204.2,0.1056
ST038,2018-10-26,9.7,10.15,0.398,0.258,0.335,204.2,0.0853
ST038,2018-11-02,0.0,11.3,0.359,0.258,0.335,204.2,0.0764
ST038,2018-11-09,0.0,9.23,0.375,0.258,0.335,204.2,0.0512
ST038,2018-11-16,0.0,7.73,0.326,0.258,0.335,204.2,0.079
ST038,2018-11-23,0.0,6.5,0.261,0.258,0.335,204.2,0.0549
ST038,2018-11-30,0.0,0.41,0.213,0.258,0.335,204.2,0.0484
ST038,2018-12-07,0.0,3.86,0.238,0.258,0.335,204.2,0.0456
ST038,2018-12-14,0.0,0.99,0.148,0.258,0.335,204.2,0.119
ST038,2018-12-21,0.0,1.42,0.098,0.258,0.335,204.2,0.08
ST038,2018-12-28,0.0,3.08,0.144,0.258,0.335,204.2,0.0612
ST038,2019-01-04,0.0,1.75,0.07,0.258,0.335,204.2,0.0746
ST038,2019-01-11,8.27,0.52,0.066,0.258,0.335,204.2,0.108
ST038,2019-01-18,0.0,0.31,0.091,0.258,0.335,204.2,0.0934
ST038,2019-01-25,0.0,2.37,0.097,0.258,0.335,204.2,0.0705
ST038,2019-02-01,0.0,-1.23,0.05,0.258,0.335,204.2,0.0791
ST038,2019-02-08,0.0,-3.07,0.09,0.258,0.335,204.2,0.0651
ST038,2019-02-15,0.0,5.68,0.073,0.258,0.335,204.2,0.0538
ST038,2019-02-22,0.0,3.4,0.098,0.258,0.335,204.2,0.0363
ST038,2019-03-01,0.0,4.78,0.094,0.258,0.335,204.2,0.1942
ST038,2019-03-08,0.0,5.95,0.095,0.258,0.335,204.2,0.1507
ST038,2019-03-15,0.0,3.1,0.112,0.258,0.335,204.2,0.1006
ST038,2019-03-22,0.0,7.8,0.092,0.258,0.335,204.2,0.1116
ST038,2019-03-29,29.61,10.34,0.146,0.258,0.335,204.2,0.2091
ST038,2019-04-05,23.98,11.68,0.204,0.258,0.335,204.2,0.2564
ST038,2019-04-12,0.0,11.46,0.224,0.258,0.335,204.2,0.1389
ST038,2019-04-19,5.59,11.21,0.242,0.258,0.335,204.2,0.1295
ST038,2019-04-26,0.0,15.69,0.279,0.258,0.335,204.2,0.1154
ST038,2019-05-03,0.0,13.8,0.282,0.258,0.335,204.2,0.1022
ST038,2019-05-10,20.03,13.61,0.373,0.258,0.335,204.2,0.1458
ST038,2019-05-17,36.6,19.2,0.407,0.258,0.335,204.2,0.3914
ST038,2019-05-24,0.0,14.97,0.396,0.258,0.335,204.2,0.1618
ST038,2019-05-31,2.5,16.84,0.436,0.258,0.335,204.2,0.1243
ST038,2019-06-07,13.49,17.77,0.511,0.258,0.335,204.2,0.1051
ST038,2019-06-14,20.82,21.7,0.495,0.258,0.335,204.2,0.2831
ST038,2019-06-21,0.0,20.39,0.466,0.258,0.335,204.2,0.3541
ST038,2019-06-28,0.0,20.68,0.577,0.258,0.335,204.2,0.3203
ST038,2019-07-05,5.17,23.52,0.552,0.258,0.335,204.2,0.1602
ST038,2019-07-12,0.0,27.34,0.6,0.258,0.335,204.2,0.0561
ST038,2019-07-19,0.0,20.12,0.582,0.258,0.335,204.2,0.0627
ST038,2019-07-26,0.0,22.64,0.617,0.258,0.335,204.2,0.057
ST038,2019-08-02,0.0,20.29,0.632,0.258,0.335,204.2,0.0472
ST038,2019-08-09,0.0,24.54,0.618,0.258,0.335,204.2,0.0503
ST038,2019-08-16,6.02,25.23,0.634,0.258,0.335,204.2,0.148
ST038,2019-08-23,0.0,17.71,0.632,0.258,0.335,204.2,0.1081
ST038,2019-08-30,0.0,22.43,0.645,0.258,0.335,204.2,0.1236
ST038,2019-09-06,0.0,15.92,0.592,0.258,0.335,204.2,0.0725
ST038,2019-09-13,0.0,14.78,0.637,0.258,0.335,204.2,0.0586
ST038,2019-09-20,0.0,15.53,0.526,0.258,0.335,204.2,0.0597
ST038,2019-09-27,0.0,16.52,0.58,0.258,0.335,204.2,0.0696
ST038,2019-10-04,0.0,13.27,0.504,0.258,0.335,204.2,0.0702
ST038,2019-10-11,0.0,11.81,0.477,0.258,0.335,204.2,0.0388
ST038,2019-10-18,0.0,11.47,0.506,0.258,0.335,204.2,0.0641
ST038,2019-10-25,16.67,8.04,0.409,0.258,0.335,204.2,0.1301
ST038,2019-11-01,0.0,5.43,0.433,0.258,0.335,204.2,0.0853
ST038,2019-11-08,14.08,9.2,0.379,0.258,0.335,204.2,0.1015
ST038,2019-11-15,0.0,9.52,0.32,0.258,0.335,204.2,0.0553
ST038,2019-11-22,0.0,5.52,0.271,0.258,0.335,204.2,0.0506
ST038,2019-11-29,0.0,6.44,0.274,0.258,0.335,204.2,0.057
ST038,2019-12-06,0.0,4.25,0.216,0.258,0.335,204.2,0.0503
ST038,2019-12-13,0.0,1.1,0.168,0.258,0.335,204.2,0.0636
ST038,2019-12-20,0.0,4.73,0.125,0.258,0.335,204.2,0.0615
ST038,2019-12-27,0.0,1.15,0.112,0.258,0.335,204.2,0.0707
ST038,2020-01-03,0.0,-0.43,0.131,0.258,0.335,204.2,0.0491
ST038,2020-01-10,0.0,0.22,0.063,0.258,0.335,204.2,0.0519
ST038,2020-01-17,0.0,-0.2,0.087,0.258,0.335,204.2,0.085
ST038,2020-01-24,0.0,2.83,0.075,0.258,0.335,204.2,0.0689
ST038,2020-01-31,0.0,1.54,0.086,0.258,0.335,204.2,0.0813
ST038,2020-02-07,0.0,-0.39,0.05,0.258,0.335,204.2,0.0623
ST038,2020-02-14,3.71,-1.11,0.066,0.258,0.335,204.2,0.0707
ST038,2020-02-21,3.39,3.97,0.074,0.258,0.335,204.2,0.1506
ST038,2020-02-28,4.36,1.31,0.098,0.258,0.335,204.2,0.2065
ST038,2020-03-06,0.0,3.67,0.062,0.258,0.335,204.2,0.1366
ST038,2020-03-13,6.72,8.87,0.113,0.258,0.335,204.2,0.1237
ST038,2020-03-20,0.0,7.73,0.127,0.258,0.335,204.2,0.099
ST038,2020-03-27,20.21,8.99,0.136,0.258,0.335,204.2,0.3231
ST038,2020-04-03,0.0,7.65,0.199,0.258,0.335,204.2,0.1375
ST038,2020-04-10,0.0,10.31,0.181,0.258,0.335,204.2,0.0975
ST038,2020-04-17,0.0,9.9,0.276,0.258,0.335,204.2,0.0598
ST038,2020-04-24,0.0,12.2,0.27,0.258,0.335,204.2,0.0763
ST038,2020-05-01,23.11,11.8,0.289,0.258,0.335,204.2,0.1722
ST038,2020-05-08,0.0,13.87,0.359,0.258,0.335,204.2,0.3162
ST038,2020-05-15,42.08,14.21,0.374,0.258,0.335,204.2,0.3427
ST038,2020-05-22,0.0,17.83,0.428,0.258,0.335,204.2,0.2053
ST038,2020-05-29,2.58,19.95,0.43,0.258,0.335,204.2,0.1521
ST038,2020-06-05,35.32,24.15,0.419,0.258,0.335,204.2,0.4383
ST038,2020-06-12,21.81,17.72,0.59,0.258,0.335,204.2,0.3002
ST038,2020-06-19,0.0,21.47,0.501,0.258,0.335,204.2,0.1997
ST038,2020-06-26,0.0,26.3,0.561,0.258,0.335,204.2,0.2449
ST038,2020-07-03,0.0,22.9,0.574,0.258,0.335,204.2,0.2035
ST038,2020-07-10,2.9,21.29,0.623,0.258,0.335,204.2,0.0606
ST038,2020-07-17,3.5,23.68,0.601,0.258,0.335,204.2,0.0584
ST038,2020-07-24,0.0,24.15,0.629,0.258,0.335,204.2,0.0539
ST038,2020-07-31,0.0,21.33,0.649,0.258,0.335,204.2,0.1522
ST038,2020-08-07,0.0,21.56,0.677,0.258,0.335,204.2,0.2806
ST038,2020-08-14,11.31,21.79,0.618,0.258,0.335,204.2,0.1586
ST038,2020-08-21,0.0,20.56,0.621,0.258,0.335,204.2,0.0571
ST038,2020-08-28,0.0,20.57,0.58,0.258,0.335,204.2,0.0614
ST038,2020-09-04,0.0,17.97,0.658,0.258,0.335,204.2,0.0512
ST038,2020-09-11,0.0,19.74,0.594,0.258,0.335,204.2,0.0591
ST038,2020-09-18,0.0,19.68,0.598,0.258,0.335,204.2,0.0394
ST038,2020-09-25,0.0,19.39,0.582,0.258,0.335,204.2,0.0487
ST038,2020-10-02,0.0,12.09,0.547,0.258,0.335,204.2,0.0594
ST038,2020-10-09,0.0,13.88,0.483,0.258,0.335,204.2,0.1118
ST038,2020-10-16,0.0,13.76,0.511,0.258,0.335,204.2,0.0542
ST038,2020-10-23,0.0,9.59,0.425,0.258,0.335,204.2,0.0616
ST038,2020-10-30,0.0,9.11,0.377,0.258,0.335,204.2,0.0576
ST038,2020-11-06,0.0,10.22,0.326,0.258,0.335,204.2,0.0605
ST038,2020-11-13,0.0,4.77,0.306,0.258,0.335,204.2,0.065
ST038,2020-11-20,0.0,2.32,0.3,0.258,0.335,204.2,0.0566
ST038,2020-11-27,0.0,2.24,0.232,0.258,0.335,204.2,0.0488
ST038,2020-12-04,0.0,2.48,0.222,0.258,0.335,204.2,0.0581
ST038,2020-12-11,0.0,2.83,0.223,0.258,0.335,204.2,0.0743
ST038,2020-12-18,0.0,-1.22,0.088,0.258,0.335,204.2,0.048
ST038,2020-12-25,0.0,1.75,0.134,0.258,0.335,204.2,0.0801
ST039,2016-01-01,0.0,-10.19,0.161,0.659,0.134,1262.6,0.2006
ST039,2016-01-08,0.0,-8.54,0.172,0.659,0.134,1262.6,0.0853
ST039,2016-01-15,0.0,-5.45,0.171,0.659,0.134,1262.6,0.0511
ST039,2016-01-22,0.0,-8.35,0.075,0.659,0.134,1262.6,0.0429
ST039,2016-01-29,0.0,-5.05,0.109,0.659,0.134,1262.6,0.03
ST039,2016-02-05,0.0,-8.94,0.052,0.659,0.134,1262.6,0.1037
ST039,2016-02-12,0.0,-7.13,0.125,0.659,0.134,1262.6,0.0618
ST039,2016-02-19,9.34,-4.12,0.102,0.659,0.134,1262.6,0.0917
ST039,2016-02-26,0.0,-5.47,0.104,0.659,0.134,1262.6,0.0547
ST039,2016-03-04,0.0,-5.53,0.172,0.659,0.134,1262.6,0.0397
ST039,2016-03-11,0.0,-2.54,0.193,0.659,0.134,1262.6,0.0405
ST039,2016-03-18,0.0,-3.19,0.163,0.659,0.134,1262.6,0.0673
ST039,2016-03-25,0.0,-1.3,0.204,0.659,0.134,1262.6,0.0502
ST039,2016-04-01,0.0,2.56,0.218,0.659,0.134,1262.6,0.1287
ST039,2016-04-08,0.0,5.37,0.238,0.659,0.134,1262.6,0.1129
ST039,2016-04-15,39.53,5.26,0.327,0.659,0.134,1262.6,0.4067
ST039,2016-04-22,0.0,4.74,0.294,0.659,0.134,1262.6,0.2046
ST039,2016-04-29,0.59,10.06,0.315,0.659,0.134,1262.6,0.0981
ST039,2016-05-06,0.24,7.81,0.325,0.659,0.134,1262.6,0.1247
ST039,2016-05-13,0.0,11.44,0.432,0.659,0.134,1262.6,0.1423
ST039,2016-05-20,0.0,9.96,0.37,0.659,0.134,1262.6,0.1266
ST039,2016-05-27,53.17,12.74,0.441,0.659,0.134,1262.6,0.3608
ST039,2016-06-03,16.79,14.09,0.441,0.659,0.134,1262.6,0.202
ST039,2016-06-10,10.05,10.57,0.46,0.659,0.134,1262.6,0.3102
ST039,2016-06-17,0.0,11.88,0.518,0.659,0.134,1262.6,0.144
ST039,2016-06-24,0.0,15.49,0.521,0.659,0.134,1262.6,0.051
ST039,2016-07-01,0.0,16.4,0.565,0.659,0.134,1262.6,0.0476
ST039,2016-07-08,0.0,16.47,0.564,0.659,0.134,1262.6,0.0247
ST039,2016-07-15,0.0,15.04,0.573,0.659,0.134,1262.6,0.0473
ST039,2016-07-22,0.0,16.69,0.612,0.659,0.134,1262.6,0.052
ST039,2016-07-29,0.0,16.19,0.541,0.659,0.134,1262.6,0.0379
ST039,2016-08-05,0.0,18.45,0.605,0.659,0.134,1262.6,0.1576
ST039,2016-08-12,0.0,14.14,0.584,0.659,0.134,1262.6,0.0355
ST039,2016-08-19,0.0,14.62,0.589,0.659,0.134,1262.6,0.0387
ST039,2016-08-26,0.0,15.59,0.558,0.659,0.134,1262.6,0.0338
ST039,2016-09-02,0.0,13.25,0.567,0.659,0.134,1262.6,0.1816
ST039,2016-09-09,0.0,9.27,0.551,0.659,0.134,1262.6,0.0261
ST039,2016-09-16,0.0,12.11,0.489,0.659,0.134,1262.6,0.0368
ST039,2016-09-23,0.0,8.93,0.56,0.659,0.134,1262.6,0.021
ST039,2016-09-30,0.0,7.31,0.489,0.659,0.134,1262.6,0.0292
ST039,2016-10-07,0.0,7.37,0.423,0.659,0.134,1262.6,0.0389
ST039,2016-10-14,0.06,6.76,0.426,0.659,0.134,1262.6,0.1194
ST039,2016-10-21,0.0,3.41,0.35,0.659,0.134,1262.6,0.0526
ST039,2016-10-28,0.0,2.7,0.428,0.659,0.134,1262.6,0.0305
ST039,2016-11-04,0.0,0.92,0.347,0.659,0.134,1262.6,0.0277
ST039,2016-11-11,0.0,-0.47,0.304,0.659,0.134,1262.6,0.0318
ST039,2016-11-18,0.0,1.86,0.303,0.659,0.134,1262.6,0.0375
ST039,2016-11-25,0.0,-5.38,0.284,0.659,0.134,1262.6,0.0361
ST039,2016-12-02,0.0,-5.39,0.266,0.659,0.134,1262.6,0.0507
ST039,2016-12-09,0.0,-2.69,0.253,0.659,0.134,1262.6,0.1304
ST039,2016-12-16,0.0,-7.28,0.179,0.659,0.134,1262.6,0.0699
ST039,2016-12-23,0.0,-6.37,0.156,0.659,0.134,1262.6,0.0509
ST039,2016-12-30,0.0,-6.2,0.146,0.659,0.134,1262.6,0.0614
ST039,2017-01-06,0.0,-6.27,0.111,0.659,0.134,1262.6,0.057
ST039,2017-01-13,0.0,-3.62,0.112,0.659,0.134,1262.6,0.028
ST039,2017-01-20,0.0,-5.0,0.14,0.659,0.134,1262.6,0.033
ST039,2017-01-27,0.0,-3.4,0.056,0.659,0.134,1262.6,0.0342
ST039,2017-02-03,0.0,-7.65,0.094,0.659,0.134,1262.6,0.034
ST039,2017-02-10,0.0,-6.19,0.118,0.659,0.134,1262.6,0.042
ST039,2017-02-17,0.0,-5.61,0.098,0.659,0.134,1262.6,0.0326
ST039,2017-02-24,0.0,-5.12,0.111,0.659,0.134,1262.6,0.1553
ST039,2017-03-03,0.0,-4.59,0.127,0.659,0.134,1262.6,0.0839
ST039,2017-03-10,0.0,-0.17,0.125,0.659,0.134,1262.6,0.0809
ST039,2017-03-17,0.0,1.26,0.117,0.659,0.134,1262.6,0.058
ST039,2017-03-24,0.0,0.54,0.196,0.659,0.134,1262.6,0.1208
ST039,2017-03-31,0.0,3.81,0.174,0.659,0.134,1262.6,0.216
ST039,2017-04-07,1.97,0.75,0.234,0.659,0.134,1262.6,0.091
ST039,2017-04-14,0.0,5.75,0.233,0.659,0.134,1262.6,0.1209
ST039,2017-04-21,31.66,9.21,0.297,0.659,0.134,1262.6,0.1699
ST039,2017-04-28,10.5,4.68,0.309,0.659,0.134,1262.6,0.1419
ST039,2017-05-05,58.02,5.54,0.324,0.659,0.134,1262.6,0.3582
ST039,2017-05-12,25.05,11.5,0.339,0.659,0.134,1262.6,0.3071
ST039,2017-05-19,0.13,11.42,0.353,0.659,0.134,1262.6,0.2738
ST039,2017-05-26,7.01,12.96,0.38,0.659,0.134,1262.6,0.3037
ST039,2017-06-02,6.43,13.66,0.395,0.659,0.134,1262.6,0.2113
ST039,2017-06-09,0.0,16.4,0.465,0.659,0.134,1262.6,0.133
ST039,2017-06-16,0.0,15.47,0.502,0.659,0.134,1262.6,0.2121
ST039,2017-06-23,0.0,14.43,0.568,0.659,0.134,1262.6,0.0552
ST039,2017-06-30,27.86,19.66,0.52,0.659,0.134,1262.6,0.2148
ST039,2017-07-07,1.77,14.83,0.525,0.659,0.134,1262.6,0.1885
ST039,2017-07-14,22.73,16.19,0.494,0.659,0.134,1262.6,0.2239
ST039,2017-07-21,0.0,14.11,0.547,0.659,0.134,1262.6,0.02
ST039,2017-07-28,0.14,14.84,0.625,0.659,0.134,1262.6,0.0732
ST039,2017-08-04,0.0,15.17,0.548,0.659,0.134,1262.6,0.0603
ST039,2017-08-11,5.44,12.17,0.587,0.659,0.134,1262.6,0.0567
ST039,2017-08-18,0.0,15.3,0.566,0.659,0.134,1262.6,0.0244
ST039,2017-08-25,0.0,14.66,0.578,0.659,0.134,1262.6,0.02
ST039,2017-09-01,0.0,11.34,0.535,0.659,0.134,1262.6,0.0624
ST039,2017-09-08,0.0,8.65,0.565,0.659,0.134,1262.6,0.0603
ST039,2017-09-15,0.0,12.17,0.568,0.659,0.134,1262.6,0.0305
ST039,2017-09-22,0.0,8.58,0.539,0.659,0.134,1262.6,0.0356
ST039,2017-09-29,0.0,5.87,0.486,0.659,0.134,1262.6,0.0363
ST039,2017-10-06,0.0,6.69,0.468,0.659,0.134,1262.6,0.0707
ST039,2017-10-13,0.0,4.32,0.459,0.659,0.134,1262.6,0.0284
ST039,2017-10-20,0.0,3.96,0.413,0.659,0.134,1262.6,0.0249
ST039,2017-10-27,0.0,-0.01,0.341,0.659,0.134,1262.6,0.0368
ST039,2017-11-03,0.0,2.23,0.419,0.659,0.134,1262.6,0.0456
ST039,2017-11-10,0.0,1.71,0.328,0.659,0.134,1262.6,0.0431
ST039,2017-11-17,0.0,0.48,0.352,0.659,0.134,1262.6,0.0362
ST039,2017-11-24,0.0,-1.32,0.28,0.659,0.134,1262.6,0.0321
ST039,2017-12-01,0.0,-4.34,0.275,0.659,0.134,1262.6,0.0343
ST039,2017-12-08,0.0,-9.71,0.216,0.659,0.134,1262.6,0.1425
ST039,2017-12-15,0.0,-2.69,0.167,0.659,0.134,1262.6,0.0633
ST039,2017-12-22,0.0,-3.89,0.14,0.659,0.134,1262.6,0.0446
ST039,2017-12-29,0.0,-11.89,0.116,0.659,0.134,1262.6,0.0471
ST039,2018-01-05,0.0,-6.49,0.151,0.659,0.134,1262.6,0.0695
ST039,2018-01-12,0.0,-4.09,0.159,0.659,0.134,1262.6,0.0567
ST039,2018-01-19,4.62,-7.01,0.117,0.659,0.134,1262.6,0.091
ST039,2018-01-26,0.0,-5.85,0.128,0.659,0.134,1262.6,0.0549
ST039,2018-02-02,4.4,-7.2,0.158,0.659,0.134,1262.6,0.0616
ST039,2018-02-09,8.63,-4.17,0.124,0.659,0.134,1262.6,0.1189
ST039,2018-02-16,3.58,-3.61,0.141,0.659,0.134,1262.6,0.075
ST039,2018-02-23,0.0,-4.61,0.124,0.659,0.134,1262.6,0.1267
ST039,2018-03-02,2.5,0.69,0.119,0.659,0.134,1262.6,0.0574
ST039,2018-03-09,0.0,-3.62,0.179,0.659,0.134,1262.6,0.1625
ST039,2018-03-16,8.09,-2.92,0.16,0.659,0.134,1262.6,0.2082
ST039,2018-03-23,0.0,-0.33,0.155,0.659,0.134,1262.6,0.0929
ST039,2018-03-30,0.0,0.88,0.177,0.659,0.134,1262.6,0.0579
ST039,2018-04-06,0.0,3.21,0.169,0.659,0.134,1262.6,0.0328
ST039,2018-04-13,0.0,2.98,0.271,0.659,0.134,1262.6,0.0381
ST039,2018-04-20,0.0,7.0,0.287,0.659,0.134,1262.6,0.1339
ST039,2018-04-27,0.0,6.71,0.263,0.659,0.134,1262.6,0.3065
ST039,2018-05-04,13.67,13.58,0.361,0.659,0.134,1262.6,0.3574
ST039,2018-05-11,0.0,11.64,0.365,0.659,0.134,1262.6,0.1082
ST039,2018-05-18,3.86,12.87,0.426,0.659,0.134,1262.6,0.28
ST039,2018-05-25,0.0,6.45,0.413,0.659,0.134,1262.6,0.2122
ST039,2018-06-01,0.0,13.87,0.382,0.659,0.134,1262.6,0.1555
ST039,2018-06-08,31.81,11.64,0.421,0.659,0.134,1262.6,0.2581
ST039,2018-06-15,59.28,14.72,0.498,0.659,0.134,1262.6,0.3539
ST039,2018-06-22,17.97,21.36,0.501,0.659,0.134,1262.6,0.2458
ST039,2018-06-29,17.07,13.54,0.534,0.659,0.134,1262.6,0.1897
ST039,2018-07-06,13.23,11.3,0.541,0.659,0.134,1262.6,0.1424
ST039,2018-07-13,0.0,17.53,0.594,0.659,0.134,1262.6,0.0635
ST039,2018-07-20,0.0,15.32,0.594,0.659,0.134,1262.6,0.0344
ST039,2018-07-27,1.08,12.67,0.56,0.659,0.134,1262.6,0.02
ST039,2018-08-03,0.0,14.63,0.573,0.659,0.134,1262.6,0.0349
ST039,2018-08-10,0.0,13.54,0.513,0.659,0.134,1262.6,0.0419
ST039,2018-08-17,0.0,13.98,0.552,0.659,0.134,1262.6,0.0659
ST039,2018-08-24,0.0,12.58,0.646,0.659,0.134,1262.6,0.0334
ST039,2018-08-31,0.0,10.78,0.556,0.659,0.134,1262.6,0.0521
ST039,2018-09-07,0.0,11.7,0.547,0.659,0.134,1262.6,0.052
ST039,2018-09-14,0.0,9.64,0.554,0.659,0.134,1262.6,0.0411
ST039,2018-09-21,0.0,11.04,0.51,0.659,0.134,1262.6,0.0292
ST039,2018-09-28,0.0,7.71,0.524,0.659,0.134,1262.6,0.0279
ST039,2018-10-05,0.0,6.24,0.454,0.659,0.134,1262.6,0.0372
ST039,2018-10-12,0.0,3.31,0.462,0.659,0.134,1262.6,0.0342
ST039,2018-10-19,0.0,6.8,0.444,0.659,0.134,1262.6,0.0334
ST039,2018-10-26,0.0,4.06,0.381,0.659,0.134,1262.6,0.1071
ST039,2018-11-02,0.0,0.12,0.419,0.659,0.134,1262.6,0.0359
ST039,2018-11-09,0.0,2.46,0.365,0.659,0.134,1262.6,0.0388
ST039,2018-11-16,0.0,0.59,0.287,0.659,0.134,1262.6,0.0275
ST039,2018-11-23,0.0,-4.61,0.343,0.659,0.134,1262.6,0.0465
ST039,2018-11-30,0.0,-3.82,0.289,0.659,0.134,1262.6,0.0462
ST039,2018-12-07,0.0,-6.46,0.229,0.659,0.134,1262.6,0.0317
ST039,2018-12-14,0.0,-6.38,0.198,0.659,0.134,1262.6,0.0314
ST039,2018-12-21,0.0,-6.56,0.187,0.659,0.134,1262.6,0.0332
ST039,2018-12-28,0.0,-3.79,0.162,0.659,0.134,1262.6,0.0404
ST039,2019-01-04,0.0,-4.27,0.19,0.659,0.134,1262.6,0.0414
ST039,2019-01-11,0.0,-3.02,0.127,0.659,0.134,1262.6,0.1022
ST039,2019-01-18,0.0,-6.65,0.139,0.659,0.134,1262.6,0.0639
ST039,2019-01-25,0.0,-6.6,0.164,0.659,0.134,1262.6,0.08
ST039,2019-02-01,0.0,-3.64,0.123,0.659,0.134,1262.6,0.0439
ST039,2019-02-08,12.33,-6.33,0.127,0.659,0.134,1262.6,0.0994
ST039,2019-02-15,1.85,-6.59,0.145,0.659,0.134,1262.6,0.0968
ST039,2019-02-22,0.0,-4.97,0.135,0.659,0.134,1262.6,0.0843
ST039,2019-03-01,0.0,-4.14,0.112,0.659,0.134,1262.6,0.0457
ST039,2019-03-08,0.0,-2.18,0.117,0.659,0.134,1262.6,0.0424
ST039,2019-03-15,0.0,-0.02,0.154,0.659,0.134,1262.6,0.02
ST039,2019-03-22,33.56,0.92,0.224,0.659,0.134,1262.6,0.218
ST039,2019-03-29,0.0,5.08,0.249,0.659,0.134,1262.6,0.2285
ST039,2019-04-05,0.0,-1.08,0.241,0.659,0.134,1262.6,0.1636
ST039,2019-04-12,3.27,5.83,0.244,0.659,0.134,1262.6,0.2249
ST039,2019-04-19,20.3,5.72,0.308,0.659,0.134,1262.6,0.2348
ST039,2019-04-26,0.0,5.72,0.245,0.659,0.134,1262.6,0.1103
ST039,2019-05-03,0.0,13.21,0.317,0.659,0.134,1262.6,0.238
ST039,2019-05-10,0.0,9.18,0.365,0.659,0.134,1262.6,0.3121
ST039,2019-05-17,0.0,11.38,0.37,0.659,0.134,1262.6,0.1937
ST039,2019-05-24,0.0,12.08,0.458,0.659,0.134,1262.6,0.1155
ST039,2019-05-31,3.99,13.39,0.435,0.659,0.134,1262.6,0.0817
ST039,2019-06-07,6.45,14.31,0.458,0.659,0.134,1262.6,0.0705
ST039,2019-06-14,0.0,16.18,0.483,0.659,0.134,1262.6,0.3286
ST039,2019-06-21,0.0,12.19,0.483,0.659,0.134,1262.6,0.1044
ST039,2019-06-28,0.0,14.42,0.555,0.659,0.134,1262.6,0.0495
ST039,2019-07-05,0.0,14.73,0.507,0.659,0.134,1262.6,0.2291
ST039,2019-07-12,0.0,14.59,0.573,0.659,0.134,1262.6,0.2196
ST039,2019-07-19,0.0,18.81,0.6,0.659,0.134,1262.6,0.0851
ST039,2019-07-26,23.89,18.51,0.555,0.659,0.134,1262.6,0.1576
ST039,2019-08-02,0.0,18.42,0.583,0.659,0.134,1262.6,0.2138
ST039,2019-08-09,0.0,10.22,0.538,0.659,0.134,1262.6,0.0729
ST039,2019-08-16,9.37,9.85,0.561,0.659,0.134,1262.6,0.0895
ST039,2019-08-23,0.0,12.15,0.61,0.659,0.134,1262.6,0.0771
ST039,2019-08-30,0.0,12.84,0.587,0.659,0.134,1262.6,0.0368
ST039,2019-09-06,1.06,8.58,0.598,0.659,0.134,1262.6,0.0308
ST039,2019-09-13,0.0,10.7,0.528,0.659,0.134,1262.6,0.0497
ST039,2019-09-20,16.29,12.25,0.502,0.659,0.134,1262.6,0.0992
ST039,2019-09-27,0.0,8.66,0.559,0.659,0.134,1262.6,0.0584
ST039,2019-10-04,0.0,5.88,0.53,0.659,0.134,1262.6,0.0443
ST039,2019-10-11,0.0,6.89,0.485,0.659,0.134,1262.6,0.0321
ST039,2019-10-18,0.0,6.11,0.419,0.659,0.134,1262.6,0.0299
ST039,2019-10-25,0.0,2.28,0.419,0.659,0.134,1262.6,0.0586
ST039,2019-11-01,0.0,3.07,0.413,0.659,0.134,1262.6,0.039
ST039,2019-11-08,0.0,2.09,0.333,0.659,0.134,1262.6,0.0428
ST039,2019-11-15,0.0,1.55,0.337,0.659,0.134,1262.6,0.0299
ST039,2019-11-22,25.23,-2.38,0.293,0.659,0.134,1262.6,0.1591
ST039,2019-11-29,0.0,-0.66,0.251,0.659,0.134,1262.6,0.0641
ST039,2019-12-06,24.12,-5.42,0.211,0.659,0.134,1262.6,0.1746
ST039,2019-12-13,0.0,-2.41,0.232,0.659,0.134,1262.6,0.065
ST039,2019-12-20,0.0,-2.41,0.203,0.659,0.134,1262.6,0.0509
ST039,2019-12-27,0.0,-5.49,0.172,0.659,0.134,1262.6,0.0312
ST039,2020-01-03,0.0,-7.88,0.177,0.659,0.134,1262.6,0.0809
ST039,2020-01-10,0.0,-8.43,0.104,0.659,0.134,1262.6,0.0408
ST039,2020-01-17,0.0,-3.84,0.088,0.659,0.134,1262.6,0.1083
ST039,2020-01-24,22.64,-5.68,0.094,0.659,0.134,1262.6,0.1816
ST039,2020-01-31,14.15,-2.13,0.088,0.659,0.134,1262.6,0.1322
ST039,2020-02-07,0.0,-5.05,0.135,0.659,0.134,1262.6,0.063
ST039,2020-02-14,0.0,-2.57,0.077,0.659,0.134,1262.6,0.0797
ST039,2020-02-21,10.91,-2.53,0.126,0.659,0.134,1262.6,0.0961
ST039,2020-02-28,0.0,-3.11,0.144,0.659,0.134,1262.6,0.1316
ST039,2020-03-06,0.0,-2.12,0.109,0.659,0.134,1262.6,0.1126
ST039,2020-03-13,0.0,-1.31,0.156,0.659,0.134,1262.6,0.1309
ST039,2020-03-20,0.0,3.61,0.186,0.659,0.134,1262.6,0.0978
ST039,2020-03-27,4.56,4.46,0.198,0.659,0.134,1262.6,0.1059
ST039,2020-04-03,23.28,5.2,0.203,0.659,0.134,1262.6,0.2035
ST039,2020-04-10,3.19,6.39,0.213,0.659,0.134,1262.6,0.1242
ST039,2020-04-17,0.0,3.79,0.272,0.659,0.134,1262.6,0.0541
ST039,2020-04-24,0.0,11.32,0.293,0.659,0.134,1262.6,0.1551
ST039,2020-05-01,0.0,8.15,0.37,0.659,0.134,1262.6,0.1359
ST039,2020-05-08,0.0,8.72,0.413,0.659,0.134,1262.6,0.296
ST039,2020-05-15,0.0,8.17,0.386,0.659,0.134,1262.6,0.1266
ST039,2020-05-22,0.0,12.35,0.384,0.659,0.134,1262.6,0.0354
ST039,2020-05-29,27.18,11.93,0.395,0.659,0.134,1262.6,0.1647
ST039,2020-06-05,0.0,16.27,0.46,0.659,0.134,1262.6,0.2549
ST039,2020-06-12,0.0,11.27,0.485,0.659,0.134,1262.6,0.1442
ST039,2020-06-19,0.0,16.63,0.501,0.659,0.134,1262.6,0.0352
ST039,2020-06-26,0.0,13.39,0.491,0.659,0.134,1262.6,0.2485
ST039,2020-07-03,0.0,12.09,0.513,0.659,0.134,1262.6,0.106
ST039,2020-07-10,0.0,15.14,0.55,0.659,0.134,1262.6,0.0626
ST039,2020-07-17,0.0,16.08,0.554,0.659,0.134,1262.6,0.0745
ST039,2020-07-24,0.0,16.36,0.523,0.659,0.134,1262.6,0.2837
ST039,2020-07-31,0.0,20.56,0.576,0.659,0.134,1262.6,0.0405
ST039,2020-08-07,0.0,10.24,0.552,0.659,0.134,1262.6,0.0254
ST039,2020-08-14,0.0,11.01,0.584,0.659,0.134,1262.6,0.1213
ST039,2020-08-21,0.0,11.35,0.579,0.659,0.134,1262.6,0.1848
ST039,2020-08-28,0.0,11.36,0.586,0.659,0.134,1262.6,0.0925
ST039,2020-09-04,0.0,13.61,0.53,0.659,0.134,1262.6,0.0362
ST039,2020-09-11,0.0,12.42,0.518,0.659,0.134,1262.6,0.0563
ST039,2020-09-18,0.0,9.89,0.535,0.659,0.134,1262.6,0.0396
ST039,2020-09-25,0.0,7.93,0.525,0.659,0.134,1262.6,0.0322
ST039,2020-10-02,0.0,6.87,0.485,0.659,0.134,1262.6,0.0394
ST039,2020-10-09,0.0,2.3,0.467,0.659,0.134,1262.6,0.0283
ST039,2020-10-16,0.0,7.7,0.437,0.659,0.134,1262.6,0.0344
ST039,2020-10-23,0.0,4.4,0.444,0.659,0.134,1262.6,0.0572
ST039,2020-10-30,0.0,-0.39,0.394,0.659,0.134,1262.6,0.0764
ST039,2020-11-06,0.0,1.97,0.404,0.659,0.134,1262.6,0.0602
ST039,2020-11-13,0.0,-3.53,0.285,0.659,0.134,1262.6,0.0548
ST039,2020-11-20,0.0,-2.04,0.286,0.659,0.134,1262.6,0.131
ST039,2020-11-27,0.0,-3.33,0.277,0.659,0.134,1262.6,0.0567
ST039,2020-12-04,0.0,-5.53,0.24,0.659,0.134,1262.6,0.0493
ST039,2020-12-11,0.0,-5.69,0.142,0.659,0.134,1262.6,0.0403
ST039,2020-12-18,0.0,-9.83,0.276,0.659,0.134,1262.6,0.0322
ST039,2020-12-25,0.0,-9.92,0.186,0.659,0.134,1262.6,0.04
